  0
SECTION
  2
HEADER
  9
$ACADVER
  1
AC1032
  9
$ACADMAINTVER
 90
4
  9
$DWGCODEPAGE
  3
ANSI_1252
  9
$LASTSAVEDBY
  1
ezdxf
  9
$REQUIREDVERSIONS
160
0
  9
$INSBASE
 10
0.0
 20
0.0
 30
0.0
  9
$EXTMIN
 10
1e+20
 20
1e+20
 30
1e+20
  9
$EXTMAX
 10
-1e+20
 20
-1e+20
 30
-1e+20
  9
$LIMMIN
 10
0.0
 20
0.0
  9
$LIMMAX
 10
420.0
 20
297.0
  9
$ORTHOMODE
 70
0
  9
$REGENMODE
 70
1
  9
$FILLMODE
 70
1
  9
$QTEXTMODE
 70
0
  9
$MIRRTEXT
 70
1
  9
$LTSCALE
 40
1.0
  9
$ATTMODE
 70
1
  9
$TEXTSIZE
 40
2.5
  9
$TRACEWID
 40
1.0
  9
$TEXTSTYLE
  7
Standard
  9
$CLAYER
  8
0
  9
$CELTYPE
  6
ByLayer
  9
$CECOLOR
 62
256
  9
$CELTSCALE
 40
1.0
  9
$DISPSILH
 70
0
  9
$DIMSCALE
 40
1.0
  9
$DIMASZ
 40
2.5
  9
$DIMEXO
 40
0.625
  9
$DIMDLI
 40
3.75
  9
$DIMRND
 40
0.0
  9
$DIMDLE
 40
0.0
  9
$DIMEXE
 40
1.25
  9
$DIMTP
 40
0.0
  9
$DIMTM
 40
0.0
  9
$DIMTXT
 40
2.5
  9
$DIMCEN
 40
2.5
  9
$DIMTSZ
 40
0.0
  9
$DIMTOL
 70
0
  9
$DIMLIM
 70
0
  9
$DIMTIH
 70
0
  9
$DIMTOH
 70
0
  9
$DIMSE1
 70
0
  9
$DIMSE2
 70
0
  9
$DIMTAD
 70
1
  9
$DIMZIN
 70
8
  9
$DIMBLK
  1

  9
$DIMASO
 70
1
  9
$DIMSHO
 70
1
  9
$DIMPOST
  1

  9
$DIMAPOST
  1

  9
$DIMALT
 70
0
  9
$DIMALTD
 70
3
  9
$DIMALTF
 40
0.03937007874
  9
$DIMLFAC
 40
1.0
  9
$DIMTOFL
 70
1
  9
$DIMTVP
 40
0.0
  9
$DIMTIX
 70
0
  9
$DIMSOXD
 70
0
  9
$DIMSAH
 70
0
  9
$DIMBLK1
  1

  9
$DIMBLK2
  1

  9
$DIMSTYLE
  2
ISO-25
  9
$DIMCLRD
 70
0
  9
$DIMCLRE
 70
0
  9
$DIMCLRT
 70
0
  9
$DIMTFAC
 40
1.0
  9
$DIMGAP
 40
0.625
  9
$DIMJUST
 70
0
  9
$DIMSD1
 70
0
  9
$DIMSD2
 70
0
  9
$DIMTOLJ
 70
0
  9
$DIMTZIN
 70
8
  9
$DIMALTZ
 70
0
  9
$DIMALTTZ
 70
0
  9
$DIMUPT
 70
0
  9
$DIMDEC
 70
2
  9
$DIMTDEC
 70
2
  9
$DIMALTU
 70
2
  9
$DIMALTTD
 70
3
  9
$DIMTXSTY
  7
Standard
  9
$DIMAUNIT
 70
0
  9
$DIMADEC
 70
0
  9
$DIMALTRND
 40
0.0
  9
$DIMAZIN
 70
0
  9
$DIMDSEP
 70
44
  9
$DIMATFIT
 70
3
  9
$DIMFRAC
 70
0
  9
$DIMLDRBLK
  1

  9
$DIMLUNIT
 70
2
  9
$DIMLWD
 70
-2
  9
$DIMLWE
 70
-2
  9
$DIMTMOVE
 70
0
  9
$DIMFXL
 40
1.0
  9
$DIMFXLON
 70
0
  9
$DIMJOGANG
 40
0.785398163397
  9
$DIMTFILL
 70
0
  9
$DIMTFILLCLR
 70
0
  9
$DIMARCSYM
 70
0
  9
$DIMLTYPE
  6

  9
$DIMLTEX1
  6

  9
$DIMLTEX2
  6

  9
$DIMTXTDIRECTION
 70
0
  9
$LUNITS
 70
2
  9
$LUPREC
 70
4
  9
$SKETCHINC
 40
1.0
  9
$FILLETRAD
 40
10.0
  9
$AUNITS
 70
0
  9
$AUPREC
 70
2
  9
$MENU
  1
.
  9
$ELEVATION
 40
0.0
  9
$PELEVATION
 40
0.0
  9
$THICKNESS
 40
0.0
  9
$LIMCHECK
 70
0
  9
$CHAMFERA
 40
0.0
  9
$CHAMFERB
 40
0.0
  9
$CHAMFERC
 40
0.0
  9
$CHAMFERD
 40
0.0
  9
$SKPOLY
 70
0
  9
$TDCREATE
 40
2461274.3052314813
  9
$TDUCREATE
 40
2458532.153996898
  9
$TDUPDATE
 40
2461274.3052430553
  9
$TDUUPDATE
 40
2458532.1544311
  9
$TDINDWG
 40
0.0
  9
$TDUSRTIMER
 40
0.0
  9
$USRTIMER
 70
1
  9
$ANGBASE
 50
0.0
  9
$ANGDIR
 70
0
  9
$PDMODE
 70
0
  9
$PDSIZE
 40
0.0
  9
$PLINEWID
 40
0.0
  9
$SPLFRAME
 70
0
  9
$SPLINETYPE
 70
6
  9
$SPLINESEGS
 70
8
  9
$HANDSEED
  5
7FE
  9
$SURFTAB1
 70
6
  9
$SURFTAB2
 70
6
  9
$SURFTYPE
 70
6
  9
$SURFU
 70
6
  9
$SURFV
 70
6
  9
$UCSBASE
  2

  9
$UCSNAME
  2

  9
$UCSORG
 10
0.0
 20
0.0
 30
0.0
  9
$UCSXDIR
 10
1.0
 20
0.0
 30
0.0
  9
$UCSYDIR
 10
0.0
 20
1.0
 30
0.0
  9
$UCSORTHOREF
  2

  9
$UCSORTHOVIEW
 70
0
  9
$UCSORGTOP
 10
0.0
 20
0.0
 30
0.0
  9
$UCSORGBOTTOM
 10
0.0
 20
0.0
 30
0.0
  9
$UCSORGLEFT
 10
0.0
 20
0.0
 30
0.0
  9
$UCSORGRIGHT
 10
0.0
 20
0.0
 30
0.0
  9
$UCSORGFRONT
 10
0.0
 20
0.0
 30
0.0
  9
$UCSORGBACK
 10
0.0
 20
0.0
 30
0.0
  9
$PUCSBASE
  2

  9
$PUCSNAME
  2

  9
$PUCSORG
 10
0.0
 20
0.0
 30
0.0
  9
$PUCSXDIR
 10
1.0
 20
0.0
 30
0.0
  9
$PUCSYDIR
 10
0.0
 20
1.0
 30
0.0
  9
$PUCSORTHOREF
  2

  9
$PUCSORTHOVIEW
 70
0
  9
$PUCSORGTOP
 10
0.0
 20
0.0
 30
0.0
  9
$PUCSORGBOTTOM
 10
0.0
 20
0.0
 30
0.0
  9
$PUCSORGLEFT
 10
0.0
 20
0.0
 30
0.0
  9
$PUCSORGRIGHT
 10
0.0
 20
0.0
 30
0.0
  9
$PUCSORGFRONT
 10
0.0
 20
0.0
 30
0.0
  9
$PUCSORGBACK
 10
0.0
 20
0.0
 30
0.0
  9
$USERI1
 70
0
  9
$USERI2
 70
0
  9
$USERI3
 70
0
  9
$USERI4
 70
0
  9
$USERI5
 70
0
  9
$USERR1
 40
0.0
  9
$USERR2
 40
0.0
  9
$USERR3
 40
0.0
  9
$USERR4
 40
0.0
  9
$USERR5
 40
0.0
  9
$WORLDVIEW
 70
1
  9
$SHADEDGE
 70
3
  9
$SHADEDIF
 70
70
  9
$TILEMODE
 70
1
  9
$MAXACTVP
 70
64
  9
$PINSBASE
 10
0.0
 20
0.0
 30
0.0
  9
$PLIMCHECK
 70
0
  9
$PEXTMIN
 10
1e+20
 20
1e+20
 30
1e+20
  9
$PEXTMAX
 10
-1e+20
 20
-1e+20
 30
-1e+20
  9
$PLIMMIN
 10
0.0
 20
0.0
  9
$PLIMMAX
 10
420.0
 20
297.0
  9
$UNITMODE
 70
0
  9
$VISRETAIN
 70
1
  9
$PLINEGEN
 70
0
  9
$PSLTSCALE
 70
1
  9
$TREEDEPTH
 70
3020
  9
$CMLSTYLE
  2
Standard
  9
$CMLJUST
 70
0
  9
$CMLSCALE
 40
20.0
  9
$PROXYGRAPHICS
 70
1
  9
$MEASUREMENT
 70
1
  9
$CELWEIGHT
370
-1
  9
$ENDCAPS
280
0
  9
$JOINSTYLE
280
0
  9
$LWDISPLAY
290
0
  9
$INSUNITS
 70
6
  9
$HYPERLINKBASE
  1

  9
$STYLESHEET
  1

  9
$XEDIT
290
1
  9
$CEPSNTYPE
380
0
  9
$PSTYLEMODE
290
1
  9
$FINGERPRINTGUID
  2
{D60E315E-0063-40EC-AB3D-556067D986CA}
  9
$VERSIONGUID
  2
{6165BA78-1940-4F0C-A2BF-A3A0D3F04C8F}
  9
$EXTNAMES
290
1
  9
$PSVPSCALE
 40
0.0
  9
$OLESTARTUP
290
0
  9
$SORTENTS
280
127
  9
$INDEXCTL
280
0
  9
$HIDETEXT
280
1
  9
$XCLIPFRAME
280
1
  9
$HALOGAP
280
0
  9
$OBSCOLOR
 70
257
  9
$OBSLTYPE
280
0
  9
$INTERSECTIONDISPLAY
280
0
  9
$INTERSECTIONCOLOR
 70
257
  9
$DIMASSOC
280
2
  9
$PROJECTNAME
  1

  9
$CAMERADISPLAY
290
0
  9
$LENSLENGTH
 40
50.0
  9
$CAMERAHEIGHT
 40
0.0
  9
$STEPSPERSEC
 40
24.0
  9
$STEPSIZE
 40
100.0
  9
$3DDWFPREC
 40
2.0
  9
$PSOLWIDTH
 40
0.005
  9
$PSOLHEIGHT
 40
0.08
  9
$LOFTANG1
 40
1.570796326795
  9
$LOFTANG2
 40
1.570796326795
  9
$LOFTMAG1
 40
0.0
  9
$LOFTMAG2
 40
0.0
  9
$LOFTPARAM
 70
7
  9
$LOFTNORMALS
280
1
  9
$LATITUDE
 40
37.795
  9
$LONGITUDE
 40
-122.394
  9
$NORTHDIRECTION
 40
0.0
  9
$TIMEZONE
 70
-8000
  9
$LIGHTGLYPHDISPLAY
280
1
  9
$TILEMODELIGHTSYNCH
280
1
  9
$CMATERIAL
347
20
  9
$SOLIDHIST
280
0
  9
$SHOWHIST
280
1
  9
$DWFFRAME
280
2
  9
$DGNFRAME
280
2
  9
$REALWORLDSCALE
290
1
  9
$INTERFERECOLOR
 62
256
  9
$CSHADOW
280
0
  9
$SHADOWPLANELOCATION
 40
0.0
  0
ENDSEC
  0
SECTION
  2
CLASSES
  0
CLASS
  1
ACDBDICTIONARYWDFLT
  2
AcDbDictionaryWithDefault
  3
ObjectDBX Classes
 90
0
 91
0
280
0
281
0
  0
CLASS
  1
SUN
  2
AcDbSun
  3
SCENEOE
 90
1153
 91
0
280
0
281
0
  0
CLASS
  1
VISUALSTYLE
  2
AcDbVisualStyle
  3
ObjectDBX Classes
 90
4095
 91
0
280
0
281
0
  0
CLASS
  1
MATERIAL
  2
AcDbMaterial
  3
ObjectDBX Classes
 90
1153
 91
0
280
0
281
0
  0
CLASS
  1
SCALE
  2
AcDbScale
  3
ObjectDBX Classes
 90
1153
 91
0
280
0
281
0
  0
CLASS
  1
TABLESTYLE
  2
AcDbTableStyle
  3
ObjectDBX Classes
 90
4095
 91
0
280
0
281
0
  0
CLASS
  1
MLEADERSTYLE
  2
AcDbMLeaderStyle
  3
ACDB_MLEADERSTYLE_CLASS
 90
4095
 91
0
280
0
281
0
  0
CLASS
  1
DICTIONARYVAR
  2
AcDbDictionaryVar
  3
ObjectDBX Classes
 90
0
 91
0
280
0
281
0
  0
CLASS
  1
CELLSTYLEMAP
  2
AcDbCellStyleMap
  3
ObjectDBX Classes
 90
1152
 91
0
280
0
281
0
  0
CLASS
  1
MENTALRAYRENDERSETTINGS
  2
AcDbMentalRayRenderSettings
  3
SCENEOE
 90
1024
 91
0
280
0
281
0
  0
CLASS
  1
ACDBDETAILVIEWSTYLE
  2
AcDbDetailViewStyle
  3
ObjectDBX Classes
 90
1025
 91
0
280
0
281
0
  0
CLASS
  1
ACDBSECTIONVIEWSTYLE
  2
AcDbSectionViewStyle
  3
ObjectDBX Classes
 90
1025
 91
0
280
0
281
0
  0
CLASS
  1
RASTERVARIABLES
  2
AcDbRasterVariables
  3
ISM
 90
0
 91
0
280
0
281
0
  0
CLASS
  1
LAYOUT
  2
AcDbLayout
  3
ObjectDBX Classes
 90
0
 91
0
280
0
281
0
  0
CLASS
  1
ACDBPLACEHOLDER
  2
AcDbPlaceHolder
  3
ObjectDBX Classes
 90
0
 91
0
280
0
281
0
  0
ENDSEC
  0
SECTION
  2
TABLES
  0
TABLE
  2
VPORT
  5
8
330
0
100
AcDbSymbolTable
 70
1
  0
VPORT
  5
23
330
8
100
AcDbSymbolTableRecord
100
AcDbViewportTableRecord
  2
*Active
 70
0
 10
0.0
 20
0.0
 11
1.0
 21
1.0
 12
0.0
 22
0.0
 13
0.0
 23
0.0
 14
0.5
 24
0.5
 15
0.5
 25
0.5
 16
0.0
 26
0.0
 36
1.0
 17
0.0
 27
0.0
 37
0.0
 40
1000.0
 41
1.34
 42
50.0
 43
0.0
 44
0.0
 50
0.0
 51
0.0
 71
0
 72
1000
 73
1
 74
3
 75
0
 76
0
 77
0
 78
0
281
0
 65
0
146
0.0
  0
ENDTAB
  0
TABLE
  2
LTYPE
  5
2
330
0
100
AcDbSymbolTable
 70
3
  0
LTYPE
  5
24
330
2
100
AcDbSymbolTableRecord
100
AcDbLinetypeTableRecord
  2
ByBlock
 70
0
  3

 72
65
 73
0
 40
0.0
  0
LTYPE
  5
25
330
2
100
AcDbSymbolTableRecord
100
AcDbLinetypeTableRecord
  2
ByLayer
 70
0
  3

 72
65
 73
0
 40
0.0
  0
LTYPE
  5
26
330
2
100
AcDbSymbolTableRecord
100
AcDbLinetypeTableRecord
  2
Continuous
 70
0
  3

 72
65
 73
0
 40
0.0
  0
ENDTAB
  0
TABLE
  2
LAYER
  5
1
330
0
100
AcDbSymbolTable
 70
24
  0
LAYER
  5
27
330
1
100
AcDbSymbolTableRecord
100
AcDbLayerTableRecord
  2
0
 70
0
 62
7
  6
Continuous
370
-3
390
13
347
21
  0
LAYER
  5
28
330
1
100
AcDbSymbolTableRecord
100
AcDbLayerTableRecord
  2
Defpoints
 70
0
 62
7
  6
Continuous
290
0
370
-3
390
13
347
21
  0
LAYER
  5
7E
330
1
100
AcDbSymbolTableRecord
100
AcDbLayerTableRecord
  2
A-ANNO-NPLT
 70
0
 62
8
  6
Continuous
370
-3
390
13
347
21
  0
LAYER
  5
7F
330
1
100
AcDbSymbolTableRecord
100
AcDbLayerTableRecord
  2
A-ANNO-DIMS
 70
0
 62
6
  6
Continuous
370
-3
390
13
347
21
  0
LAYER
  5
80
330
1
100
AcDbSymbolTableRecord
100
AcDbLayerTableRecord
  2
A-ANNO-NOTE
 70
0
 62
7
  6
Continuous
370
-3
390
13
347
21
  0
LAYER
  5
81
330
1
100
AcDbSymbolTableRecord
100
AcDbLayerTableRecord
  2
C-PROP
 70
0
 62
1
  6
Continuous
370
-3
390
13
347
21
  0
LAYER
  5
82
330
1
100
AcDbSymbolTableRecord
100
AcDbLayerTableRecord
  2
A-WALL
 70
0
 62
7
  6
Continuous
370
-3
390
13
347
21
  0
LAYER
  5
83
330
1
100
AcDbSymbolTableRecord
100
AcDbLayerTableRecord
  2
Z-DATA-NOPLOT
 70
0
 62
8
  6
Continuous
370
-3
390
13
347
21
  0
LAYER
  5
84
330
1
100
AcDbSymbolTableRecord
100
AcDbLayerTableRecord
  2
A-ANNO-TTLB
 70
0
 62
7
  6
Continuous
370
-3
390
13
347
21
  0
LAYER
  5
85
330
1
100
AcDbSymbolTableRecord
100
AcDbLayerTableRecord
  2
A-WALL-INTR
 70
0
 62
7
  6
Continuous
370
-3
390
13
347
21
  0
LAYER
  5
86
330
1
100
AcDbSymbolTableRecord
100
AcDbLayerTableRecord
  2
A-GLAZ
 70
0
 62
5
  6
Continuous
370
-3
390
13
347
21
  0
LAYER
  5
87
330
1
100
AcDbSymbolTableRecord
100
AcDbLayerTableRecord
  2
A-AREA-IDEN
 70
0
 62
2
  6
Continuous
370
-3
390
13
347
21
  0
LAYER
  5
88
330
1
100
AcDbSymbolTableRecord
100
AcDbLayerTableRecord
  2
A-AREA-PLAN
 70
0
 62
4
  6
Continuous
370
-3
390
13
347
21
  0
LAYER
  5
89
330
1
100
AcDbSymbolTableRecord
100
AcDbLayerTableRecord
  2
A-DOOR
 70
0
 62
3
  6
Continuous
370
-3
390
13
347
21
  0
LAYER
  5
2C9
330
1
100
AcDbSymbolTableRecord
100
AcDbLayerTableRecord
  2
A-PARK-CIRC
 70
0
 62
8
  6
Continuous
370
-3
390
13
347
21
  0
LAYER
  5
2CA
330
1
100
AcDbSymbolTableRecord
100
AcDbLayerTableRecord
  2
A-PARK-STAL
 70
0
 62
5
  6
Continuous
370
-3
390
13
347
21
  0
LAYER
  5
329
330
1
100
AcDbSymbolTableRecord
100
AcDbLayerTableRecord
  2
A-ANNO-SCHD
 70
0
 62
2
  6
Continuous
370
-3
390
13
347
21
  0
LAYER
  5
5E3
330
1
100
AcDbSymbolTableRecord
100
AcDbLayerTableRecord
  2
A-ELEV-GLAZ
 70
0
 62
5
  6
Continuous
370
-3
390
13
347
21
  0
LAYER
  5
5E4
330
1
100
AcDbSymbolTableRecord
100
AcDbLayerTableRecord
  2
C-TOPO
 70
0
 62
1
  6
Continuous
370
-3
390
13
347
21
  0
LAYER
  5
5E5
330
1
100
AcDbSymbolTableRecord
100
AcDbLayerTableRecord
  2
A-ELEV-WALL
 70
0
 62
7
  6
Continuous
370
-3
390
13
347
21
  0
LAYER
  5
703
330
1
100
AcDbSymbolTableRecord
100
AcDbLayerTableRecord
  2
A-SECT-SLAB
 70
0
 62
1
  6
Continuous
370
-3
390
13
347
21
  0
LAYER
  5
704
330
1
100
AcDbSymbolTableRecord
100
AcDbLayerTableRecord
  2
A-SECT-CORE
 70
0
 62
5
  6
Continuous
370
-3
390
13
347
21
  0
LAYER
  5
705
330
1
100
AcDbSymbolTableRecord
100
AcDbLayerTableRecord
  2
A-SECT-WALL
 70
0
 62
7
  6
Continuous
370
-3
390
13
347
21
  0
LAYER
  5
7FA
330
1
100
AcDbSymbolTableRecord
100
AcDbLayerTableRecord
  2
A-ANNO-CALC
 70
0
 62
3
  6
Continuous
370
-3
390
13
347
21
  0
ENDTAB
  0
TABLE
  2
STYLE
  5
5
330
0
100
AcDbSymbolTable
 70
1
  0
STYLE
  5
29
330
5
100
AcDbSymbolTableRecord
100
AcDbTextStyleTableRecord
  2
Standard
 70
0
 40
0.0
 41
1.0
 50
0.0
 71
0
 42
2.5
  3
txt
  4

  0
ENDTAB
  0
TABLE
  2
VIEW
  5
7
330
0
100
AcDbSymbolTable
 70
0
  0
ENDTAB
  0
TABLE
  2
UCS
  5
6
330
0
100
AcDbSymbolTable
 70
0
  0
ENDTAB
  0
TABLE
  2
APPID
  5
3
330
0
100
AcDbSymbolTable
 70
4
  0
APPID
  5
2A
330
3
100
AcDbSymbolTableRecord
100
AcDbRegAppTableRecord
  2
ACAD
 70
0
  0
APPID
  5
2F
330
3
100
AcDbSymbolTableRecord
100
AcDbRegAppTableRecord
  2
SIRKETIM
 70
0
  0
APPID
  5
7FB
330
3
100
AcDbSymbolTableRecord
100
AcDbRegAppTableRecord
  2
HATCHBACKGROUNDCOLOR
 70
0
  0
APPID
  5
7FC
330
3
100
AcDbSymbolTableRecord
100
AcDbRegAppTableRecord
  2
EZDXF
 70
0
  0
ENDTAB
  0
TABLE
  2
DIMSTYLE
  5
4
330
0
100
AcDbSymbolTable
 70
1
100
AcDbDimStyleTable
  0
DIMSTYLE
105
2B
330
4
100
AcDbSymbolTableRecord
100
AcDbDimStyleTableRecord
  2
Standard
 70
0
 40
1.0
 41
2.5
 42
0.625
 43
3.75
 44
1.25
 45
0.0
 46
0.0
 47
0.0
 48
0.0
 49
2.5
140
2.5
141
2.5
142
0.0
143
0.03937007874
144
1.0
145
0.0
146
1.0
147
0.625
148
0.0
 69
0
 70
0
 71
0
 72
0
 73
0
 74
0
 75
0
 76
0
 77
1
 78
8
 79
3
170
0
171
3
172
1
173
0
174
0
175
0
176
0
177
0
178
0
179
2
271
2
272
2
273
2
274
3
275
0
276
0
277
2
278
44
279
0
280
0
281
0
282
0
283
0
284
8
285
0
286
0
288
0
289
3
290
0
371
-2
372
-2
  0
ENDTAB
  0
TABLE
  2
BLOCK_RECORD
  5
9
330
0
100
AcDbSymbolTable
 70
21
  0
BLOCK_RECORD
  5
17
330
9
100
AcDbSymbolTableRecord
100
AcDbBlockTableRecord
  2
*Model_Space
340
1A
 70
0
280
1
281
0
  0
BLOCK_RECORD
  5
63
330
9
100
AcDbSymbolTableRecord
100
AcDbBlockTableRecord
  2
_CLOSEDFILLED
340
0
 70
0
280
1
281
0
  0
BLOCK_RECORD
  5
8A
330
9
100
AcDbSymbolTableRecord
100
AcDbBlockTableRecord
  2
*Paper_Space1
340
8D
 70
0
280
1
281
0
  0
BLOCK_RECORD
  5
E1
330
9
100
AcDbSymbolTableRecord
100
AcDbBlockTableRecord
  2
*Paper_Space2
340
E4
 70
0
280
1
281
0
  0
BLOCK_RECORD
  5
150
330
9
100
AcDbSymbolTableRecord
100
AcDbBlockTableRecord
  2
*Paper_Space3
340
153
 70
0
280
1
281
0
  0
BLOCK_RECORD
  5
1BF
330
9
100
AcDbSymbolTableRecord
100
AcDbBlockTableRecord
  2
*Paper_Space4
340
1C2
 70
0
280
1
281
0
  0
BLOCK_RECORD
  5
23A
330
9
100
AcDbSymbolTableRecord
100
AcDbBlockTableRecord
  2
*Paper_Space5
340
23D
 70
0
280
1
281
0
  0
BLOCK_RECORD
  5
287
330
9
100
AcDbSymbolTableRecord
100
AcDbBlockTableRecord
  2
*Paper_Space6
340
28A
 70
0
280
1
281
0
  0
BLOCK_RECORD
  5
2CB
330
9
100
AcDbSymbolTableRecord
100
AcDbBlockTableRecord
  2
*Paper_Space7
340
2CE
 70
0
280
1
281
0
  0
BLOCK_RECORD
  5
32A
330
9
100
AcDbSymbolTableRecord
100
AcDbBlockTableRecord
  2
*Paper_Space8
340
32D
 70
0
280
1
281
0
  0
BLOCK_RECORD
  5
398
330
9
100
AcDbSymbolTableRecord
100
AcDbBlockTableRecord
  2
*Paper_Space9
340
39B
 70
0
280
1
281
0
  0
BLOCK_RECORD
  5
42E
330
9
100
AcDbSymbolTableRecord
100
AcDbBlockTableRecord
  2
*Paper_Space10
340
431
 70
0
280
1
281
0
  0
BLOCK_RECORD
  5
4C4
330
9
100
AcDbSymbolTableRecord
100
AcDbBlockTableRecord
  2
*Paper_Space11
340
4C7
 70
0
280
1
281
0
  0
BLOCK_RECORD
  5
55A
330
9
100
AcDbSymbolTableRecord
100
AcDbBlockTableRecord
  2
*Paper_Space12
340
55D
 70
0
280
1
281
0
  0
BLOCK_RECORD
  5
5B8
330
9
100
AcDbSymbolTableRecord
100
AcDbBlockTableRecord
  2
*Paper_Space13
340
5BB
 70
0
280
1
281
0
  0
BLOCK_RECORD
  5
5E6
330
9
100
AcDbSymbolTableRecord
100
AcDbBlockTableRecord
  2
*Paper_Space14
340
5E9
 70
0
280
1
281
0
  0
BLOCK_RECORD
  5
663
330
9
100
AcDbSymbolTableRecord
100
AcDbBlockTableRecord
  2
*Paper_Space15
340
666
 70
0
280
1
281
0
  0
BLOCK_RECORD
  5
68C
330
9
100
AcDbSymbolTableRecord
100
AcDbBlockTableRecord
  2
*Paper_Space16
340
68F
 70
0
280
1
281
0
  0
BLOCK_RECORD
  5
6B5
330
9
100
AcDbSymbolTableRecord
100
AcDbBlockTableRecord
  2
*Paper_Space17
340
6B8
 70
0
280
1
281
0
  0
BLOCK_RECORD
  5
706
330
9
100
AcDbSymbolTableRecord
100
AcDbBlockTableRecord
  2
*Paper_Space18
340
709
 70
0
280
1
281
0
  0
BLOCK_RECORD
  5
30
330
9
100
AcDbSymbolTableRecord
100
AcDbBlockTableRecord
  2
*Paper_Space
340
33
 70
0
280
1
281
0
  0
ENDTAB
  0
ENDSEC
  0
SECTION
  2
BLOCKS
  0
BLOCK
  5
18
330
17
100
AcDbEntity
  8
0
100
AcDbBlockBegin
  2
*Model_Space
 70
0
 10
0.0
 20
0.0
 30
0.0
  3
*Model_Space
  1

  0
ENDBLK
  5
19
330
17
100
AcDbEntity
  8
0
100
AcDbBlockEnd
  0
BLOCK
  5
64
330
63
100
AcDbEntity
  8
0
100
AcDbBlockBegin
  2
_CLOSEDFILLED
 70
0
 10
0.0
 20
0.0
 30
0.0
  3
_CLOSEDFILLED
  1

  0
SOLID
  5
66
330
63
100
AcDbEntity
  8
0
  6
BYBLOCK
 62
0
100
AcDbTrace
 10
-1.0
 20
0.16439898372402537
 30
0.0
 11
0.0
 21
0.0
 31
0.0
 12
-1.0
 22
-0.16439898372402537
 32
0.0
 13
-1.0
 23
-0.16439898372402537
 33
0.0
  0
ENDBLK
  5
65
330
63
100
AcDbEntity
  8
0
100
AcDbBlockEnd
  0
BLOCK
  5
8B
330
8A
100
AcDbEntity
  8
0
100
AcDbBlockBegin
  2
*Paper_Space1
 70
0
 10
0.0
 20
0.0
 30
0.0
  3
*Paper_Space1
  1

  0
LWPOLYLINE
  5
8E
330
8A
100
AcDbEntity
 67
1
  8
C-PROP
100
AcDbPolyline
 90
4
 70
1
 10
0.0
 20
0.0
 10
36.02
 20
0.0
 10
36.02
 20
19.8
 10
0.0
 20
19.8
  0
LWPOLYLINE
  5
8F
330
8A
100
AcDbEntity
 67
1
  8
A-ANNO-NPLT
100
AcDbPolyline
 90
4
 70
1
 10
3.0
 20
5.0
 10
33.02
 20
5.0
 10
33.02
 20
16.8
 10
3.0
 20
16.8
  0
LWPOLYLINE
  5
90
330
8A
100
AcDbEntity
 67
1
  8
A-AREA-PLAN
100
AcDbPolyline
 90
4
 70
1
 10
3.0
 20
5.0
 10
33.02
 20
5.0
 10
33.02
 20
10.93
 10
3.0
 20
10.93
  0
LWPOLYLINE
  5
91
330
8A
100
AcDbEntity
 67
1
  8
A-WALL
100
AcDbPolyline
 90
4
 70
1
 10
3.0
 20
5.125
 10
33.02
 20
5.125
 10
33.02
 20
4.875
 10
3.0
 20
4.875
  0
LWPOLYLINE
  5
92
330
8A
100
AcDbEntity
 67
1
  8
A-WALL
100
AcDbPolyline
 90
4
 70
1
 10
32.895
 20
5.0
 10
32.895
 20
10.93
 10
33.145
 20
10.93
 10
33.145
 20
5.0
  0
LWPOLYLINE
  5
93
330
8A
100
AcDbEntity
 67
1
  8
A-WALL
100
AcDbPolyline
 90
4
 70
1
 10
33.02
 20
10.805
 10
3.0
 20
10.805
 10
3.0
 20
11.055
 10
33.02
 20
11.055
  0
LWPOLYLINE
  5
94
330
8A
100
AcDbEntity
 67
1
  8
A-WALL
100
AcDbPolyline
 90
4
 70
1
 10
3.125
 20
10.93
 10
3.125
 20
5.0
 10
2.875
 20
5.0
 10
2.875
 20
10.93
  0
LWPOLYLINE
  5
95
330
8A
100
AcDbEntity
 67
1
  8
A-WALL-INTR
100
AcDbPolyline
 90
4
 70
1
 10
6.075
 20
5.125
 10
6.075
 20
10.805
 10
6.175
 20
10.805
 10
6.175
 20
5.125
  0
LWPOLYLINE
  5
96
330
8A
100
AcDbEntity
 67
1
  8
A-WALL-INTR
100
AcDbPolyline
 90
4
 70
1
 10
3.125
 20
7.7749999999999995
 10
6.125
 20
7.7749999999999995
 10
6.125
 20
7.675
 10
3.125
 20
7.675
  0
LWPOLYLINE
  5
97
330
8A
100
AcDbEntity
 67
1
  8
A-WALL-INTR
100
AcDbPolyline
 90
4
 70
1
 10
6.325
 20
5.125
 10
6.325
 20
6.625
 10
6.425
 20
6.625
 10
6.425
 20
5.125
  0
LWPOLYLINE
  5
98
330
8A
100
AcDbEntity
 67
1
  8
A-WALL-INTR
100
AcDbPolyline
 90
4
 70
1
 10
7.325
 20
5.125
 10
7.325
 20
6.625
 10
7.425
 20
6.625
 10
7.425
 20
5.125
  0
LWPOLYLINE
  5
99
330
8A
100
AcDbEntity
 67
1
  8
A-WALL-INTR
100
AcDbPolyline
 90
4
 70
1
 10
6.375
 20
6.675
 10
7.375
 20
6.675
 10
7.375
 20
6.575
 10
6.375
 20
6.575
  0
LWPOLYLINE
  5
9A
330
8A
100
AcDbEntity
 67
1
  8
A-WALL-INTR
100
AcDbPolyline
 90
4
 70
1
 10
6.175
 20
6.675
 10
15.175
 20
6.675
 10
15.175
 20
6.575
 10
6.175
 20
6.575
  0
LWPOLYLINE
  5
9B
330
8A
100
AcDbEntity
 67
1
  8
A-WALL-INTR
100
AcDbPolyline
 90
4
 70
1
 10
10.524999999999999
 20
6.675
 10
10.524999999999999
 20
10.805
 10
10.625
 20
10.805
 10
10.625
 20
6.675
  0
LWPOLYLINE
  5
9C
330
8A
100
AcDbEntity
 67
1
  8
A-WALL-INTR
100
AcDbPolyline
 90
4
 70
1
 10
12.524999999999999
 20
6.675
 10
12.524999999999999
 20
10.805
 10
12.625
 20
10.805
 10
12.625
 20
6.675
  0
LWPOLYLINE
  5
9D
330
8A
100
AcDbEntity
 67
1
  8
A-WALL-INTR
100
AcDbPolyline
 90
4
 70
1
 10
15.125
 20
5.125
 10
15.125
 20
10.805
 10
15.225000000000001
 20
10.805
 10
15.225000000000001
 20
5.125
  0
LWPOLYLINE
  5
9E
330
8A
100
AcDbEntity
 67
1
  8
A-WALL-INTR
100
AcDbPolyline
 90
4
 70
1
 10
32.675000000000004
 20
5.125
 10
32.675000000000004
 20
10.805
 10
32.775
 20
10.805
 10
32.775
 20
5.125
  0
LWPOLYLINE
  5
9F
330
8A
100
AcDbEntity
 67
1
  8
A-WALL-INTR
100
AcDbPolyline
 90
4
 70
1
 10
28.032894736842106
 20
5.125
 10
28.032894736842106
 20
10.805
 10
28.132894736842108
 20
10.805
 10
28.132894736842108
 20
5.125
  0
LWPOLYLINE
  5
A0
330
8A
100
AcDbEntity
 67
1
  8
A-DOOR
100
AcDbPolyline
 90
4
 70
1
 10
3.875
 20
5.125
 10
5.375
 20
5.125
 10
5.375
 20
4.875
 10
3.875
 20
4.875
  0
TEXT
  5
A1
330
8A
100
AcDbEntity
 67
1
  8
A-DOOR
100
AcDbText
 10
4.625
 20
5.275
 30
0.0
 40
0.15
  1
D0
 11
4.625
 21
5.275
 31
0.0
100
AcDbText
  0
ARC
  5
A2
330
8A
100
AcDbEntity
 67
1
  8
A-DOOR
100
AcDbCircle
 10
3.875
 20
5.0
 30
0.0
 40
1.5
100
AcDbArc
 50
0.0
 51
90.0
  0
LINE
  5
A3
330
8A
100
AcDbEntity
 67
1
  8
A-DOOR
100
AcDbLine
 10
3.875
 20
5.0
 30
0.0
 11
3.875
 21
6.5
 31
0.0
  0
LWPOLYLINE
  5
A4
330
8A
100
AcDbEntity
 67
1
  8
A-GLAZ
100
AcDbPolyline
 90
4
 70
1
 10
8.975000000000001
 20
10.805
 10
7.775000000000002
 20
10.805
 10
7.775000000000002
 20
11.055
 10
8.975000000000001
 20
11.055
  0
TEXT
  5
A5
330
8A
100
AcDbEntity
 67
1
  8
A-GLAZ
100
AcDbText
 10
8.375000000000002
 20
10.655
 30
0.0
 40
0.15
  1
W1
 11
8.375000000000002
 21
10.655
 31
0.0
100
AcDbText
  0
LINE
  5
A6
330
8A
100
AcDbEntity
 67
1
  8
A-GLAZ
100
AcDbLine
 10
8.375000000000002
 20
10.805
 30
0.0
 11
8.375000000000002
 21
11.055
 31
0.0
  0
LWPOLYLINE
  5
A7
330
8A
100
AcDbEntity
 67
1
  8
A-GLAZ
100
AcDbPolyline
 90
4
 70
1
 10
12.174999999999997
 20
10.805
 10
10.974999999999998
 20
10.805
 10
10.974999999999998
 20
11.055
 10
12.174999999999997
 20
11.055
  0
TEXT
  5
A8
330
8A
100
AcDbEntity
 67
1
  8
A-GLAZ
100
AcDbText
 10
11.574999999999998
 20
10.655
 30
0.0
 40
0.15
  1
W2
 11
11.574999999999998
 21
10.655
 31
0.0
100
AcDbText
  0
LINE
  5
A9
330
8A
100
AcDbEntity
 67
1
  8
A-GLAZ
100
AcDbLine
 10
11.574999999999998
 20
10.805
 30
0.0
 11
11.574999999999998
 21
11.055
 31
0.0
  0
LWPOLYLINE
  5
AA
330
8A
100
AcDbEntity
 67
1
  8
A-GLAZ
100
AcDbPolyline
 90
4
 70
1
 10
14.475000000000001
 20
10.805
 10
13.275000000000002
 20
10.805
 10
13.275000000000002
 20
11.055
 10
14.475000000000001
 20
11.055
  0
TEXT
  5
AB
330
8A
100
AcDbEntity
 67
1
  8
A-GLAZ
100
AcDbText
 10
13.875000000000002
 20
10.655
 30
0.0
 40
0.15
  1
W3
 11
13.875000000000002
 21
10.655
 31
0.0
100
AcDbText
  0
LINE
  5
AC
330
8A
100
AcDbEntity
 67
1
  8
A-GLAZ
100
AcDbLine
 10
13.875000000000002
 20
10.805
 30
0.0
 11
13.875000000000002
 21
11.055
 31
0.0
  0
LWPOLYLINE
  5
AD
330
8A
100
AcDbEntity
 67
1
  8
A-GLAZ
100
AcDbPolyline
 90
4
 70
1
 10
22.253947368421056
 20
10.805
 10
21.053947368421056
 20
10.805
 10
21.053947368421056
 20
11.055
 10
22.253947368421056
 20
11.055
  0
TEXT
  5
AE
330
8A
100
AcDbEntity
 67
1
  8
A-GLAZ
100
AcDbText
 10
21.653947368421058
 20
10.655
 30
0.0
 40
0.15
  1
W1
 11
21.653947368421058
 21
10.655
 31
0.0
100
AcDbText
  0
LINE
  5
AF
330
8A
100
AcDbEntity
 67
1
  8
A-GLAZ
100
AcDbLine
 10
21.653947368421058
 20
10.805
 30
0.0
 11
21.653947368421058
 21
11.055
 31
0.0
  0
LWPOLYLINE
  5
B0
330
8A
100
AcDbEntity
 67
1
  8
A-GLAZ
100
AcDbPolyline
 90
4
 70
1
 10
30.978947368421057
 20
10.805
 10
29.778947368421058
 20
10.805
 10
29.778947368421058
 20
11.055
 10
30.978947368421057
 20
11.055
  0
TEXT
  5
B1
330
8A
100
AcDbEntity
 67
1
  8
A-GLAZ
100
AcDbText
 10
30.37894736842106
 20
10.655
 30
0.0
 40
0.15
  1
W2
 11
30.37894736842106
 21
10.655
 31
0.0
100
AcDbText
  0
LINE
  5
B2
330
8A
100
AcDbEntity
 67
1
  8
A-GLAZ
100
AcDbLine
 10
30.37894736842106
 20
10.805
 30
0.0
 11
30.37894736842106
 21
11.055
 31
0.0
  0
LWPOLYLINE
  5
B3
330
8A
100
AcDbEntity
 67
1
  8
A-DOOR
100
AcDbPolyline
 90
4
 70
1
 10
7.875
 20
6.675
 10
8.875
 20
6.675
 10
8.875
 20
6.575
 10
7.875
 20
6.575
  0
TEXT
  5
B4
330
8A
100
AcDbEntity
 67
1
  8
A-DOOR
100
AcDbText
 10
8.375
 20
6.825
 30
0.0
 40
0.15
  1
D1
 11
8.375
 21
6.825
 31
0.0
100
AcDbText
  0
ARC
  5
B5
330
8A
100
AcDbEntity
 67
1
  8
A-DOOR
100
AcDbCircle
 10
7.875
 20
6.625
 30
0.0
 40
1.0
100
AcDbArc
 50
0.0
 51
90.0
  0
LINE
  5
B6
330
8A
100
AcDbEntity
 67
1
  8
A-DOOR
100
AcDbLine
 10
7.875
 20
6.625
 30
0.0
 11
7.875
 21
7.625
 31
0.0
  0
LWPOLYLINE
  5
B7
330
8A
100
AcDbEntity
 67
1
  8
A-AREA-IDEN
100
AcDbPolyline
 90
4
 70
1
 10
3.125
 20
7.7749999999999995
 10
6.075
 20
7.7749999999999995
 10
6.075
 20
10.805
 10
3.125
 20
10.805
  0
MTEXT
  5
B8
330
8A
100
AcDbEntity
 67
1
  8
A-AREA-IDEN
100
AcDbMText
 10
4.6
 20
9.29
 30
0.0
 40
0.24
 71
1
  1
Ortak Sahanlik\P8.9 m2
  0
LWPOLYLINE
  5
B9
330
8A
100
AcDbEntity
 67
1
  8
A-AREA-IDEN
100
AcDbPolyline
 90
4
 70
1
 10
3.125
 20
5.125
 10
6.075
 20
5.125
 10
6.075
 20
7.675
 10
3.125
 20
7.675
  0
MTEXT
  5
BA
330
8A
100
AcDbEntity
 67
1
  8
A-AREA-IDEN
100
AcDbMText
 10
4.6
 20
6.4
 30
0.0
 40
0.24
 71
1
  1
Merdiven + Asansor Cekirdegi\P7.5 m2
  0
LWPOLYLINE
  5
BB
330
8A
100
AcDbEntity
 67
1
  8
A-AREA-IDEN
100
AcDbPolyline
 90
4
 70
1
 10
6.375
 20
5.125
 10
7.375
 20
5.125
 10
7.375
 20
6.625
 10
6.375
 20
6.625
  0
MTEXT
  5
BC
330
8A
100
AcDbEntity
 67
1
  8
A-AREA-IDEN
100
AcDbMText
 10
6.875
 20
5.875
 30
0.0
 40
0.24
 71
1
  1
Ters Dubleks 1 Ic Merdiveni\P1.5 m2
  0
LWPOLYLINE
  5
BD
330
8A
100
AcDbEntity
 67
1
  8
A-AREA-IDEN
100
AcDbPolyline
 90
4
 70
1
 10
6.225
 20
5.125
 10
15.125
 20
5.125
 10
15.125
 20
6.575
 10
6.225
 20
6.575
  0
MTEXT
  5
BE
330
8A
100
AcDbEntity
 67
1
  8
A-AREA-IDEN
100
AcDbMText
 10
10.675
 20
5.85
 30
0.0
 40
0.24
 71
1
  1
Ortak Kat Holu\P12.9 m2
  0
LWPOLYLINE
  5
BF
330
8A
100
AcDbEntity
 67
1
  8
A-AREA-IDEN
100
AcDbPolyline
 90
4
 70
1
 10
6.175
 20
6.675
 10
10.524999999999999
 20
6.675
 10
10.524999999999999
 20
10.805
 10
6.175
 20
10.805
  0
MTEXT
  5
C0
330
8A
100
AcDbEntity
 67
1
  8
A-AREA-IDEN
100
AcDbMText
 10
8.35
 20
8.74
 30
0.0
 40
0.24
 71
1
  1
Salon\P18.0 m2
  0
LWPOLYLINE
  5
C1
330
8A
100
AcDbEntity
 67
1
  8
A-AREA-IDEN
100
AcDbPolyline
 90
4
 70
1
 10
10.625
 20
6.675
 10
12.524999999999999
 20
6.675
 10
12.524999999999999
 20
10.805
 10
10.625
 20
10.805
  0
MTEXT
  5
C2
330
8A
100
AcDbEntity
 67
1
  8
A-AREA-IDEN
100
AcDbMText
 10
11.575
 20
8.74
 30
0.0
 40
0.24
 71
1
  1
Mutfak\P7.8 m2
  0
LWPOLYLINE
  5
C3
330
8A
100
AcDbEntity
 67
1
  8
A-AREA-IDEN
100
AcDbPolyline
 90
4
 70
1
 10
12.625
 20
6.675
 10
15.175
 20
6.675
 10
15.175
 20
10.805
 10
12.625
 20
10.805
  0
MTEXT
  5
C4
330
8A
100
AcDbEntity
 67
1
  8
A-AREA-IDEN
100
AcDbMText
 10
13.9
 20
8.74
 30
0.0
 40
0.24
 71
1
  1
Yatak Odasi 1\P10.5 m2
  0
LWPOLYLINE
  5
C5
330
8A
100
AcDbEntity
 67
1
  8
A-AREA-IDEN
100
AcDbPolyline
 90
4
 70
1
 10
15.225000000000001
 20
5.125
 10
28.032894736842106
 20
5.125
 10
28.032894736842106
 20
10.805
 10
15.225000000000001
 20
10.805
  0
MTEXT
  5
C6
330
8A
100
AcDbEntity
 67
1
  8
A-AREA-IDEN
100
AcDbMText
 10
21.628947368421052
 20
7.965
 30
0.0
 40
0.24
 71
1
  1
Giris Lobisi\P72.7 m2
  0
LWPOLYLINE
  5
C7
330
8A
100
AcDbEntity
 67
1
  8
A-AREA-IDEN
100
AcDbPolyline
 90
4
 70
1
 10
28.132894736842108
 20
5.125
 10
32.675000000000004
 20
5.125
 10
32.675000000000004
 20
10.805
 10
28.132894736842108
 20
10.805
  0
MTEXT
  5
C8
330
8A
100
AcDbEntity
 67
1
  8
A-AREA-IDEN
100
AcDbMText
 10
30.403947368421058
 20
7.965
 30
0.0
 40
0.24
 71
1
  1
Yonetim Depo Odasi\P25.8 m2
  0
DIMENSION
  5
C9
330
8A
100
AcDbEntity
 67
1
  8
A-ANNO-DIMS
100
AcDbDimension
280
0
  3
Standard
 10
0.0
 20
-1.0
 30
0.0
 11
18.01
 21
-1.0
 31
0.0
 70
32
 71
5
  1
<>
100
AcDbAlignedDimension
 13
0.0
 23
0.0
 33
0.0
 14
36.02
 24
0.0
 34
0.0
 50
0.0
100
AcDbRotatedDimension
  0
DIMENSION
  5
CA
330
8A
100
AcDbEntity
 67
1
  8
A-ANNO-DIMS
100
AcDbDimension
280
0
  3
Standard
 10
-1.0
 20
0.0
 30
0.0
 11
-1.0
 21
9.9
 31
0.0
 70
32
 71
5
  1
<>
100
AcDbAlignedDimension
 13
0.0
 23
0.0
 33
0.0
 14
0.0
 24
19.8
 34
0.0
 50
90.0
100
AcDbRotatedDimension
  0
DIMENSION
  5
CB
330
8A
100
AcDbEntity
 67
1
  8
A-ANNO-DIMS
100
AcDbDimension
280
0
  3
Standard
 10
3.0
 20
11.53
 30
0.0
 11
18.01
 21
11.53
 31
0.0
 70
32
 71
5
  1
<>
100
AcDbAlignedDimension
 13
3.0
 23
10.93
 33
0.0
 14
33.02
 24
10.93
 34
0.0
 50
0.0
100
AcDbRotatedDimension
  0
DIMENSION
  5
CC
330
8A
100
AcDbEntity
 67
1
  8
A-ANNO-DIMS
100
AcDbDimension
280
0
  3
Standard
 10
33.620000000000005
 20
5.0
 30
0.0
 11
33.620000000000005
 21
7.965
 31
0.0
 70
32
 71
5
  1
<>
100
AcDbAlignedDimension
 13
33.02
 23
5.0
 33
0.0
 14
33.02
 24
10.93
 34
0.0
 50
90.0
100
AcDbRotatedDimension
  0
DIMENSION
  5
CD
330
8A
100
AcDbEntity
 67
1
  8
A-ANNO-DIMS
100
AcDbDimension
280
0
  3
Standard
 10
37.220000000000006
 20
0.0
 30
0.0
 11
37.220000000000006
 21
2.5
 31
0.0
 70
32
 71
5
  1
<>
100
AcDbAlignedDimension
 13
3.0
 23
0.0
 33
0.0
 14
3.0
 24
5.0
 34
0.0
 50
90.0
100
AcDbRotatedDimension
  0
DIMENSION
  5
CE
330
8A
100
AcDbEntity
 67
1
  8
A-ANNO-DIMS
100
AcDbDimension
280
0
  3
Standard
 10
37.220000000000006
 20
10.93
 30
0.0
 11
37.220000000000006
 21
15.365
 31
0.0
 70
32
 71
5
  1
<>
100
AcDbAlignedDimension
 13
3.0
 23
10.93
 33
0.0
 14
3.0
 24
19.8
 34
0.0
 50
90.0
100
AcDbRotatedDimension
  0
DIMENSION
  5
CF
330
8A
100
AcDbEntity
 67
1
  8
A-ANNO-DIMS
100
AcDbDimension
280
0
  3
Standard
 10
0.0
 20
21.0
 30
0.0
 11
1.5
 21
21.0
 31
0.0
 70
32
 71
5
  1
<>
100
AcDbAlignedDimension
 13
0.0
 23
5.0
 33
0.0
 14
3.0
 24
5.0
 34
0.0
 50
0.0
100
AcDbRotatedDimension
  0
DIMENSION
  5
D0
330
8A
100
AcDbEntity
 67
1
  8
A-ANNO-DIMS
100
AcDbDimension
280
0
  3
Standard
 10
33.02
 20
21.0
 30
0.0
 11
34.52
 21
21.0
 31
0.0
 70
32
 71
5
  1
<>
100
AcDbAlignedDimension
 13
33.02
 23
5.0
 33
0.0
 14
36.02
 24
5.0
 34
0.0
 50
0.0
100
AcDbRotatedDimension
  0
POINT
  5
D1
330
8A
100
AcDbEntity
 67
1
  8
Z-DATA-NOPLOT
100
AcDbPoint
 10
0.0
 20
0.0
 30
0.0
  0
MTEXT
  5
D2
330
8A
100
AcDbEntity
 67
1
  8
A-ANNO-NOTE
100
AcDbMText
 10
0.0
 20
-2.0
 30
0.0
 40
0.16
 71
1
  3
Kirmizi kot (red grade line) datum: 0.00 m (absolute)\PFinished ground floor: red grade +0.15 m\PThis level (Zemin Kat): FFE +0.15 m, top +4.15 m above red grade\POverall building height above red grade, ALL levels through roof piyes if any: 17.25 m 
  3
-- NOT directly comparable to a gabari/eave limit on its own (a roof piyes is typically governed by a separate ridge-above-top-slab allowance, not the eave gabari) -- see the compliance report for the applicable per-check comparison, not this raw fig
  3
ure.\PLot source: Visual-proportion estimate off imardurumu.pdf/minuspalityimardurumu.pdf's plotted schema, anchored to the confirmed 713.26 m2 area -- not a surveyed dimension (see rationale.md).\PZoning source: imardurumu.pdf / minuspalityimardurum
  1
u.pdf (TAKS/KAKS/setbacks/Kat Adedi); rear setback via Planli Alanlar Imar Yonetmeligi Madde 23(1)(c); max_height re-derived from plan notes item 4.2.4 + ground_floor_elevation, see rationale.md.
  0
LWPOLYLINE
  5
D3
330
8A
100
AcDbEntity
 67
1
  8
A-ANNO-TTLB
100
AcDbPolyline
 90
4
 70
1
 10
38.52
 20
14.4
 10
47.52
 20
14.4
 10
47.52
 20
19.8
 10
38.52
 20
19.8
  0
TEXT
  5
D4
330
8A
100
AcDbEntity
 67
1
  8
A-ANNO-TTLB
100
AcDbText
 10
38.64
 20
19.341
 30
0.0
 40
0.21600000000000003
  1
PROJECT: Parcel 377/1 -- Ereğli Mah., Karamursel, Kocaeli (maximized footprint, reverse + roof duplex)
 11
38.64
 21
19.341
 31
0.0
100
AcDbText
  0
LINE
  5
D5
330
8A
100
AcDbEntity
 67
1
  8
A-ANNO-TTLB
100
AcDbLine
 10
38.52
 20
19.125
 30
0.0
 11
47.52
 21
19.125
 31
0.0
  0
TEXT
  5
D6
330
8A
100
AcDbEntity
 67
1
  8
A-ANNO-TTLB
100
AcDbText
 10
38.64
 20
18.666
 30
0.0
 40
0.21600000000000003
  1
PARCEL: Ada 377 / Parsel 1, Tapu Kutugu Eregli, Pafta G23D04D3D
 11
38.64
 21
18.666
 31
0.0
100
AcDbText
  0
LINE
  5
D7
330
8A
100
AcDbEntity
 67
1
  8
A-ANNO-TTLB
100
AcDbLine
 10
38.52
 20
18.45
 30
0.0
 11
47.52
 21
18.45
 31
0.0
  0
TEXT
  5
D8
330
8A
100
AcDbEntity
 67
1
  8
A-ANNO-TTLB
100
AcDbText
 10
38.64
 20
17.991
 30
0.0
 40
0.21600000000000003
  1
DATE: 2026-08-21
 11
38.64
 21
17.991
 31
0.0
100
AcDbText
  0
LINE
  5
D9
330
8A
100
AcDbEntity
 67
1
  8
A-ANNO-TTLB
100
AcDbLine
 10
38.52
 20
17.775
 30
0.0
 11
47.52
 21
17.775
 31
0.0
  0
TEXT
  5
DA
330
8A
100
AcDbEntity
 67
1
  8
A-ANNO-TTLB
100
AcDbText
 10
38.64
 20
17.316
 30
0.0
 40
0.21600000000000003
  1
SCALE: 1:100 (schematic)
 11
38.64
 21
17.316
 31
0.0
100
AcDbText
  0
LINE
  5
DB
330
8A
100
AcDbEntity
 67
1
  8
A-ANNO-TTLB
100
AcDbLine
 10
38.52
 20
17.1
 30
0.0
 11
47.52
 21
17.1
 31
0.0
  0
TEXT
  5
DC
330
8A
100
AcDbEntity
 67
1
  8
A-ANNO-TTLB
100
AcDbText
 10
38.64
 20
16.641000000000002
 30
0.0
 40
0.21600000000000003
  1
SHEET: A-102 -- Zemin Kat Plani (Ters Dubleks Giris Kati)
 11
38.64
 21
16.641000000000002
 31
0.0
100
AcDbText
  0
LINE
  5
DD
330
8A
100
AcDbEntity
 67
1
  8
A-ANNO-TTLB
100
AcDbLine
 10
38.52
 20
16.425
 30
0.0
 11
47.52
 21
16.425
 31
0.0
  0
TEXT
  5
DE
330
8A
100
AcDbEntity
 67
1
  8
A-ANNO-TTLB
100
AcDbText
 10
38.64
 20
15.966
 30
0.0
 40
0.21600000000000003
  1
PREPARED BY: Sirketim -- Architecture department (schematic, AI-assisted)
 11
38.64
 21
15.966
 31
0.0
100
AcDbText
  0
LINE
  5
DF
330
8A
100
AcDbEntity
 67
1
  8
A-ANNO-TTLB
100
AcDbLine
 10
38.52
 20
15.75
 30
0.0
 11
47.52
 21
15.75
 31
0.0
  0
MTEXT
  5
E0
330
8A
100
AcDbEntity
 67
1
  8
A-ANNO-TTLB
100
AcDbMText
 10
38.64
 20
15.65
 30
0.0
 40
0.162
 41
8.76
 71
1
  3
SCHEMATIC DRAWING -- NOT FOR PERMIT OR CONSTRUCTION. Requires review, revision and stamp by a licensed architect before permitting or construction. Not a substitute for a structural/MEP engineer's calculations. No governmental review or approval impl
  1
ied or granted by this drawing.
  0
ENDBLK
  5
8C
330
8A
100
AcDbEntity
  8
0
100
AcDbBlockEnd
  0
BLOCK
  5
E2
330
E1
100
AcDbEntity
  8
0
100
AcDbBlockBegin
  2
*Paper_Space2
 70
0
 10
0.0
 20
0.0
 30
0.0
  3
*Paper_Space2
  1

  0
LWPOLYLINE
  5
E5
330
E1
100
AcDbEntity
 67
1
  8
C-PROP
100
AcDbPolyline
 90
4
 70
1
 10
0.0
 20
0.0
 10
36.02
 20
0.0
 10
36.02
 20
19.8
 10
0.0
 20
19.8
  0
LWPOLYLINE
  5
E6
330
E1
100
AcDbEntity
 67
1
  8
A-ANNO-NPLT
100
AcDbPolyline
 90
4
 70
1
 10
3.0
 20
5.0
 10
33.02
 20
5.0
 10
33.02
 20
16.8
 10
3.0
 20
16.8
  0
LWPOLYLINE
  5
E7
330
E1
100
AcDbEntity
 67
1
  8
A-AREA-PLAN
100
AcDbPolyline
 90
4
 70
1
 10
3.0
 20
5.0
 10
33.02
 20
5.0
 10
33.02
 20
10.93
 10
3.0
 20
10.93
  0
LWPOLYLINE
  5
E8
330
E1
100
AcDbEntity
 67
1
  8
A-WALL
100
AcDbPolyline
 90
4
 70
1
 10
3.0
 20
5.125
 10
33.02
 20
5.125
 10
33.02
 20
4.875
 10
3.0
 20
4.875
  0
LWPOLYLINE
  5
E9
330
E1
100
AcDbEntity
 67
1
  8
A-WALL
100
AcDbPolyline
 90
4
 70
1
 10
32.895
 20
5.0
 10
32.895
 20
10.93
 10
33.145
 20
10.93
 10
33.145
 20
5.0
  0
LWPOLYLINE
  5
EA
330
E1
100
AcDbEntity
 67
1
  8
A-WALL
100
AcDbPolyline
 90
4
 70
1
 10
33.02
 20
10.805
 10
3.0
 20
10.805
 10
3.0
 20
11.055
 10
33.02
 20
11.055
  0
LWPOLYLINE
  5
EB
330
E1
100
AcDbEntity
 67
1
  8
A-WALL
100
AcDbPolyline
 90
4
 70
1
 10
3.125
 20
10.93
 10
3.125
 20
5.0
 10
2.875
 20
5.0
 10
2.875
 20
10.93
  0
LWPOLYLINE
  5
EC
330
E1
100
AcDbEntity
 67
1
  8
A-WALL-INTR
100
AcDbPolyline
 90
4
 70
1
 10
6.075
 20
5.125
 10
6.075
 20
10.805
 10
6.175
 20
10.805
 10
6.175
 20
5.125
  0
LWPOLYLINE
  5
ED
330
E1
100
AcDbEntity
 67
1
  8
A-WALL-INTR
100
AcDbPolyline
 90
4
 70
1
 10
3.125
 20
7.7749999999999995
 10
6.125
 20
7.7749999999999995
 10
6.125
 20
7.675
 10
3.125
 20
7.675
  0
LWPOLYLINE
  5
EE
330
E1
100
AcDbEntity
 67
1
  8
A-WALL-INTR
100
AcDbPolyline
 90
4
 70
1
 10
6.125
 20
6.375
 10
32.895
 20
6.375
 10
32.895
 20
6.275
 10
6.125
 20
6.275
  0
LWPOLYLINE
  5
EF
330
E1
100
AcDbEntity
 67
1
  8
A-WALL-INTR
100
AcDbPolyline
 90
4
 70
1
 10
19.435
 20
6.375
 10
19.435
 20
10.805
 10
19.635
 20
10.805
 10
19.635
 20
6.375
  0
LWPOLYLINE
  5
F0
330
E1
100
AcDbEntity
 67
1
  8
A-WALL-INTR
100
AcDbPolyline
 90
4
 70
1
 10
11.194999999999997
 20
6.375
 10
11.194999999999997
 20
10.805
 10
11.294999999999998
 20
10.805
 10
11.294999999999998
 20
6.375
  0
LWPOLYLINE
  5
F1
330
E1
100
AcDbEntity
 67
1
  8
A-WALL-INTR
100
AcDbPolyline
 90
4
 70
1
 10
13.339999999999996
 20
6.375
 10
13.339999999999996
 20
10.805
 10
13.439999999999998
 20
10.805
 10
13.439999999999998
 20
6.375
  0
LWPOLYLINE
  5
F2
330
E1
100
AcDbEntity
 67
1
  8
A-WALL-INTR
100
AcDbPolyline
 90
4
 70
1
 10
16.069999999999997
 20
6.375
 10
16.069999999999997
 20
10.805
 10
16.169999999999998
 20
10.805
 10
16.169999999999998
 20
6.375
  0
LWPOLYLINE
  5
F3
330
E1
100
AcDbEntity
 67
1
  8
A-WALL-INTR
100
AcDbPolyline
 90
4
 70
1
 10
18.214999999999996
 20
6.375
 10
18.214999999999996
 20
10.805
 10
18.314999999999998
 20
10.805
 10
18.314999999999998
 20
6.375
  0
LWPOLYLINE
  5
F4
330
E1
100
AcDbEntity
 67
1
  8
A-WALL-INTR
100
AcDbPolyline
 90
4
 70
1
 10
24.655
 20
6.375
 10
24.655
 20
10.805
 10
24.755000000000003
 20
10.805
 10
24.755000000000003
 20
6.375
  0
LWPOLYLINE
  5
F5
330
E1
100
AcDbEntity
 67
1
  8
A-WALL-INTR
100
AcDbPolyline
 90
4
 70
1
 10
26.8
 20
6.375
 10
26.8
 20
10.805
 10
26.900000000000002
 20
10.805
 10
26.900000000000002
 20
6.375
  0
LWPOLYLINE
  5
F6
330
E1
100
AcDbEntity
 67
1
  8
A-WALL-INTR
100
AcDbPolyline
 90
4
 70
1
 10
29.53
 20
6.375
 10
29.53
 20
10.805
 10
29.630000000000003
 20
10.805
 10
29.630000000000003
 20
6.375
  0
LWPOLYLINE
  5
F7
330
E1
100
AcDbEntity
 67
1
  8
A-WALL-INTR
100
AcDbPolyline
 90
4
 70
1
 10
31.675
 20
6.375
 10
31.675
 20
10.805
 10
31.775000000000002
 20
10.805
 10
31.775000000000002
 20
6.375
  0
LWPOLYLINE
  5
F8
330
E1
100
AcDbEntity
 67
1
  8
A-GLAZ
100
AcDbPolyline
 90
4
 70
1
 10
9.309999999999999
 20
10.805
 10
8.11
 20
10.805
 10
8.11
 20
11.055
 10
9.309999999999999
 20
11.055
  0
TEXT
  5
F9
330
E1
100
AcDbEntity
 67
1
  8
A-GLAZ
100
AcDbText
 10
8.709999999999999
 20
10.655
 30
0.0
 40
0.15
  1
W1
 11
8.709999999999999
 21
10.655
 31
0.0
100
AcDbText
  0
LINE
  5
FA
330
E1
100
AcDbEntity
 67
1
  8
A-GLAZ
100
AcDbLine
 10
8.709999999999999
 20
10.805
 30
0.0
 11
8.709999999999999
 21
11.055
 31
0.0
  0
LWPOLYLINE
  5
FB
330
E1
100
AcDbEntity
 67
1
  8
A-GLAZ
100
AcDbPolyline
 90
4
 70
1
 10
12.917499999999997
 20
10.805
 10
11.717499999999998
 20
10.805
 10
11.717499999999998
 20
11.055
 10
12.917499999999997
 20
11.055
  0
TEXT
  5
FC
330
E1
100
AcDbEntity
 67
1
  8
A-GLAZ
100
AcDbText
 10
12.317499999999997
 20
10.655
 30
0.0
 40
0.15
  1
W2
 11
12.317499999999997
 21
10.655
 31
0.0
100
AcDbText
  0
LINE
  5
FD
330
E1
100
AcDbEntity
 67
1
  8
A-GLAZ
100
AcDbLine
 10
12.317499999999997
 20
10.805
 30
0.0
 11
12.317499999999997
 21
11.055
 31
0.0
  0
LWPOLYLINE
  5
FE
330
E1
100
AcDbEntity
 67
1
  8
A-GLAZ
100
AcDbPolyline
 90
4
 70
1
 10
15.354999999999997
 20
10.805
 10
14.154999999999998
 20
10.805
 10
14.154999999999998
 20
11.055
 10
15.354999999999997
 20
11.055
  0
TEXT
  5
FF
330
E1
100
AcDbEntity
 67
1
  8
A-GLAZ
100
AcDbText
 10
14.754999999999997
 20
10.655
 30
0.0
 40
0.15
  1
W3
 11
14.754999999999997
 21
10.655
 31
0.0
100
AcDbText
  0
LINE
  5
100
330
E1
100
AcDbEntity
 67
1
  8
A-GLAZ
100
AcDbLine
 10
14.754999999999997
 20
10.805
 30
0.0
 11
14.754999999999997
 21
11.055
 31
0.0
  0
LWPOLYLINE
  5
101
330
E1
100
AcDbEntity
 67
1
  8
A-GLAZ
100
AcDbPolyline
 90
4
 70
1
 10
17.792499999999997
 20
10.805
 10
16.592499999999998
 20
10.805
 10
16.592499999999998
 20
11.055
 10
17.792499999999997
 20
11.055
  0
TEXT
  5
102
330
E1
100
AcDbEntity
 67
1
  8
A-GLAZ
100
AcDbText
 10
17.192499999999995
 20
10.655
 30
0.0
 40
0.15
  1
W4
 11
17.192499999999995
 21
10.655
 31
0.0
100
AcDbText
  0
LINE
  5
103
330
E1
100
AcDbEntity
 67
1
  8
A-GLAZ
100
AcDbLine
 10
17.192499999999995
 20
10.805
 30
0.0
 11
17.192499999999995
 21
11.055
 31
0.0
  0
LWPOLYLINE
  5
104
330
E1
100
AcDbEntity
 67
1
  8
A-GLAZ
100
AcDbPolyline
 90
4
 70
1
 10
19.134999999999998
 20
10.805
 10
18.564999999999998
 20
10.805
 10
18.564999999999998
 20
11.055
 10
19.134999999999998
 20
11.055
  0
TEXT
  5
105
330
E1
100
AcDbEntity
 67
1
  8
A-GLAZ
100
AcDbText
 10
18.849999999999998
 20
10.655
 30
0.0
 40
0.15
  1
W5
 11
18.849999999999998
 21
10.655
 31
0.0
100
AcDbText
  0
LINE
  5
106
330
E1
100
AcDbEntity
 67
1
  8
A-GLAZ
100
AcDbLine
 10
18.849999999999998
 20
10.805
 30
0.0
 11
18.849999999999998
 21
11.055
 31
0.0
  0
LWPOLYLINE
  5
107
330
E1
100
AcDbEntity
 67
1
  8
A-GLAZ
100
AcDbPolyline
 90
4
 70
1
 10
22.770000000000003
 20
10.805
 10
21.570000000000004
 20
10.805
 10
21.570000000000004
 20
11.055
 10
22.770000000000003
 20
11.055
  0
TEXT
  5
108
330
E1
100
AcDbEntity
 67
1
  8
A-GLAZ
100
AcDbText
 10
22.17
 20
10.655
 30
0.0
 40
0.15
  1
W1
 11
22.17
 21
10.655
 31
0.0
100
AcDbText
  0
LINE
  5
109
330
E1
100
AcDbEntity
 67
1
  8
A-GLAZ
100
AcDbLine
 10
22.17
 20
10.805
 30
0.0
 11
22.17
 21
11.055
 31
0.0
  0
LWPOLYLINE
  5
10A
330
E1
100
AcDbEntity
 67
1
  8
A-GLAZ
100
AcDbPolyline
 90
4
 70
1
 10
26.377500000000005
 20
10.805
 10
25.177500000000006
 20
10.805
 10
25.177500000000006
 20
11.055
 10
26.377500000000005
 20
11.055
  0
TEXT
  5
10B
330
E1
100
AcDbEntity
 67
1
  8
A-GLAZ
100
AcDbText
 10
25.777500000000003
 20
10.655
 30
0.0
 40
0.15
  1
W2
 11
25.777500000000003
 21
10.655
 31
0.0
100
AcDbText
  0
LINE
  5
10C
330
E1
100
AcDbEntity
 67
1
  8
A-GLAZ
100
AcDbLine
 10
25.777500000000003
 20
10.805
 30
0.0
 11
25.777500000000003
 21
11.055
 31
0.0
  0
LWPOLYLINE
  5
10D
330
E1
100
AcDbEntity
 67
1
  8
A-GLAZ
100
AcDbPolyline
 90
4
 70
1
 10
28.815000000000005
 20
10.805
 10
27.615000000000006
 20
10.805
 10
27.615000000000006
 20
11.055
 10
28.815000000000005
 20
11.055
  0
TEXT
  5
10E
330
E1
100
AcDbEntity
 67
1
  8
A-GLAZ
100
AcDbText
 10
28.215000000000003
 20
10.655
 30
0.0
 40
0.15
  1
W3
 11
28.215000000000003
 21
10.655
 31
0.0
100
AcDbText
  0
LINE
  5
10F
330
E1
100
AcDbEntity
 67
1
  8
A-GLAZ
100
AcDbLine
 10
28.215000000000003
 20
10.805
 30
0.0
 11
28.215000000000003
 21
11.055
 31
0.0
  0
LWPOLYLINE
  5
110
330
E1
100
AcDbEntity
 67
1
  8
A-GLAZ
100
AcDbPolyline
 90
4
 70
1
 10
31.252500000000005
 20
10.805
 10
30.052500000000006
 20
10.805
 10
30.052500000000006
 20
11.055
 10
31.252500000000005
 20
11.055
  0
TEXT
  5
111
330
E1
100
AcDbEntity
 67
1
  8
A-GLAZ
100
AcDbText
 10
30.652500000000003
 20
10.655
 30
0.0
 40
0.15
  1
W4
 11
30.652500000000003
 21
10.655
 31
0.0
100
AcDbText
  0
LINE
  5
112
330
E1
100
AcDbEntity
 67
1
  8
A-GLAZ
100
AcDbLine
 10
30.652500000000003
 20
10.805
 30
0.0
 11
30.652500000000003
 21
11.055
 31
0.0
  0
LWPOLYLINE
  5
113
330
E1
100
AcDbEntity
 67
1
  8
A-GLAZ
100
AcDbPolyline
 90
4
 70
1
 10
32.595000000000006
 20
10.805
 10
32.025000000000006
 20
10.805
 10
32.025000000000006
 20
11.055
 10
32.595000000000006
 20
11.055
  0
TEXT
  5
114
330
E1
100
AcDbEntity
 67
1
  8
A-GLAZ
100
AcDbText
 10
32.31
 20
10.655
 30
0.0
 40
0.15
  1
W5
 11
32.31
 21
10.655
 31
0.0
100
AcDbText
  0
LINE
  5
115
330
E1
100
AcDbEntity
 67
1
  8
A-GLAZ
100
AcDbLine
 10
32.31
 20
10.805
 30
0.0
 11
32.31
 21
11.055
 31
0.0
  0
LWPOLYLINE
  5
116
330
E1
100
AcDbEntity
 67
1
  8
A-DOOR
100
AcDbPolyline
 90
4
 70
1
 10
8.209999999999999
 20
6.375
 10
9.209999999999999
 20
6.375
 10
9.209999999999999
 20
6.275
 10
8.209999999999999
 20
6.275
  0
TEXT
  5
117
330
E1
100
AcDbEntity
 67
1
  8
A-DOOR
100
AcDbText
 10
8.709999999999999
 20
6.525
 30
0.0
 40
0.15
  1
D1
 11
8.709999999999999
 21
6.525
 31
0.0
100
AcDbText
  0
ARC
  5
118
330
E1
100
AcDbEntity
 67
1
  8
A-DOOR
100
AcDbCircle
 10
8.209999999999999
 20
6.325
 30
0.0
 40
1.0
100
AcDbArc
 50
0.0
 51
90.0
  0
LINE
  5
119
330
E1
100
AcDbEntity
 67
1
  8
A-DOOR
100
AcDbLine
 10
8.209999999999999
 20
6.325
 30
0.0
 11
8.209999999999999
 21
7.325
 31
0.0
  0
LWPOLYLINE
  5
11A
330
E1
100
AcDbEntity
 67
1
  8
A-DOOR
100
AcDbPolyline
 90
4
 70
1
 10
21.67
 20
6.375
 10
22.67
 20
6.375
 10
22.67
 20
6.275
 10
21.67
 20
6.275
  0
TEXT
  5
11B
330
E1
100
AcDbEntity
 67
1
  8
A-DOOR
100
AcDbText
 10
22.17
 20
6.525
 30
0.0
 40
0.15
  1
D2
 11
22.17
 21
6.525
 31
0.0
100
AcDbText
  0
ARC
  5
11C
330
E1
100
AcDbEntity
 67
1
  8
A-DOOR
100
AcDbCircle
 10
21.67
 20
6.325
 30
0.0
 40
1.0
100
AcDbArc
 50
0.0
 51
90.0
  0
LINE
  5
11D
330
E1
100
AcDbEntity
 67
1
  8
A-DOOR
100
AcDbLine
 10
21.67
 20
6.325
 30
0.0
 11
21.67
 21
7.325
 31
0.0
  0
LWPOLYLINE
  5
11E
330
E1
100
AcDbEntity
 67
1
  8
A-AREA-IDEN
100
AcDbPolyline
 90
4
 70
1
 10
3.125
 20
7.7749999999999995
 10
6.075
 20
7.7749999999999995
 10
6.075
 20
10.805
 10
3.125
 20
10.805
  0
MTEXT
  5
11F
330
E1
100
AcDbEntity
 67
1
  8
A-AREA-IDEN
100
AcDbMText
 10
4.6
 20
9.29
 30
0.0
 40
0.24
 71
1
  1
Ortak Sahanlik\P8.9 m2
  0
LWPOLYLINE
  5
120
330
E1
100
AcDbEntity
 67
1
  8
A-AREA-IDEN
100
AcDbPolyline
 90
4
 70
1
 10
3.125
 20
5.125
 10
6.075
 20
5.125
 10
6.075
 20
7.675
 10
3.125
 20
7.675
  0
MTEXT
  5
121
330
E1
100
AcDbEntity
 67
1
  8
A-AREA-IDEN
100
AcDbMText
 10
4.6
 20
6.4
 30
0.0
 40
0.24
 71
1
  1
Merdiven + Asansor Cekirdegi\P7.5 m2
  0
LWPOLYLINE
  5
122
330
E1
100
AcDbEntity
 67
1
  8
A-AREA-IDEN
100
AcDbPolyline
 90
4
 70
1
 10
6.175
 20
5.125
 10
32.895
 20
5.125
 10
32.895
 20
6.275
 10
6.175
 20
6.275
  0
MTEXT
  5
123
330
E1
100
AcDbEntity
 67
1
  8
A-AREA-IDEN
100
AcDbMText
 10
19.535
 20
5.7
 30
0.0
 40
0.24
 71
1
  1
Ortak Kat Holu\P30.7 m2
  0
LWPOLYLINE
  5
124
330
E1
100
AcDbEntity
 67
1
  8
A-AREA-IDEN
100
AcDbPolyline
 90
4
 70
1
 10
6.175
 20
6.375
 10
11.194999999999997
 20
6.375
 10
11.194999999999997
 20
10.805
 10
6.175
 20
10.805
  0
MTEXT
  5
125
330
E1
100
AcDbEntity
 67
1
  8
A-AREA-IDEN
100
AcDbMText
 10
8.684999999999999
 20
8.59
 30
0.0
 40
0.24
 71
1
  1
Salon\P22.2 m2
  0
LWPOLYLINE
  5
126
330
E1
100
AcDbEntity
 67
1
  8
A-AREA-IDEN
100
AcDbPolyline
 90
4
 70
1
 10
11.294999999999998
 20
6.375
 10
13.339999999999996
 20
6.375
 10
13.339999999999996
 20
10.805
 10
11.294999999999998
 20
10.805
  0
MTEXT
  5
127
330
E1
100
AcDbEntity
 67
1
  8
A-AREA-IDEN
100
AcDbMText
 10
12.317499999999997
 20
8.59
 30
0.0
 40
0.24
 71
1
  1
Mutfak\P9.1 m2
  0
LWPOLYLINE
  5
128
330
E1
100
AcDbEntity
 67
1
  8
A-AREA-IDEN
100
AcDbPolyline
 90
4
 70
1
 10
13.439999999999998
 20
6.375
 10
16.069999999999997
 20
6.375
 10
16.069999999999997
 20
10.805
 10
13.439999999999998
 20
10.805
  0
MTEXT
  5
129
330
E1
100
AcDbEntity
 67
1
  8
A-AREA-IDEN
100
AcDbMText
 10
14.754999999999997
 20
8.59
 30
0.0
 40
0.24
 71
1
  1
Yatak Odasi 1\P11.7 m2
  0
LWPOLYLINE
  5
12A
330
E1
100
AcDbEntity
 67
1
  8
A-AREA-IDEN
100
AcDbPolyline
 90
4
 70
1
 10
16.169999999999998
 20
6.375
 10
18.214999999999996
 20
6.375
 10
18.214999999999996
 20
10.805
 10
16.169999999999998
 20
10.805
  0
MTEXT
  5
12B
330
E1
100
AcDbEntity
 67
1
  8
A-AREA-IDEN
100
AcDbMText
 10
17.192499999999995
 20
8.59
 30
0.0
 40
0.24
 71
1
  1
Yatak Odasi 2\P9.1 m2
  0
LWPOLYLINE
  5
12C
330
E1
100
AcDbEntity
 67
1
  8
A-AREA-IDEN
100
AcDbPolyline
 90
4
 70
1
 10
18.314999999999998
 20
6.375
 10
19.435
 20
6.375
 10
19.435
 20
10.805
 10
18.314999999999998
 20
10.805
  0
MTEXT
  5
12D
330
E1
100
AcDbEntity
 67
1
  8
A-AREA-IDEN
100
AcDbMText
 10
18.875
 20
8.59
 30
0.0
 40
0.24
 71
1
  1
Banyo WC\P5.0 m2
  0
LWPOLYLINE
  5
12E
330
E1
100
AcDbEntity
 67
1
  8
A-AREA-IDEN
100
AcDbPolyline
 90
4
 70
1
 10
19.635
 20
6.375
 10
24.655
 20
6.375
 10
24.655
 20
10.805
 10
19.635
 20
10.805
  0
MTEXT
  5
12F
330
E1
100
AcDbEntity
 67
1
  8
A-AREA-IDEN
100
AcDbMText
 10
22.145000000000003
 20
8.59
 30
0.0
 40
0.24
 71
1
  1
Salon\P22.2 m2
  0
LWPOLYLINE
  5
130
330
E1
100
AcDbEntity
 67
1
  8
A-AREA-IDEN
100
AcDbPolyline
 90
4
 70
1
 10
24.755000000000003
 20
6.375
 10
26.8
 20
6.375
 10
26.8
 20
10.805
 10
24.755000000000003
 20
10.805
  0
MTEXT
  5
131
330
E1
100
AcDbEntity
 67
1
  8
A-AREA-IDEN
100
AcDbMText
 10
25.777500000000003
 20
8.59
 30
0.0
 40
0.24
 71
1
  1
Mutfak\P9.1 m2
  0
LWPOLYLINE
  5
132
330
E1
100
AcDbEntity
 67
1
  8
A-AREA-IDEN
100
AcDbPolyline
 90
4
 70
1
 10
26.900000000000002
 20
6.375
 10
29.53
 20
6.375
 10
29.53
 20
10.805
 10
26.900000000000002
 20
10.805
  0
MTEXT
  5
133
330
E1
100
AcDbEntity
 67
1
  8
A-AREA-IDEN
100
AcDbMText
 10
28.215000000000003
 20
8.59
 30
0.0
 40
0.24
 71
1
  1
Yatak Odasi 1\P11.7 m2
  0
LWPOLYLINE
  5
134
330
E1
100
AcDbEntity
 67
1
  8
A-AREA-IDEN
100
AcDbPolyline
 90
4
 70
1
 10
29.630000000000003
 20
6.375
 10
31.675
 20
6.375
 10
31.675
 20
10.805
 10
29.630000000000003
 20
10.805
  0
MTEXT
  5
135
330
E1
100
AcDbEntity
 67
1
  8
A-AREA-IDEN
100
AcDbMText
 10
30.652500000000003
 20
8.59
 30
0.0
 40
0.24
 71
1
  1
Yatak Odasi 2\P9.1 m2
  0
LWPOLYLINE
  5
136
330
E1
100
AcDbEntity
 67
1
  8
A-AREA-IDEN
100
AcDbPolyline
 90
4
 70
1
 10
31.775000000000002
 20
6.375
 10
32.895
 20
6.375
 10
32.895
 20
10.805
 10
31.775000000000002
 20
10.805
  0
MTEXT
  5
137
330
E1
100
AcDbEntity
 67
1
  8
A-AREA-IDEN
100
AcDbMText
 10
32.335
 20
8.59
 30
0.0
 40
0.24
 71
1
  1
Banyo WC\P5.0 m2
  0
DIMENSION
  5
138
330
E1
100
AcDbEntity
 67
1
  8
A-ANNO-DIMS
100
AcDbDimension
280
0
  3
Standard
 10
0.0
 20
-1.0
 30
0.0
 11
18.01
 21
-1.0
 31
0.0
 70
32
 71
5
  1
<>
100
AcDbAlignedDimension
 13
0.0
 23
0.0
 33
0.0
 14
36.02
 24
0.0
 34
0.0
 50
0.0
100
AcDbRotatedDimension
  0
DIMENSION
  5
139
330
E1
100
AcDbEntity
 67
1
  8
A-ANNO-DIMS
100
AcDbDimension
280
0
  3
Standard
 10
-1.0
 20
0.0
 30
0.0
 11
-1.0
 21
9.9
 31
0.0
 70
32
 71
5
  1
<>
100
AcDbAlignedDimension
 13
0.0
 23
0.0
 33
0.0
 14
0.0
 24
19.8
 34
0.0
 50
90.0
100
AcDbRotatedDimension
  0
DIMENSION
  5
13A
330
E1
100
AcDbEntity
 67
1
  8
A-ANNO-DIMS
100
AcDbDimension
280
0
  3
Standard
 10
3.0
 20
11.53
 30
0.0
 11
18.01
 21
11.53
 31
0.0
 70
32
 71
5
  1
<>
100
AcDbAlignedDimension
 13
3.0
 23
10.93
 33
0.0
 14
33.02
 24
10.93
 34
0.0
 50
0.0
100
AcDbRotatedDimension
  0
DIMENSION
  5
13B
330
E1
100
AcDbEntity
 67
1
  8
A-ANNO-DIMS
100
AcDbDimension
280
0
  3
Standard
 10
33.620000000000005
 20
5.0
 30
0.0
 11
33.620000000000005
 21
7.965
 31
0.0
 70
32
 71
5
  1
<>
100
AcDbAlignedDimension
 13
33.02
 23
5.0
 33
0.0
 14
33.02
 24
10.93
 34
0.0
 50
90.0
100
AcDbRotatedDimension
  0
DIMENSION
  5
13C
330
E1
100
AcDbEntity
 67
1
  8
A-ANNO-DIMS
100
AcDbDimension
280
0
  3
Standard
 10
37.220000000000006
 20
0.0
 30
0.0
 11
37.220000000000006
 21
2.5
 31
0.0
 70
32
 71
5
  1
<>
100
AcDbAlignedDimension
 13
3.0
 23
0.0
 33
0.0
 14
3.0
 24
5.0
 34
0.0
 50
90.0
100
AcDbRotatedDimension
  0
DIMENSION
  5
13D
330
E1
100
AcDbEntity
 67
1
  8
A-ANNO-DIMS
100
AcDbDimension
280
0
  3
Standard
 10
37.220000000000006
 20
10.93
 30
0.0
 11
37.220000000000006
 21
15.365
 31
0.0
 70
32
 71
5
  1
<>
100
AcDbAlignedDimension
 13
3.0
 23
10.93
 33
0.0
 14
3.0
 24
19.8
 34
0.0
 50
90.0
100
AcDbRotatedDimension
  0
DIMENSION
  5
13E
330
E1
100
AcDbEntity
 67
1
  8
A-ANNO-DIMS
100
AcDbDimension
280
0
  3
Standard
 10
0.0
 20
21.0
 30
0.0
 11
1.5
 21
21.0
 31
0.0
 70
32
 71
5
  1
<>
100
AcDbAlignedDimension
 13
0.0
 23
5.0
 33
0.0
 14
3.0
 24
5.0
 34
0.0
 50
0.0
100
AcDbRotatedDimension
  0
DIMENSION
  5
13F
330
E1
100
AcDbEntity
 67
1
  8
A-ANNO-DIMS
100
AcDbDimension
280
0
  3
Standard
 10
33.02
 20
21.0
 30
0.0
 11
34.52
 21
21.0
 31
0.0
 70
32
 71
5
  1
<>
100
AcDbAlignedDimension
 13
33.02
 23
5.0
 33
0.0
 14
36.02
 24
5.0
 34
0.0
 50
0.0
100
AcDbRotatedDimension
  0
POINT
  5
140
330
E1
100
AcDbEntity
 67
1
  8
Z-DATA-NOPLOT
100
AcDbPoint
 10
0.0
 20
0.0
 30
0.0
  0
MTEXT
  5
141
330
E1
100
AcDbEntity
 67
1
  8
A-ANNO-NOTE
100
AcDbMText
 10
0.0
 20
-2.0
 30
0.0
 40
0.16
 71
1
  3
Kirmizi kot (red grade line) datum: 0.00 m (absolute)\PFinished ground floor: red grade +4.15 m\PThis level (1. Normal Kat): FFE +4.15 m, top +7.65 m above red grade\POverall building height above red grade, ALL levels through roof piyes if any: 17.2
  3
5 m -- NOT directly comparable to a gabari/eave limit on its own (a roof piyes is typically governed by a separate ridge-above-top-slab allowance, not the eave gabari) -- see the compliance report for the applicable per-check comparison, not this raw
  3
 figure.\PLot source: Visual-proportion estimate off imardurumu.pdf/minuspalityimardurumu.pdf's plotted schema, anchored to the confirmed 713.26 m2 area -- not a surveyed dimension (see rationale.md).\PZoning source: imardurumu.pdf / minuspalityimard
  1
urumu.pdf (TAKS/KAKS/setbacks/Kat Adedi); rear setback via Planli Alanlar Imar Yonetmeligi Madde 23(1)(c); max_height re-derived from plan notes item 4.2.4 + ground_floor_elevation, see rationale.md.
  0
LWPOLYLINE
  5
142
330
E1
100
AcDbEntity
 67
1
  8
A-ANNO-TTLB
100
AcDbPolyline
 90
4
 70
1
 10
38.52
 20
14.4
 10
47.52
 20
14.4
 10
47.52
 20
19.8
 10
38.52
 20
19.8
  0
TEXT
  5
143
330
E1
100
AcDbEntity
 67
1
  8
A-ANNO-TTLB
100
AcDbText
 10
38.64
 20
19.341
 30
0.0
 40
0.21600000000000003
  1
PROJECT: Parcel 377/1 -- Ereğli Mah., Karamursel, Kocaeli (maximized footprint, reverse + roof duplex)
 11
38.64
 21
19.341
 31
0.0
100
AcDbText
  0
LINE
  5
144
330
E1
100
AcDbEntity
 67
1
  8
A-ANNO-TTLB
100
AcDbLine
 10
38.52
 20
19.125
 30
0.0
 11
47.52
 21
19.125
 31
0.0
  0
TEXT
  5
145
330
E1
100
AcDbEntity
 67
1
  8
A-ANNO-TTLB
100
AcDbText
 10
38.64
 20
18.666
 30
0.0
 40
0.21600000000000003
  1
PARCEL: Ada 377 / Parsel 1, Tapu Kutugu Eregli, Pafta G23D04D3D
 11
38.64
 21
18.666
 31
0.0
100
AcDbText
  0
LINE
  5
146
330
E1
100
AcDbEntity
 67
1
  8
A-ANNO-TTLB
100
AcDbLine
 10
38.52
 20
18.45
 30
0.0
 11
47.52
 21
18.45
 31
0.0
  0
TEXT
  5
147
330
E1
100
AcDbEntity
 67
1
  8
A-ANNO-TTLB
100
AcDbText
 10
38.64
 20
17.991
 30
0.0
 40
0.21600000000000003
  1
DATE: 2026-08-21
 11
38.64
 21
17.991
 31
0.0
100
AcDbText
  0
LINE
  5
148
330
E1
100
AcDbEntity
 67
1
  8
A-ANNO-TTLB
100
AcDbLine
 10
38.52
 20
17.775
 30
0.0
 11
47.52
 21
17.775
 31
0.0
  0
TEXT
  5
149
330
E1
100
AcDbEntity
 67
1
  8
A-ANNO-TTLB
100
AcDbText
 10
38.64
 20
17.316
 30
0.0
 40
0.21600000000000003
  1
SCALE: 1:100 (schematic)
 11
38.64
 21
17.316
 31
0.0
100
AcDbText
  0
LINE
  5
14A
330
E1
100
AcDbEntity
 67
1
  8
A-ANNO-TTLB
100
AcDbLine
 10
38.52
 20
17.1
 30
0.0
 11
47.52
 21
17.1
 31
0.0
  0
TEXT
  5
14B
330
E1
100
AcDbEntity
 67
1
  8
A-ANNO-TTLB
100
AcDbText
 10
38.64
 20
16.641000000000002
 30
0.0
 40
0.21600000000000003
  1
SHEET: A-103 -- 1. Normal Kat Plani
 11
38.64
 21
16.641000000000002
 31
0.0
100
AcDbText
  0
LINE
  5
14C
330
E1
100
AcDbEntity
 67
1
  8
A-ANNO-TTLB
100
AcDbLine
 10
38.52
 20
16.425
 30
0.0
 11
47.52
 21
16.425
 31
0.0
  0
TEXT
  5
14D
330
E1
100
AcDbEntity
 67
1
  8
A-ANNO-TTLB
100
AcDbText
 10
38.64
 20
15.966
 30
0.0
 40
0.21600000000000003
  1
PREPARED BY: Sirketim -- Architecture department (schematic, AI-assisted)
 11
38.64
 21
15.966
 31
0.0
100
AcDbText
  0
LINE
  5
14E
330
E1
100
AcDbEntity
 67
1
  8
A-ANNO-TTLB
100
AcDbLine
 10
38.52
 20
15.75
 30
0.0
 11
47.52
 21
15.75
 31
0.0
  0
MTEXT
  5
14F
330
E1
100
AcDbEntity
 67
1
  8
A-ANNO-TTLB
100
AcDbMText
 10
38.64
 20
15.65
 30
0.0
 40
0.162
 41
8.76
 71
1
  3
SCHEMATIC DRAWING -- NOT FOR PERMIT OR CONSTRUCTION. Requires review, revision and stamp by a licensed architect before permitting or construction. Not a substitute for a structural/MEP engineer's calculations. No governmental review or approval impl
  1
ied or granted by this drawing.
  0
ENDBLK
  5
E3
330
E1
100
AcDbEntity
  8
0
100
AcDbBlockEnd
  0
BLOCK
  5
151
330
150
100
AcDbEntity
  8
0
100
AcDbBlockBegin
  2
*Paper_Space3
 70
0
 10
0.0
 20
0.0
 30
0.0
  3
*Paper_Space3
  1

  0
LWPOLYLINE
  5
154
330
150
100
AcDbEntity
 67
1
  8
C-PROP
100
AcDbPolyline
 90
4
 70
1
 10
0.0
 20
0.0
 10
36.02
 20
0.0
 10
36.02
 20
19.8
 10
0.0
 20
19.8
  0
LWPOLYLINE
  5
155
330
150
100
AcDbEntity
 67
1
  8
A-ANNO-NPLT
100
AcDbPolyline
 90
4
 70
1
 10
3.0
 20
5.0
 10
33.02
 20
5.0
 10
33.02
 20
16.8
 10
3.0
 20
16.8
  0
LWPOLYLINE
  5
156
330
150
100
AcDbEntity
 67
1
  8
A-AREA-PLAN
100
AcDbPolyline
 90
4
 70
1
 10
3.0
 20
5.0
 10
33.02
 20
5.0
 10
33.02
 20
10.93
 10
3.0
 20
10.93
  0
LWPOLYLINE
  5
157
330
150
100
AcDbEntity
 67
1
  8
A-WALL
100
AcDbPolyline
 90
4
 70
1
 10
3.0
 20
5.125
 10
33.02
 20
5.125
 10
33.02
 20
4.875
 10
3.0
 20
4.875
  0
LWPOLYLINE
  5
158
330
150
100
AcDbEntity
 67
1
  8
A-WALL
100
AcDbPolyline
 90
4
 70
1
 10
32.895
 20
5.0
 10
32.895
 20
10.93
 10
33.145
 20
10.93
 10
33.145
 20
5.0
  0
LWPOLYLINE
  5
159
330
150
100
AcDbEntity
 67
1
  8
A-WALL
100
AcDbPolyline
 90
4
 70
1
 10
33.02
 20
10.805
 10
3.0
 20
10.805
 10
3.0
 20
11.055
 10
33.02
 20
11.055
  0
LWPOLYLINE
  5
15A
330
150
100
AcDbEntity
 67
1
  8
A-WALL
100
AcDbPolyline
 90
4
 70
1
 10
3.125
 20
10.93
 10
3.125
 20
5.0
 10
2.875
 20
5.0
 10
2.875
 20
10.93
  0
LWPOLYLINE
  5
15B
330
150
100
AcDbEntity
 67
1
  8
A-WALL-INTR
100
AcDbPolyline
 90
4
 70
1
 10
6.075
 20
5.125
 10
6.075
 20
10.805
 10
6.175
 20
10.805
 10
6.175
 20
5.125
  0
LWPOLYLINE
  5
15C
330
150
100
AcDbEntity
 67
1
  8
A-WALL-INTR
100
AcDbPolyline
 90
4
 70
1
 10
3.125
 20
7.7749999999999995
 10
6.125
 20
7.7749999999999995
 10
6.125
 20
7.675
 10
3.125
 20
7.675
  0
LWPOLYLINE
  5
15D
330
150
100
AcDbEntity
 67
1
  8
A-WALL-INTR
100
AcDbPolyline
 90
4
 70
1
 10
6.125
 20
6.375
 10
32.895
 20
6.375
 10
32.895
 20
6.275
 10
6.125
 20
6.275
  0
LWPOLYLINE
  5
15E
330
150
100
AcDbEntity
 67
1
  8
A-WALL-INTR
100
AcDbPolyline
 90
4
 70
1
 10
19.435
 20
6.375
 10
19.435
 20
10.805
 10
19.635
 20
10.805
 10
19.635
 20
6.375
  0
LWPOLYLINE
  5
15F
330
150
100
AcDbEntity
 67
1
  8
A-WALL-INTR
100
AcDbPolyline
 90
4
 70
1
 10
11.194999999999997
 20
6.375
 10
11.194999999999997
 20
10.805
 10
11.294999999999998
 20
10.805
 10
11.294999999999998
 20
6.375
  0
LWPOLYLINE
  5
160
330
150
100
AcDbEntity
 67
1
  8
A-WALL-INTR
100
AcDbPolyline
 90
4
 70
1
 10
13.339999999999996
 20
6.375
 10
13.339999999999996
 20
10.805
 10
13.439999999999998
 20
10.805
 10
13.439999999999998
 20
6.375
  0
LWPOLYLINE
  5
161
330
150
100
AcDbEntity
 67
1
  8
A-WALL-INTR
100
AcDbPolyline
 90
4
 70
1
 10
16.069999999999997
 20
6.375
 10
16.069999999999997
 20
10.805
 10
16.169999999999998
 20
10.805
 10
16.169999999999998
 20
6.375
  0
LWPOLYLINE
  5
162
330
150
100
AcDbEntity
 67
1
  8
A-WALL-INTR
100
AcDbPolyline
 90
4
 70
1
 10
18.214999999999996
 20
6.375
 10
18.214999999999996
 20
10.805
 10
18.314999999999998
 20
10.805
 10
18.314999999999998
 20
6.375
  0
LWPOLYLINE
  5
163
330
150
100
AcDbEntity
 67
1
  8
A-WALL-INTR
100
AcDbPolyline
 90
4
 70
1
 10
24.655
 20
6.375
 10
24.655
 20
10.805
 10
24.755000000000003
 20
10.805
 10
24.755000000000003
 20
6.375
  0
LWPOLYLINE
  5
164
330
150
100
AcDbEntity
 67
1
  8
A-WALL-INTR
100
AcDbPolyline
 90
4
 70
1
 10
26.8
 20
6.375
 10
26.8
 20
10.805
 10
26.900000000000002
 20
10.805
 10
26.900000000000002
 20
6.375
  0
LWPOLYLINE
  5
165
330
150
100
AcDbEntity
 67
1
  8
A-WALL-INTR
100
AcDbPolyline
 90
4
 70
1
 10
29.53
 20
6.375
 10
29.53
 20
10.805
 10
29.630000000000003
 20
10.805
 10
29.630000000000003
 20
6.375
  0
LWPOLYLINE
  5
166
330
150
100
AcDbEntity
 67
1
  8
A-WALL-INTR
100
AcDbPolyline
 90
4
 70
1
 10
31.675
 20
6.375
 10
31.675
 20
10.805
 10
31.775000000000002
 20
10.805
 10
31.775000000000002
 20
6.375
  0
LWPOLYLINE
  5
167
330
150
100
AcDbEntity
 67
1
  8
A-GLAZ
100
AcDbPolyline
 90
4
 70
1
 10
9.309999999999999
 20
10.805
 10
8.11
 20
10.805
 10
8.11
 20
11.055
 10
9.309999999999999
 20
11.055
  0
TEXT
  5
168
330
150
100
AcDbEntity
 67
1
  8
A-GLAZ
100
AcDbText
 10
8.709999999999999
 20
10.655
 30
0.0
 40
0.15
  1
W1
 11
8.709999999999999
 21
10.655
 31
0.0
100
AcDbText
  0
LINE
  5
169
330
150
100
AcDbEntity
 67
1
  8
A-GLAZ
100
AcDbLine
 10
8.709999999999999
 20
10.805
 30
0.0
 11
8.709999999999999
 21
11.055
 31
0.0
  0
LWPOLYLINE
  5
16A
330
150
100
AcDbEntity
 67
1
  8
A-GLAZ
100
AcDbPolyline
 90
4
 70
1
 10
12.917499999999997
 20
10.805
 10
11.717499999999998
 20
10.805
 10
11.717499999999998
 20
11.055
 10
12.917499999999997
 20
11.055
  0
TEXT
  5
16B
330
150
100
AcDbEntity
 67
1
  8
A-GLAZ
100
AcDbText
 10
12.317499999999997
 20
10.655
 30
0.0
 40
0.15
  1
W2
 11
12.317499999999997
 21
10.655
 31
0.0
100
AcDbText
  0
LINE
  5
16C
330
150
100
AcDbEntity
 67
1
  8
A-GLAZ
100
AcDbLine
 10
12.317499999999997
 20
10.805
 30
0.0
 11
12.317499999999997
 21
11.055
 31
0.0
  0
LWPOLYLINE
  5
16D
330
150
100
AcDbEntity
 67
1
  8
A-GLAZ
100
AcDbPolyline
 90
4
 70
1
 10
15.354999999999997
 20
10.805
 10
14.154999999999998
 20
10.805
 10
14.154999999999998
 20
11.055
 10
15.354999999999997
 20
11.055
  0
TEXT
  5
16E
330
150
100
AcDbEntity
 67
1
  8
A-GLAZ
100
AcDbText
 10
14.754999999999997
 20
10.655
 30
0.0
 40
0.15
  1
W3
 11
14.754999999999997
 21
10.655
 31
0.0
100
AcDbText
  0
LINE
  5
16F
330
150
100
AcDbEntity
 67
1
  8
A-GLAZ
100
AcDbLine
 10
14.754999999999997
 20
10.805
 30
0.0
 11
14.754999999999997
 21
11.055
 31
0.0
  0
LWPOLYLINE
  5
170
330
150
100
AcDbEntity
 67
1
  8
A-GLAZ
100
AcDbPolyline
 90
4
 70
1
 10
17.792499999999997
 20
10.805
 10
16.592499999999998
 20
10.805
 10
16.592499999999998
 20
11.055
 10
17.792499999999997
 20
11.055
  0
TEXT
  5
171
330
150
100
AcDbEntity
 67
1
  8
A-GLAZ
100
AcDbText
 10
17.192499999999995
 20
10.655
 30
0.0
 40
0.15
  1
W4
 11
17.192499999999995
 21
10.655
 31
0.0
100
AcDbText
  0
LINE
  5
172
330
150
100
AcDbEntity
 67
1
  8
A-GLAZ
100
AcDbLine
 10
17.192499999999995
 20
10.805
 30
0.0
 11
17.192499999999995
 21
11.055
 31
0.0
  0
LWPOLYLINE
  5
173
330
150
100
AcDbEntity
 67
1
  8
A-GLAZ
100
AcDbPolyline
 90
4
 70
1
 10
19.134999999999998
 20
10.805
 10
18.564999999999998
 20
10.805
 10
18.564999999999998
 20
11.055
 10
19.134999999999998
 20
11.055
  0
TEXT
  5
174
330
150
100
AcDbEntity
 67
1
  8
A-GLAZ
100
AcDbText
 10
18.849999999999998
 20
10.655
 30
0.0
 40
0.15
  1
W5
 11
18.849999999999998
 21
10.655
 31
0.0
100
AcDbText
  0
LINE
  5
175
330
150
100
AcDbEntity
 67
1
  8
A-GLAZ
100
AcDbLine
 10
18.849999999999998
 20
10.805
 30
0.0
 11
18.849999999999998
 21
11.055
 31
0.0
  0
LWPOLYLINE
  5
176
330
150
100
AcDbEntity
 67
1
  8
A-GLAZ
100
AcDbPolyline
 90
4
 70
1
 10
22.770000000000003
 20
10.805
 10
21.570000000000004
 20
10.805
 10
21.570000000000004
 20
11.055
 10
22.770000000000003
 20
11.055
  0
TEXT
  5
177
330
150
100
AcDbEntity
 67
1
  8
A-GLAZ
100
AcDbText
 10
22.17
 20
10.655
 30
0.0
 40
0.15
  1
W1
 11
22.17
 21
10.655
 31
0.0
100
AcDbText
  0
LINE
  5
178
330
150
100
AcDbEntity
 67
1
  8
A-GLAZ
100
AcDbLine
 10
22.17
 20
10.805
 30
0.0
 11
22.17
 21
11.055
 31
0.0
  0
LWPOLYLINE
  5
179
330
150
100
AcDbEntity
 67
1
  8
A-GLAZ
100
AcDbPolyline
 90
4
 70
1
 10
26.377500000000005
 20
10.805
 10
25.177500000000006
 20
10.805
 10
25.177500000000006
 20
11.055
 10
26.377500000000005
 20
11.055
  0
TEXT
  5
17A
330
150
100
AcDbEntity
 67
1
  8
A-GLAZ
100
AcDbText
 10
25.777500000000003
 20
10.655
 30
0.0
 40
0.15
  1
W2
 11
25.777500000000003
 21
10.655
 31
0.0
100
AcDbText
  0
LINE
  5
17B
330
150
100
AcDbEntity
 67
1
  8
A-GLAZ
100
AcDbLine
 10
25.777500000000003
 20
10.805
 30
0.0
 11
25.777500000000003
 21
11.055
 31
0.0
  0
LWPOLYLINE
  5
17C
330
150
100
AcDbEntity
 67
1
  8
A-GLAZ
100
AcDbPolyline
 90
4
 70
1
 10
28.815000000000005
 20
10.805
 10
27.615000000000006
 20
10.805
 10
27.615000000000006
 20
11.055
 10
28.815000000000005
 20
11.055
  0
TEXT
  5
17D
330
150
100
AcDbEntity
 67
1
  8
A-GLAZ
100
AcDbText
 10
28.215000000000003
 20
10.655
 30
0.0
 40
0.15
  1
W3
 11
28.215000000000003
 21
10.655
 31
0.0
100
AcDbText
  0
LINE
  5
17E
330
150
100
AcDbEntity
 67
1
  8
A-GLAZ
100
AcDbLine
 10
28.215000000000003
 20
10.805
 30
0.0
 11
28.215000000000003
 21
11.055
 31
0.0
  0
LWPOLYLINE
  5
17F
330
150
100
AcDbEntity
 67
1
  8
A-GLAZ
100
AcDbPolyline
 90
4
 70
1
 10
31.252500000000005
 20
10.805
 10
30.052500000000006
 20
10.805
 10
30.052500000000006
 20
11.055
 10
31.252500000000005
 20
11.055
  0
TEXT
  5
180
330
150
100
AcDbEntity
 67
1
  8
A-GLAZ
100
AcDbText
 10
30.652500000000003
 20
10.655
 30
0.0
 40
0.15
  1
W4
 11
30.652500000000003
 21
10.655
 31
0.0
100
AcDbText
  0
LINE
  5
181
330
150
100
AcDbEntity
 67
1
  8
A-GLAZ
100
AcDbLine
 10
30.652500000000003
 20
10.805
 30
0.0
 11
30.652500000000003
 21
11.055
 31
0.0
  0
LWPOLYLINE
  5
182
330
150
100
AcDbEntity
 67
1
  8
A-GLAZ
100
AcDbPolyline
 90
4
 70
1
 10
32.595000000000006
 20
10.805
 10
32.025000000000006
 20
10.805
 10
32.025000000000006
 20
11.055
 10
32.595000000000006
 20
11.055
  0
TEXT
  5
183
330
150
100
AcDbEntity
 67
1
  8
A-GLAZ
100
AcDbText
 10
32.31
 20
10.655
 30
0.0
 40
0.15
  1
W5
 11
32.31
 21
10.655
 31
0.0
100
AcDbText
  0
LINE
  5
184
330
150
100
AcDbEntity
 67
1
  8
A-GLAZ
100
AcDbLine
 10
32.31
 20
10.805
 30
0.0
 11
32.31
 21
11.055
 31
0.0
  0
LWPOLYLINE
  5
185
330
150
100
AcDbEntity
 67
1
  8
A-DOOR
100
AcDbPolyline
 90
4
 70
1
 10
8.209999999999999
 20
6.375
 10
9.209999999999999
 20
6.375
 10
9.209999999999999
 20
6.275
 10
8.209999999999999
 20
6.275
  0
TEXT
  5
186
330
150
100
AcDbEntity
 67
1
  8
A-DOOR
100
AcDbText
 10
8.709999999999999
 20
6.525
 30
0.0
 40
0.15
  1
D1
 11
8.709999999999999
 21
6.525
 31
0.0
100
AcDbText
  0
ARC
  5
187
330
150
100
AcDbEntity
 67
1
  8
A-DOOR
100
AcDbCircle
 10
8.209999999999999
 20
6.325
 30
0.0
 40
1.0
100
AcDbArc
 50
0.0
 51
90.0
  0
LINE
  5
188
330
150
100
AcDbEntity
 67
1
  8
A-DOOR
100
AcDbLine
 10
8.209999999999999
 20
6.325
 30
0.0
 11
8.209999999999999
 21
7.325
 31
0.0
  0
LWPOLYLINE
  5
189
330
150
100
AcDbEntity
 67
1
  8
A-DOOR
100
AcDbPolyline
 90
4
 70
1
 10
21.67
 20
6.375
 10
22.67
 20
6.375
 10
22.67
 20
6.275
 10
21.67
 20
6.275
  0
TEXT
  5
18A
330
150
100
AcDbEntity
 67
1
  8
A-DOOR
100
AcDbText
 10
22.17
 20
6.525
 30
0.0
 40
0.15
  1
D2
 11
22.17
 21
6.525
 31
0.0
100
AcDbText
  0
ARC
  5
18B
330
150
100
AcDbEntity
 67
1
  8
A-DOOR
100
AcDbCircle
 10
21.67
 20
6.325
 30
0.0
 40
1.0
100
AcDbArc
 50
0.0
 51
90.0
  0
LINE
  5
18C
330
150
100
AcDbEntity
 67
1
  8
A-DOOR
100
AcDbLine
 10
21.67
 20
6.325
 30
0.0
 11
21.67
 21
7.325
 31
0.0
  0
LWPOLYLINE
  5
18D
330
150
100
AcDbEntity
 67
1
  8
A-AREA-IDEN
100
AcDbPolyline
 90
4
 70
1
 10
3.125
 20
7.7749999999999995
 10
6.075
 20
7.7749999999999995
 10
6.075
 20
10.805
 10
3.125
 20
10.805
  0
MTEXT
  5
18E
330
150
100
AcDbEntity
 67
1
  8
A-AREA-IDEN
100
AcDbMText
 10
4.6
 20
9.29
 30
0.0
 40
0.24
 71
1
  1
Ortak Sahanlik\P8.9 m2
  0
LWPOLYLINE
  5
18F
330
150
100
AcDbEntity
 67
1
  8
A-AREA-IDEN
100
AcDbPolyline
 90
4
 70
1
 10
3.125
 20
5.125
 10
6.075
 20
5.125
 10
6.075
 20
7.675
 10
3.125
 20
7.675
  0
MTEXT
  5
190
330
150
100
AcDbEntity
 67
1
  8
A-AREA-IDEN
100
AcDbMText
 10
4.6
 20
6.4
 30
0.0
 40
0.24
 71
1
  1
Merdiven + Asansor Cekirdegi\P7.5 m2
  0
LWPOLYLINE
  5
191
330
150
100
AcDbEntity
 67
1
  8
A-AREA-IDEN
100
AcDbPolyline
 90
4
 70
1
 10
6.175
 20
5.125
 10
32.895
 20
5.125
 10
32.895
 20
6.275
 10
6.175
 20
6.275
  0
MTEXT
  5
192
330
150
100
AcDbEntity
 67
1
  8
A-AREA-IDEN
100
AcDbMText
 10
19.535
 20
5.7
 30
0.0
 40
0.24
 71
1
  1
Ortak Kat Holu\P30.7 m2
  0
LWPOLYLINE
  5
193
330
150
100
AcDbEntity
 67
1
  8
A-AREA-IDEN
100
AcDbPolyline
 90
4
 70
1
 10
6.175
 20
6.375
 10
11.194999999999997
 20
6.375
 10
11.194999999999997
 20
10.805
 10
6.175
 20
10.805
  0
MTEXT
  5
194
330
150
100
AcDbEntity
 67
1
  8
A-AREA-IDEN
100
AcDbMText
 10
8.684999999999999
 20
8.59
 30
0.0
 40
0.24
 71
1
  1
Salon\P22.2 m2
  0
LWPOLYLINE
  5
195
330
150
100
AcDbEntity
 67
1
  8
A-AREA-IDEN
100
AcDbPolyline
 90
4
 70
1
 10
11.294999999999998
 20
6.375
 10
13.339999999999996
 20
6.375
 10
13.339999999999996
 20
10.805
 10
11.294999999999998
 20
10.805
  0
MTEXT
  5
196
330
150
100
AcDbEntity
 67
1
  8
A-AREA-IDEN
100
AcDbMText
 10
12.317499999999997
 20
8.59
 30
0.0
 40
0.24
 71
1
  1
Mutfak\P9.1 m2
  0
LWPOLYLINE
  5
197
330
150
100
AcDbEntity
 67
1
  8
A-AREA-IDEN
100
AcDbPolyline
 90
4
 70
1
 10
13.439999999999998
 20
6.375
 10
16.069999999999997
 20
6.375
 10
16.069999999999997
 20
10.805
 10
13.439999999999998
 20
10.805
  0
MTEXT
  5
198
330
150
100
AcDbEntity
 67
1
  8
A-AREA-IDEN
100
AcDbMText
 10
14.754999999999997
 20
8.59
 30
0.0
 40
0.24
 71
1
  1
Yatak Odasi 1\P11.7 m2
  0
LWPOLYLINE
  5
199
330
150
100
AcDbEntity
 67
1
  8
A-AREA-IDEN
100
AcDbPolyline
 90
4
 70
1
 10
16.169999999999998
 20
6.375
 10
18.214999999999996
 20
6.375
 10
18.214999999999996
 20
10.805
 10
16.169999999999998
 20
10.805
  0
MTEXT
  5
19A
330
150
100
AcDbEntity
 67
1
  8
A-AREA-IDEN
100
AcDbMText
 10
17.192499999999995
 20
8.59
 30
0.0
 40
0.24
 71
1
  1
Yatak Odasi 2\P9.1 m2
  0
LWPOLYLINE
  5
19B
330
150
100
AcDbEntity
 67
1
  8
A-AREA-IDEN
100
AcDbPolyline
 90
4
 70
1
 10
18.314999999999998
 20
6.375
 10
19.435
 20
6.375
 10
19.435
 20
10.805
 10
18.314999999999998
 20
10.805
  0
MTEXT
  5
19C
330
150
100
AcDbEntity
 67
1
  8
A-AREA-IDEN
100
AcDbMText
 10
18.875
 20
8.59
 30
0.0
 40
0.24
 71
1
  1
Banyo WC\P5.0 m2
  0
LWPOLYLINE
  5
19D
330
150
100
AcDbEntity
 67
1
  8
A-AREA-IDEN
100
AcDbPolyline
 90
4
 70
1
 10
19.635
 20
6.375
 10
24.655
 20
6.375
 10
24.655
 20
10.805
 10
19.635
 20
10.805
  0
MTEXT
  5
19E
330
150
100
AcDbEntity
 67
1
  8
A-AREA-IDEN
100
AcDbMText
 10
22.145000000000003
 20
8.59
 30
0.0
 40
0.24
 71
1
  1
Salon\P22.2 m2
  0
LWPOLYLINE
  5
19F
330
150
100
AcDbEntity
 67
1
  8
A-AREA-IDEN
100
AcDbPolyline
 90
4
 70
1
 10
24.755000000000003
 20
6.375
 10
26.8
 20
6.375
 10
26.8
 20
10.805
 10
24.755000000000003
 20
10.805
  0
MTEXT
  5
1A0
330
150
100
AcDbEntity
 67
1
  8
A-AREA-IDEN
100
AcDbMText
 10
25.777500000000003
 20
8.59
 30
0.0
 40
0.24
 71
1
  1
Mutfak\P9.1 m2
  0
LWPOLYLINE
  5
1A1
330
150
100
AcDbEntity
 67
1
  8
A-AREA-IDEN
100
AcDbPolyline
 90
4
 70
1
 10
26.900000000000002
 20
6.375
 10
29.53
 20
6.375
 10
29.53
 20
10.805
 10
26.900000000000002
 20
10.805
  0
MTEXT
  5
1A2
330
150
100
AcDbEntity
 67
1
  8
A-AREA-IDEN
100
AcDbMText
 10
28.215000000000003
 20
8.59
 30
0.0
 40
0.24
 71
1
  1
Yatak Odasi 1\P11.7 m2
  0
LWPOLYLINE
  5
1A3
330
150
100
AcDbEntity
 67
1
  8
A-AREA-IDEN
100
AcDbPolyline
 90
4
 70
1
 10
29.630000000000003
 20
6.375
 10
31.675
 20
6.375
 10
31.675
 20
10.805
 10
29.630000000000003
 20
10.805
  0
MTEXT
  5
1A4
330
150
100
AcDbEntity
 67
1
  8
A-AREA-IDEN
100
AcDbMText
 10
30.652500000000003
 20
8.59
 30
0.0
 40
0.24
 71
1
  1
Yatak Odasi 2\P9.1 m2
  0
LWPOLYLINE
  5
1A5
330
150
100
AcDbEntity
 67
1
  8
A-AREA-IDEN
100
AcDbPolyline
 90
4
 70
1
 10
31.775000000000002
 20
6.375
 10
32.895
 20
6.375
 10
32.895
 20
10.805
 10
31.775000000000002
 20
10.805
  0
MTEXT
  5
1A6
330
150
100
AcDbEntity
 67
1
  8
A-AREA-IDEN
100
AcDbMText
 10
32.335
 20
8.59
 30
0.0
 40
0.24
 71
1
  1
Banyo WC\P5.0 m2
  0
DIMENSION
  5
1A7
330
150
100
AcDbEntity
 67
1
  8
A-ANNO-DIMS
100
AcDbDimension
280
0
  3
Standard
 10
0.0
 20
-1.0
 30
0.0
 11
18.01
 21
-1.0
 31
0.0
 70
32
 71
5
  1
<>
100
AcDbAlignedDimension
 13
0.0
 23
0.0
 33
0.0
 14
36.02
 24
0.0
 34
0.0
 50
0.0
100
AcDbRotatedDimension
  0
DIMENSION
  5
1A8
330
150
100
AcDbEntity
 67
1
  8
A-ANNO-DIMS
100
AcDbDimension
280
0
  3
Standard
 10
-1.0
 20
0.0
 30
0.0
 11
-1.0
 21
9.9
 31
0.0
 70
32
 71
5
  1
<>
100
AcDbAlignedDimension
 13
0.0
 23
0.0
 33
0.0
 14
0.0
 24
19.8
 34
0.0
 50
90.0
100
AcDbRotatedDimension
  0
DIMENSION
  5
1A9
330
150
100
AcDbEntity
 67
1
  8
A-ANNO-DIMS
100
AcDbDimension
280
0
  3
Standard
 10
3.0
 20
11.53
 30
0.0
 11
18.01
 21
11.53
 31
0.0
 70
32
 71
5
  1
<>
100
AcDbAlignedDimension
 13
3.0
 23
10.93
 33
0.0
 14
33.02
 24
10.93
 34
0.0
 50
0.0
100
AcDbRotatedDimension
  0
DIMENSION
  5
1AA
330
150
100
AcDbEntity
 67
1
  8
A-ANNO-DIMS
100
AcDbDimension
280
0
  3
Standard
 10
33.620000000000005
 20
5.0
 30
0.0
 11
33.620000000000005
 21
7.965
 31
0.0
 70
32
 71
5
  1
<>
100
AcDbAlignedDimension
 13
33.02
 23
5.0
 33
0.0
 14
33.02
 24
10.93
 34
0.0
 50
90.0
100
AcDbRotatedDimension
  0
DIMENSION
  5
1AB
330
150
100
AcDbEntity
 67
1
  8
A-ANNO-DIMS
100
AcDbDimension
280
0
  3
Standard
 10
37.220000000000006
 20
0.0
 30
0.0
 11
37.220000000000006
 21
2.5
 31
0.0
 70
32
 71
5
  1
<>
100
AcDbAlignedDimension
 13
3.0
 23
0.0
 33
0.0
 14
3.0
 24
5.0
 34
0.0
 50
90.0
100
AcDbRotatedDimension
  0
DIMENSION
  5
1AC
330
150
100
AcDbEntity
 67
1
  8
A-ANNO-DIMS
100
AcDbDimension
280
0
  3
Standard
 10
37.220000000000006
 20
10.93
 30
0.0
 11
37.220000000000006
 21
15.365
 31
0.0
 70
32
 71
5
  1
<>
100
AcDbAlignedDimension
 13
3.0
 23
10.93
 33
0.0
 14
3.0
 24
19.8
 34
0.0
 50
90.0
100
AcDbRotatedDimension
  0
DIMENSION
  5
1AD
330
150
100
AcDbEntity
 67
1
  8
A-ANNO-DIMS
100
AcDbDimension
280
0
  3
Standard
 10
0.0
 20
21.0
 30
0.0
 11
1.5
 21
21.0
 31
0.0
 70
32
 71
5
  1
<>
100
AcDbAlignedDimension
 13
0.0
 23
5.0
 33
0.0
 14
3.0
 24
5.0
 34
0.0
 50
0.0
100
AcDbRotatedDimension
  0
DIMENSION
  5
1AE
330
150
100
AcDbEntity
 67
1
  8
A-ANNO-DIMS
100
AcDbDimension
280
0
  3
Standard
 10
33.02
 20
21.0
 30
0.0
 11
34.52
 21
21.0
 31
0.0
 70
32
 71
5
  1
<>
100
AcDbAlignedDimension
 13
33.02
 23
5.0
 33
0.0
 14
36.02
 24
5.0
 34
0.0
 50
0.0
100
AcDbRotatedDimension
  0
POINT
  5
1AF
330
150
100
AcDbEntity
 67
1
  8
Z-DATA-NOPLOT
100
AcDbPoint
 10
0.0
 20
0.0
 30
0.0
  0
MTEXT
  5
1B0
330
150
100
AcDbEntity
 67
1
  8
A-ANNO-NOTE
100
AcDbMText
 10
0.0
 20
-2.0
 30
0.0
 40
0.16
 71
1
  3
Kirmizi kot (red grade line) datum: 0.00 m (absolute)\PFinished ground floor: red grade +7.65 m\PThis level (2. Normal Kat): FFE +7.65 m, top +11.15 m above red grade\POverall building height above red grade, ALL levels through roof piyes if any: 17.
  3
25 m -- NOT directly comparable to a gabari/eave limit on its own (a roof piyes is typically governed by a separate ridge-above-top-slab allowance, not the eave gabari) -- see the compliance report for the applicable per-check comparison, not this ra
  3
w figure.\PLot source: Visual-proportion estimate off imardurumu.pdf/minuspalityimardurumu.pdf's plotted schema, anchored to the confirmed 713.26 m2 area -- not a surveyed dimension (see rationale.md).\PZoning source: imardurumu.pdf / minuspalityimar
  1
durumu.pdf (TAKS/KAKS/setbacks/Kat Adedi); rear setback via Planli Alanlar Imar Yonetmeligi Madde 23(1)(c); max_height re-derived from plan notes item 4.2.4 + ground_floor_elevation, see rationale.md.
  0
LWPOLYLINE
  5
1B1
330
150
100
AcDbEntity
 67
1
  8
A-ANNO-TTLB
100
AcDbPolyline
 90
4
 70
1
 10
38.52
 20
14.4
 10
47.52
 20
14.4
 10
47.52
 20
19.8
 10
38.52
 20
19.8
  0
TEXT
  5
1B2
330
150
100
AcDbEntity
 67
1
  8
A-ANNO-TTLB
100
AcDbText
 10
38.64
 20
19.341
 30
0.0
 40
0.21600000000000003
  1
PROJECT: Parcel 377/1 -- Ereğli Mah., Karamursel, Kocaeli (maximized footprint, reverse + roof duplex)
 11
38.64
 21
19.341
 31
0.0
100
AcDbText
  0
LINE
  5
1B3
330
150
100
AcDbEntity
 67
1
  8
A-ANNO-TTLB
100
AcDbLine
 10
38.52
 20
19.125
 30
0.0
 11
47.52
 21
19.125
 31
0.0
  0
TEXT
  5
1B4
330
150
100
AcDbEntity
 67
1
  8
A-ANNO-TTLB
100
AcDbText
 10
38.64
 20
18.666
 30
0.0
 40
0.21600000000000003
  1
PARCEL: Ada 377 / Parsel 1, Tapu Kutugu Eregli, Pafta G23D04D3D
 11
38.64
 21
18.666
 31
0.0
100
AcDbText
  0
LINE
  5
1B5
330
150
100
AcDbEntity
 67
1
  8
A-ANNO-TTLB
100
AcDbLine
 10
38.52
 20
18.45
 30
0.0
 11
47.52
 21
18.45
 31
0.0
  0
TEXT
  5
1B6
330
150
100
AcDbEntity
 67
1
  8
A-ANNO-TTLB
100
AcDbText
 10
38.64
 20
17.991
 30
0.0
 40
0.21600000000000003
  1
DATE: 2026-08-21
 11
38.64
 21
17.991
 31
0.0
100
AcDbText
  0
LINE
  5
1B7
330
150
100
AcDbEntity
 67
1
  8
A-ANNO-TTLB
100
AcDbLine
 10
38.52
 20
17.775
 30
0.0
 11
47.52
 21
17.775
 31
0.0
  0
TEXT
  5
1B8
330
150
100
AcDbEntity
 67
1
  8
A-ANNO-TTLB
100
AcDbText
 10
38.64
 20
17.316
 30
0.0
 40
0.21600000000000003
  1
SCALE: 1:100 (schematic)
 11
38.64
 21
17.316
 31
0.0
100
AcDbText
  0
LINE
  5
1B9
330
150
100
AcDbEntity
 67
1
  8
A-ANNO-TTLB
100
AcDbLine
 10
38.52
 20
17.1
 30
0.0
 11
47.52
 21
17.1
 31
0.0
  0
TEXT
  5
1BA
330
150
100
AcDbEntity
 67
1
  8
A-ANNO-TTLB
100
AcDbText
 10
38.64
 20
16.641000000000002
 30
0.0
 40
0.21600000000000003
  1
SHEET: A-104 -- 2. Normal Kat Plani
 11
38.64
 21
16.641000000000002
 31
0.0
100
AcDbText
  0
LINE
  5
1BB
330
150
100
AcDbEntity
 67
1
  8
A-ANNO-TTLB
100
AcDbLine
 10
38.52
 20
16.425
 30
0.0
 11
47.52
 21
16.425
 31
0.0
  0
TEXT
  5
1BC
330
150
100
AcDbEntity
 67
1
  8
A-ANNO-TTLB
100
AcDbText
 10
38.64
 20
15.966
 30
0.0
 40
0.21600000000000003
  1
PREPARED BY: Sirketim -- Architecture department (schematic, AI-assisted)
 11
38.64
 21
15.966
 31
0.0
100
AcDbText
  0
LINE
  5
1BD
330
150
100
AcDbEntity
 67
1
  8
A-ANNO-TTLB
100
AcDbLine
 10
38.52
 20
15.75
 30
0.0
 11
47.52
 21
15.75
 31
0.0
  0
MTEXT
  5
1BE
330
150
100
AcDbEntity
 67
1
  8
A-ANNO-TTLB
100
AcDbMText
 10
38.64
 20
15.65
 30
0.0
 40
0.162
 41
8.76
 71
1
  3
SCHEMATIC DRAWING -- NOT FOR PERMIT OR CONSTRUCTION. Requires review, revision and stamp by a licensed architect before permitting or construction. Not a substitute for a structural/MEP engineer's calculations. No governmental review or approval impl
  1
ied or granted by this drawing.
  0
ENDBLK
  5
152
330
150
100
AcDbEntity
  8
0
100
AcDbBlockEnd
  0
BLOCK
  5
1C0
330
1BF
100
AcDbEntity
  8
0
100
AcDbBlockBegin
  2
*Paper_Space4
 70
0
 10
0.0
 20
0.0
 30
0.0
  3
*Paper_Space4
  1

  0
LWPOLYLINE
  5
1C3
330
1BF
100
AcDbEntity
 67
1
  8
C-PROP
100
AcDbPolyline
 90
4
 70
1
 10
0.0
 20
0.0
 10
36.02
 20
0.0
 10
36.02
 20
19.8
 10
0.0
 20
19.8
  0
LWPOLYLINE
  5
1C4
330
1BF
100
AcDbEntity
 67
1
  8
A-ANNO-NPLT
100
AcDbPolyline
 90
4
 70
1
 10
3.0
 20
5.0
 10
33.02
 20
5.0
 10
33.02
 20
16.8
 10
3.0
 20
16.8
  0
LWPOLYLINE
  5
1C5
330
1BF
100
AcDbEntity
 67
1
  8
A-AREA-PLAN
100
AcDbPolyline
 90
4
 70
1
 10
3.0
 20
5.0
 10
30.0
 20
5.0
 10
30.0
 20
10.93
 10
3.0
 20
10.93
  0
LWPOLYLINE
  5
1C6
330
1BF
100
AcDbEntity
 67
1
  8
A-WALL
100
AcDbPolyline
 90
4
 70
1
 10
3.0
 20
5.125
 10
30.0
 20
5.125
 10
30.0
 20
4.875
 10
3.0
 20
4.875
  0
LWPOLYLINE
  5
1C7
330
1BF
100
AcDbEntity
 67
1
  8
A-WALL
100
AcDbPolyline
 90
4
 70
1
 10
29.875
 20
5.0
 10
29.875
 20
10.93
 10
30.125
 20
10.93
 10
30.125
 20
5.0
  0
LWPOLYLINE
  5
1C8
330
1BF
100
AcDbEntity
 67
1
  8
A-WALL
100
AcDbPolyline
 90
4
 70
1
 10
30.0
 20
10.805
 10
3.0
 20
10.805
 10
3.0
 20
11.055
 10
30.0
 20
11.055
  0
LWPOLYLINE
  5
1C9
330
1BF
100
AcDbEntity
 67
1
  8
A-WALL
100
AcDbPolyline
 90
4
 70
1
 10
3.125
 20
10.93
 10
3.125
 20
5.0
 10
2.875
 20
5.0
 10
2.875
 20
10.93
  0
LWPOLYLINE
  5
1CA
330
1BF
100
AcDbEntity
 67
1
  8
A-WALL-INTR
100
AcDbPolyline
 90
4
 70
1
 10
6.075
 20
5.125
 10
6.075
 20
10.805
 10
6.175
 20
10.805
 10
6.175
 20
5.125
  0
LWPOLYLINE
  5
1CB
330
1BF
100
AcDbEntity
 67
1
  8
A-WALL-INTR
100
AcDbPolyline
 90
4
 70
1
 10
3.125
 20
7.7749999999999995
 10
6.125
 20
7.7749999999999995
 10
6.125
 20
7.675
 10
3.125
 20
7.675
  0
LWPOLYLINE
  5
1CC
330
1BF
100
AcDbEntity
 67
1
  8
A-WALL-INTR
100
AcDbPolyline
 90
4
 70
1
 10
16.575
 20
5.125
 10
16.575
 20
10.805
 10
16.775000000000002
 20
10.805
 10
16.775000000000002
 20
5.125
  0
LWPOLYLINE
  5
1CD
330
1BF
100
AcDbEntity
 67
1
  8
A-WALL-INTR
100
AcDbPolyline
 90
4
 70
1
 10
6.325
 20
5.125
 10
6.325
 20
6.625
 10
6.425
 20
6.625
 10
6.425
 20
5.125
  0
LWPOLYLINE
  5
1CE
330
1BF
100
AcDbEntity
 67
1
  8
A-WALL-INTR
100
AcDbPolyline
 90
4
 70
1
 10
7.325
 20
5.125
 10
7.325
 20
6.625
 10
7.425
 20
6.625
 10
7.425
 20
5.125
  0
LWPOLYLINE
  5
1CF
330
1BF
100
AcDbEntity
 67
1
  8
A-WALL-INTR
100
AcDbPolyline
 90
4
 70
1
 10
6.375
 20
6.675
 10
7.375
 20
6.675
 10
7.375
 20
6.575
 10
6.375
 20
6.575
  0
LWPOLYLINE
  5
1D0
330
1BF
100
AcDbEntity
 67
1
  8
A-WALL-INTR
100
AcDbPolyline
 90
4
 70
1
 10
16.825
 20
5.125
 10
16.825
 20
6.625
 10
16.925
 20
6.625
 10
16.925
 20
5.125
  0
LWPOLYLINE
  5
1D1
330
1BF
100
AcDbEntity
 67
1
  8
A-WALL-INTR
100
AcDbPolyline
 90
4
 70
1
 10
17.825
 20
5.125
 10
17.825
 20
6.625
 10
17.925
 20
6.625
 10
17.925
 20
5.125
  0
LWPOLYLINE
  5
1D2
330
1BF
100
AcDbEntity
 67
1
  8
A-WALL-INTR
100
AcDbPolyline
 90
4
 70
1
 10
16.875
 20
6.675
 10
17.875
 20
6.675
 10
17.875
 20
6.575
 10
16.875
 20
6.575
  0
LWPOLYLINE
  5
1D3
330
1BF
100
AcDbEntity
 67
1
  8
A-WALL-INTR
100
AcDbPolyline
 90
4
 70
1
 10
6.175
 20
6.675
 10
27.175
 20
6.675
 10
27.175
 20
6.575
 10
6.175
 20
6.575
  0
LWPOLYLINE
  5
1D4
330
1BF
100
AcDbEntity
 67
1
  8
A-WALL-INTR
100
AcDbPolyline
 90
4
 70
1
 10
10.101470588235292
 20
6.675
 10
10.101470588235292
 20
10.805
 10
10.201470588235294
 20
10.805
 10
10.201470588235294
 20
6.675
  0
LWPOLYLINE
  5
1D5
330
1BF
100
AcDbEntity
 67
1
  8
A-WALL-INTR
100
AcDbPolyline
 90
4
 70
1
 10
11.477941176470587
 20
6.675
 10
11.477941176470587
 20
10.805
 10
11.577941176470588
 20
10.805
 10
11.577941176470588
 20
6.675
  0
LWPOLYLINE
  5
1D6
330
1BF
100
AcDbEntity
 67
1
  8
A-WALL-INTR
100
AcDbPolyline
 90
4
 70
1
 10
13.924999999999997
 20
6.675
 10
13.924999999999997
 20
10.805
 10
14.024999999999999
 20
10.805
 10
14.024999999999999
 20
6.675
  0
LWPOLYLINE
  5
1D7
330
1BF
100
AcDbEntity
 67
1
  8
A-WALL-INTR
100
AcDbPolyline
 90
4
 70
1
 10
15.607352941176469
 20
6.675
 10
15.607352941176469
 20
10.805
 10
15.70735294117647
 20
10.805
 10
15.70735294117647
 20
6.675
  0
LWPOLYLINE
  5
1D8
330
1BF
100
AcDbEntity
 67
1
  8
A-WALL-INTR
100
AcDbPolyline
 90
4
 70
1
 10
20.701470588235296
 20
6.675
 10
20.701470588235296
 20
10.805
 10
20.801470588235297
 20
10.805
 10
20.801470588235297
 20
6.675
  0
LWPOLYLINE
  5
1D9
330
1BF
100
AcDbEntity
 67
1
  8
A-WALL-INTR
100
AcDbPolyline
 90
4
 70
1
 10
22.07794117647059
 20
6.675
 10
22.07794117647059
 20
10.805
 10
22.17794117647059
 20
10.805
 10
22.17794117647059
 20
6.675
  0
LWPOLYLINE
  5
1DA
330
1BF
100
AcDbEntity
 67
1
  8
A-WALL-INTR
100
AcDbPolyline
 90
4
 70
1
 10
24.525000000000002
 20
6.675
 10
24.525000000000002
 20
10.805
 10
24.625000000000004
 20
10.805
 10
24.625000000000004
 20
6.675
  0
LWPOLYLINE
  5
1DB
330
1BF
100
AcDbEntity
 67
1
  8
A-WALL-INTR
100
AcDbPolyline
 90
4
 70
1
 10
26.20735294117647
 20
6.675
 10
26.20735294117647
 20
10.805
 10
26.30735294117647
 20
10.805
 10
26.30735294117647
 20
6.675
  0
LWPOLYLINE
  5
1DC
330
1BF
100
AcDbEntity
 67
1
  8
A-WALL-INTR
100
AcDbPolyline
 90
4
 70
1
 10
27.125
 20
5.125
 10
27.125
 20
10.805
 10
27.225
 20
10.805
 10
27.225
 20
5.125
  0
LWPOLYLINE
  5
1DD
330
1BF
100
AcDbEntity
 67
1
  8
A-WALL-INTR
100
AcDbPolyline
 90
4
 70
1
 10
29.775000000000002
 20
5.125
 10
29.775000000000002
 20
10.805
 10
29.875000000000004
 20
10.805
 10
29.875000000000004
 20
5.125
  0
LWPOLYLINE
  5
1DE
330
1BF
100
AcDbEntity
 67
1
  8
A-GLAZ
100
AcDbPolyline
 90
4
 70
1
 10
8.763235294117646
 20
10.805
 10
7.563235294117646
 20
10.805
 10
7.563235294117646
 20
11.055
 10
8.763235294117646
 20
11.055
  0
TEXT
  5
1DF
330
1BF
100
AcDbEntity
 67
1
  8
A-GLAZ
100
AcDbText
 10
8.163235294117646
 20
10.655
 30
0.0
 40
0.15
  1
W1
 11
8.163235294117646
 21
10.655
 31
0.0
100
AcDbText
  0
LINE
  5
1E0
330
1BF
100
AcDbEntity
 67
1
  8
A-GLAZ
100
AcDbLine
 10
8.163235294117646
 20
10.805
 30
0.0
 11
8.163235294117646
 21
11.055
 31
0.0
  0
LWPOLYLINE
  5
1E1
330
1BF
100
AcDbEntity
 67
1
  8
A-GLAZ
100
AcDbPolyline
 90
4
 70
1
 10
11.227941176470587
 20
10.805
 10
10.451470588235292
 20
10.805
 10
10.451470588235292
 20
11.055
 10
11.227941176470587
 20
11.055
  0
TEXT
  5
1E2
330
1BF
100
AcDbEntity
 67
1
  8
A-GLAZ
100
AcDbText
 10
10.83970588235294
 20
10.655
 30
0.0
 40
0.15
  1
W2
 11
10.83970588235294
 21
10.655
 31
0.0
100
AcDbText
  0
LINE
  5
1E3
330
1BF
100
AcDbEntity
 67
1
  8
A-GLAZ
100
AcDbLine
 10
10.83970588235294
 20
10.805
 30
0.0
 11
10.83970588235294
 21
11.055
 31
0.0
  0
LWPOLYLINE
  5
1E4
330
1BF
100
AcDbEntity
 67
1
  8
A-GLAZ
100
AcDbPolyline
 90
4
 70
1
 10
13.351470588235294
 20
10.805
 10
12.151470588235295
 20
10.805
 10
12.151470588235295
 20
11.055
 10
13.351470588235294
 20
11.055
  0
TEXT
  5
1E5
330
1BF
100
AcDbEntity
 67
1
  8
A-GLAZ
100
AcDbText
 10
12.751470588235295
 20
10.655
 30
0.0
 40
0.15
  1
W3
 11
12.751470588235295
 21
10.655
 31
0.0
100
AcDbText
  0
LINE
  5
1E6
330
1BF
100
AcDbEntity
 67
1
  8
A-GLAZ
100
AcDbLine
 10
12.751470588235295
 20
10.805
 30
0.0
 11
12.751470588235295
 21
11.055
 31
0.0
  0
LWPOLYLINE
  5
1E7
330
1BF
100
AcDbEntity
 67
1
  8
A-GLAZ
100
AcDbPolyline
 90
4
 70
1
 10
15.357352941176469
 20
10.805
 10
14.274999999999997
 20
10.805
 10
14.274999999999997
 20
11.055
 10
15.357352941176469
 20
11.055
  0
TEXT
  5
1E8
330
1BF
100
AcDbEntity
 67
1
  8
A-GLAZ
100
AcDbText
 10
14.816176470588232
 20
10.655
 30
0.0
 40
0.15
  1
W4
 11
14.816176470588232
 21
10.655
 31
0.0
100
AcDbText
  0
LINE
  5
1E9
330
1BF
100
AcDbEntity
 67
1
  8
A-GLAZ
100
AcDbLine
 10
14.816176470588232
 20
10.805
 30
0.0
 11
14.816176470588232
 21
11.055
 31
0.0
  0
LWPOLYLINE
  5
1EA
330
1BF
100
AcDbEntity
 67
1
  8
A-GLAZ
100
AcDbPolyline
 90
4
 70
1
 10
16.275000000000002
 20
10.805
 10
15.957352941176472
 20
10.805
 10
15.957352941176472
 20
11.055
 10
16.275000000000002
 20
11.055
  0
TEXT
  5
1EB
330
1BF
100
AcDbEntity
 67
1
  8
A-GLAZ
100
AcDbText
 10
16.116176470588236
 20
10.655
 30
0.0
 40
0.15
  1
W5
 11
16.116176470588236
 21
10.655
 31
0.0
100
AcDbText
  0
LINE
  5
1EC
330
1BF
100
AcDbEntity
 67
1
  8
A-GLAZ
100
AcDbLine
 10
16.116176470588236
 20
10.805
 30
0.0
 11
16.116176470588236
 21
11.055
 31
0.0
  0
LWPOLYLINE
  5
1ED
330
1BF
100
AcDbEntity
 67
1
  8
A-GLAZ
100
AcDbPolyline
 90
4
 70
1
 10
19.36323529411765
 20
10.805
 10
18.16323529411765
 20
10.805
 10
18.16323529411765
 20
11.055
 10
19.36323529411765
 20
11.055
  0
TEXT
  5
1EE
330
1BF
100
AcDbEntity
 67
1
  8
A-GLAZ
100
AcDbText
 10
18.76323529411765
 20
10.655
 30
0.0
 40
0.15
  1
W1
 11
18.76323529411765
 21
10.655
 31
0.0
100
AcDbText
  0
LINE
  5
1EF
330
1BF
100
AcDbEntity
 67
1
  8
A-GLAZ
100
AcDbLine
 10
18.76323529411765
 20
10.805
 30
0.0
 11
18.76323529411765
 21
11.055
 31
0.0
  0
LWPOLYLINE
  5
1F0
330
1BF
100
AcDbEntity
 67
1
  8
A-GLAZ
100
AcDbPolyline
 90
4
 70
1
 10
21.82794117647059
 20
10.805
 10
21.051470588235297
 20
10.805
 10
21.051470588235297
 20
11.055
 10
21.82794117647059
 20
11.055
  0
TEXT
  5
1F1
330
1BF
100
AcDbEntity
 67
1
  8
A-GLAZ
100
AcDbText
 10
21.439705882352943
 20
10.655
 30
0.0
 40
0.15
  1
W2
 11
21.439705882352943
 21
10.655
 31
0.0
100
AcDbText
  0
LINE
  5
1F2
330
1BF
100
AcDbEntity
 67
1
  8
A-GLAZ
100
AcDbLine
 10
21.439705882352943
 20
10.805
 30
0.0
 11
21.439705882352943
 21
11.055
 31
0.0
  0
LWPOLYLINE
  5
1F3
330
1BF
100
AcDbEntity
 67
1
  8
A-GLAZ
100
AcDbPolyline
 90
4
 70
1
 10
23.951470588235296
 20
10.805
 10
22.751470588235296
 20
10.805
 10
22.751470588235296
 20
11.055
 10
23.951470588235296
 20
11.055
  0
TEXT
  5
1F4
330
1BF
100
AcDbEntity
 67
1
  8
A-GLAZ
100
AcDbText
 10
23.351470588235294
 20
10.655
 30
0.0
 40
0.15
  1
W3
 11
23.351470588235294
 21
10.655
 31
0.0
100
AcDbText
  0
LINE
  5
1F5
330
1BF
100
AcDbEntity
 67
1
  8
A-GLAZ
100
AcDbLine
 10
23.351470588235294
 20
10.805
 30
0.0
 11
23.351470588235294
 21
11.055
 31
0.0
  0
LWPOLYLINE
  5
1F6
330
1BF
100
AcDbEntity
 67
1
  8
A-GLAZ
100
AcDbPolyline
 90
4
 70
1
 10
25.95735294117647
 20
10.805
 10
24.875
 20
10.805
 10
24.875
 20
11.055
 10
25.95735294117647
 20
11.055
  0
TEXT
  5
1F7
330
1BF
100
AcDbEntity
 67
1
  8
A-GLAZ
100
AcDbText
 10
25.416176470588233
 20
10.655
 30
0.0
 40
0.15
  1
W4
 11
25.416176470588233
 21
10.655
 31
0.0
100
AcDbText
  0
LINE
  5
1F8
330
1BF
100
AcDbEntity
 67
1
  8
A-GLAZ
100
AcDbLine
 10
25.416176470588233
 20
10.805
 30
0.0
 11
25.416176470588233
 21
11.055
 31
0.0
  0
LWPOLYLINE
  5
1F9
330
1BF
100
AcDbEntity
 67
1
  8
A-GLAZ
100
AcDbPolyline
 90
4
 70
1
 10
26.875000000000004
 20
10.805
 10
26.557352941176475
 20
10.805
 10
26.557352941176475
 20
11.055
 10
26.875000000000004
 20
11.055
  0
TEXT
  5
1FA
330
1BF
100
AcDbEntity
 67
1
  8
A-GLAZ
100
AcDbText
 10
26.716176470588238
 20
10.655
 30
0.0
 40
0.15
  1
W5
 11
26.716176470588238
 21
10.655
 31
0.0
100
AcDbText
  0
LINE
  5
1FB
330
1BF
100
AcDbEntity
 67
1
  8
A-GLAZ
100
AcDbLine
 10
26.716176470588238
 20
10.805
 30
0.0
 11
26.716176470588238
 21
11.055
 31
0.0
  0
LWPOLYLINE
  5
1FC
330
1BF
100
AcDbEntity
 67
1
  8
A-DOOR
100
AcDbPolyline
 90
4
 70
1
 10
7.663235294117646
 20
6.675
 10
8.663235294117646
 20
6.675
 10
8.663235294117646
 20
6.575
 10
7.663235294117646
 20
6.575
  0
TEXT
  5
1FD
330
1BF
100
AcDbEntity
 67
1
  8
A-DOOR
100
AcDbText
 10
8.163235294117646
 20
6.825
 30
0.0
 40
0.15
  1
D1
 11
8.163235294117646
 21
6.825
 31
0.0
100
AcDbText
  0
ARC
  5
1FE
330
1BF
100
AcDbEntity
 67
1
  8
A-DOOR
100
AcDbCircle
 10
7.663235294117646
 20
6.625
 30
0.0
 40
1.0
100
AcDbArc
 50
0.0
 51
90.0
  0
LINE
  5
1FF
330
1BF
100
AcDbEntity
 67
1
  8
A-DOOR
100
AcDbLine
 10
7.663235294117646
 20
6.625
 30
0.0
 11
7.663235294117646
 21
7.625
 31
0.0
  0
LWPOLYLINE
  5
200
330
1BF
100
AcDbEntity
 67
1
  8
A-DOOR
100
AcDbPolyline
 90
4
 70
1
 10
18.26323529411765
 20
6.675
 10
19.26323529411765
 20
6.675
 10
19.26323529411765
 20
6.575
 10
18.26323529411765
 20
6.575
  0
TEXT
  5
201
330
1BF
100
AcDbEntity
 67
1
  8
A-DOOR
100
AcDbText
 10
18.76323529411765
 20
6.825
 30
0.0
 40
0.15
  1
D2
 11
18.76323529411765
 21
6.825
 31
0.0
100
AcDbText
  0
ARC
  5
202
330
1BF
100
AcDbEntity
 67
1
  8
A-DOOR
100
AcDbCircle
 10
18.26323529411765
 20
6.625
 30
0.0
 40
1.0
100
AcDbArc
 50
0.0
 51
90.0
  0
LINE
  5
203
330
1BF
100
AcDbEntity
 67
1
  8
A-DOOR
100
AcDbLine
 10
18.26323529411765
 20
6.625
 30
0.0
 11
18.26323529411765
 21
7.625
 31
0.0
  0
LWPOLYLINE
  5
204
330
1BF
100
AcDbEntity
 67
1
  8
A-AREA-IDEN
100
AcDbPolyline
 90
4
 70
1
 10
3.125
 20
7.7749999999999995
 10
6.075
 20
7.7749999999999995
 10
6.075
 20
10.805
 10
3.125
 20
10.805
  0
MTEXT
  5
205
330
1BF
100
AcDbEntity
 67
1
  8
A-AREA-IDEN
100
AcDbMText
 10
4.6
 20
9.29
 30
0.0
 40
0.24
 71
1
  1
Ortak Sahanlik\P8.9 m2
  0
LWPOLYLINE
  5
206
330
1BF
100
AcDbEntity
 67
1
  8
A-AREA-IDEN
100
AcDbPolyline
 90
4
 70
1
 10
3.125
 20
5.125
 10
6.075
 20
5.125
 10
6.075
 20
7.675
 10
3.125
 20
7.675
  0
MTEXT
  5
207
330
1BF
100
AcDbEntity
 67
1
  8
A-AREA-IDEN
100
AcDbMText
 10
4.6
 20
6.4
 30
0.0
 40
0.24
 71
1
  1
Merdiven + Asansor Cekirdegi\P7.5 m2
  0
LWPOLYLINE
  5
208
330
1BF
100
AcDbEntity
 67
1
  8
A-AREA-IDEN
100
AcDbPolyline
 90
4
 70
1
 10
6.375
 20
5.125
 10
7.375
 20
5.125
 10
7.375
 20
6.625
 10
6.375
 20
6.625
  0
MTEXT
  5
209
330
1BF
100
AcDbEntity
 67
1
  8
A-AREA-IDEN
100
AcDbMText
 10
6.875
 20
5.875
 30
0.0
 40
0.24
 71
1
  1
Cati Dubleks 1 Ic Merdiveni\P1.5 m2
  0
LWPOLYLINE
  5
20A
330
1BF
100
AcDbEntity
 67
1
  8
A-AREA-IDEN
100
AcDbPolyline
 90
4
 70
1
 10
16.875
 20
5.125
 10
17.875
 20
5.125
 10
17.875
 20
6.625
 10
16.875
 20
6.625
  0
MTEXT
  5
20B
330
1BF
100
AcDbEntity
 67
1
  8
A-AREA-IDEN
100
AcDbMText
 10
17.375
 20
5.875
 30
0.0
 40
0.24
 71
1
  1
Cati Dubleks 2 Ic Merdiveni\P1.5 m2
  0
LWPOLYLINE
  5
20C
330
1BF
100
AcDbEntity
 67
1
  8
A-AREA-IDEN
100
AcDbPolyline
 90
4
 70
1
 10
6.225
 20
5.125
 10
27.125
 20
5.125
 10
27.125
 20
6.575
 10
6.225
 20
6.575
  0
MTEXT
  5
20D
330
1BF
100
AcDbEntity
 67
1
  8
A-AREA-IDEN
100
AcDbMText
 10
16.675
 20
5.85
 30
0.0
 40
0.24
 71
1
  1
Ortak Kat Holu\P30.3 m2
  0
LWPOLYLINE
  5
20E
330
1BF
100
AcDbEntity
 67
1
  8
A-AREA-IDEN
100
AcDbPolyline
 90
4
 70
1
 10
6.175
 20
6.675
 10
10.101470588235292
 20
6.675
 10
10.101470588235292
 20
10.805
 10
6.175
 20
10.805
  0
MTEXT
  5
20F
330
1BF
100
AcDbEntity
 67
1
  8
A-AREA-IDEN
100
AcDbMText
 10
8.138235294117646
 20
8.74
 30
0.0
 40
0.24
 71
1
  1
Salon\P16.2 m2
  0
LWPOLYLINE
  5
210
330
1BF
100
AcDbEntity
 67
1
  8
A-AREA-IDEN
100
AcDbPolyline
 90
4
 70
1
 10
10.201470588235294
 20
6.675
 10
11.477941176470587
 20
6.675
 10
11.477941176470587
 20
10.805
 10
10.201470588235294
 20
10.805
  0
MTEXT
  5
211
330
1BF
100
AcDbEntity
 67
1
  8
A-AREA-IDEN
100
AcDbMText
 10
10.839705882352941
 20
8.74
 30
0.0
 40
0.24
 71
1
  1
Mutfak\P5.3 m2
  0
LWPOLYLINE
  5
212
330
1BF
100
AcDbEntity
 67
1
  8
A-AREA-IDEN
100
AcDbPolyline
 90
4
 70
1
 10
11.577941176470588
 20
6.675
 10
13.924999999999997
 20
6.675
 10
13.924999999999997
 20
10.805
 10
11.577941176470588
 20
10.805
  0
MTEXT
  5
213
330
1BF
100
AcDbEntity
 67
1
  8
A-AREA-IDEN
100
AcDbMText
 10
12.751470588235293
 20
8.74
 30
0.0
 40
0.24
 71
1
  1
Yatak Odasi 1\P9.7 m2
  0
LWPOLYLINE
  5
214
330
1BF
100
AcDbEntity
 67
1
  8
A-AREA-IDEN
100
AcDbPolyline
 90
4
 70
1
 10
14.024999999999999
 20
6.675
 10
15.607352941176469
 20
6.675
 10
15.607352941176469
 20
10.805
 10
14.024999999999999
 20
10.805
  0
MTEXT
  5
215
330
1BF
100
AcDbEntity
 67
1
  8
A-AREA-IDEN
100
AcDbMText
 10
14.816176470588234
 20
8.74
 30
0.0
 40
0.24
 71
1
  1
Yatak Odasi 2\P6.5 m2
  0
LWPOLYLINE
  5
216
330
1BF
100
AcDbEntity
 67
1
  8
A-AREA-IDEN
100
AcDbPolyline
 90
4
 70
1
 10
15.70735294117647
 20
6.675
 10
16.575
 20
6.675
 10
16.575
 20
10.805
 10
15.70735294117647
 20
10.805
  0
MTEXT
  5
217
330
1BF
100
AcDbEntity
 67
1
  8
A-AREA-IDEN
100
AcDbMText
 10
16.141176470588235
 20
8.74
 30
0.0
 40
0.24
 71
1
  1
Banyo WC\P3.6 m2
  0
LWPOLYLINE
  5
218
330
1BF
100
AcDbEntity
 67
1
  8
A-AREA-IDEN
100
AcDbPolyline
 90
4
 70
1
 10
16.775000000000002
 20
6.675
 10
20.701470588235296
 20
6.675
 10
20.701470588235296
 20
10.805
 10
16.775000000000002
 20
10.805
  0
MTEXT
  5
219
330
1BF
100
AcDbEntity
 67
1
  8
A-AREA-IDEN
100
AcDbMText
 10
18.73823529411765
 20
8.74
 30
0.0
 40
0.24
 71
1
  1
Salon\P16.2 m2
  0
LWPOLYLINE
  5
21A
330
1BF
100
AcDbEntity
 67
1
  8
A-AREA-IDEN
100
AcDbPolyline
 90
4
 70
1
 10
20.801470588235297
 20
6.675
 10
22.07794117647059
 20
6.675
 10
22.07794117647059
 20
10.805
 10
20.801470588235297
 20
10.805
  0
MTEXT
  5
21B
330
1BF
100
AcDbEntity
 67
1
  8
A-AREA-IDEN
100
AcDbMText
 10
21.439705882352943
 20
8.74
 30
0.0
 40
0.24
 71
1
  1
Mutfak\P5.3 m2
  0
LWPOLYLINE
  5
21C
330
1BF
100
AcDbEntity
 67
1
  8
A-AREA-IDEN
100
AcDbPolyline
 90
4
 70
1
 10
22.17794117647059
 20
6.675
 10
24.525000000000002
 20
6.675
 10
24.525000000000002
 20
10.805
 10
22.17794117647059
 20
10.805
  0
MTEXT
  5
21D
330
1BF
100
AcDbEntity
 67
1
  8
A-AREA-IDEN
100
AcDbMText
 10
23.351470588235294
 20
8.74
 30
0.0
 40
0.24
 71
1
  1
Yatak Odasi 1\P9.7 m2
  0
LWPOLYLINE
  5
21E
330
1BF
100
AcDbEntity
 67
1
  8
A-AREA-IDEN
100
AcDbPolyline
 90
4
 70
1
 10
24.625000000000004
 20
6.675
 10
26.20735294117647
 20
6.675
 10
26.20735294117647
 20
10.805
 10
24.625000000000004
 20
10.805
  0
MTEXT
  5
21F
330
1BF
100
AcDbEntity
 67
1
  8
A-AREA-IDEN
100
AcDbMText
 10
25.416176470588237
 20
8.74
 30
0.0
 40
0.24
 71
1
  1
Yatak Odasi 2\P6.5 m2
  0
LWPOLYLINE
  5
220
330
1BF
100
AcDbEntity
 67
1
  8
A-AREA-IDEN
100
AcDbPolyline
 90
4
 70
1
 10
26.30735294117647
 20
6.675
 10
27.175
 20
6.675
 10
27.175
 20
10.805
 10
26.30735294117647
 20
10.805
  0
MTEXT
  5
221
330
1BF
100
AcDbEntity
 67
1
  8
A-AREA-IDEN
100
AcDbMText
 10
26.741176470588236
 20
8.74
 30
0.0
 40
0.24
 71
1
  1
Banyo WC\P3.6 m2
  0
DIMENSION
  5
222
330
1BF
100
AcDbEntity
 67
1
  8
A-ANNO-DIMS
100
AcDbDimension
280
0
  3
Standard
 10
0.0
 20
-1.0
 30
0.0
 11
18.01
 21
-1.0
 31
0.0
 70
32
 71
5
  1
<>
100
AcDbAlignedDimension
 13
0.0
 23
0.0
 33
0.0
 14
36.02
 24
0.0
 34
0.0
 50
0.0
100
AcDbRotatedDimension
  0
DIMENSION
  5
223
330
1BF
100
AcDbEntity
 67
1
  8
A-ANNO-DIMS
100
AcDbDimension
280
0
  3
Standard
 10
-1.0
 20
0.0
 30
0.0
 11
-1.0
 21
9.9
 31
0.0
 70
32
 71
5
  1
<>
100
AcDbAlignedDimension
 13
0.0
 23
0.0
 33
0.0
 14
0.0
 24
19.8
 34
0.0
 50
90.0
100
AcDbRotatedDimension
  0
DIMENSION
  5
224
330
1BF
100
AcDbEntity
 67
1
  8
A-ANNO-DIMS
100
AcDbDimension
280
0
  3
Standard
 10
3.0
 20
11.53
 30
0.0
 11
16.5
 21
11.53
 31
0.0
 70
32
 71
5
  1
<>
100
AcDbAlignedDimension
 13
3.0
 23
10.93
 33
0.0
 14
30.0
 24
10.93
 34
0.0
 50
0.0
100
AcDbRotatedDimension
  0
DIMENSION
  5
225
330
1BF
100
AcDbEntity
 67
1
  8
A-ANNO-DIMS
100
AcDbDimension
280
0
  3
Standard
 10
30.6
 20
5.0
 30
0.0
 11
30.6
 21
7.965
 31
0.0
 70
32
 71
5
  1
<>
100
AcDbAlignedDimension
 13
30.0
 23
5.0
 33
0.0
 14
30.0
 24
10.93
 34
0.0
 50
90.0
100
AcDbRotatedDimension
  0
DIMENSION
  5
226
330
1BF
100
AcDbEntity
 67
1
  8
A-ANNO-DIMS
100
AcDbDimension
280
0
  3
Standard
 10
37.220000000000006
 20
0.0
 30
0.0
 11
37.220000000000006
 21
2.5
 31
0.0
 70
32
 71
5
  1
<>
100
AcDbAlignedDimension
 13
3.0
 23
0.0
 33
0.0
 14
3.0
 24
5.0
 34
0.0
 50
90.0
100
AcDbRotatedDimension
  0
DIMENSION
  5
227
330
1BF
100
AcDbEntity
 67
1
  8
A-ANNO-DIMS
100
AcDbDimension
280
0
  3
Standard
 10
37.220000000000006
 20
10.93
 30
0.0
 11
37.220000000000006
 21
15.365
 31
0.0
 70
32
 71
5
  1
<>
100
AcDbAlignedDimension
 13
3.0
 23
10.93
 33
0.0
 14
3.0
 24
19.8
 34
0.0
 50
90.0
100
AcDbRotatedDimension
  0
DIMENSION
  5
228
330
1BF
100
AcDbEntity
 67
1
  8
A-ANNO-DIMS
100
AcDbDimension
280
0
  3
Standard
 10
0.0
 20
21.0
 30
0.0
 11
1.5
 21
21.0
 31
0.0
 70
32
 71
5
  1
<>
100
AcDbAlignedDimension
 13
0.0
 23
5.0
 33
0.0
 14
3.0
 24
5.0
 34
0.0
 50
0.0
100
AcDbRotatedDimension
  0
DIMENSION
  5
229
330
1BF
100
AcDbEntity
 67
1
  8
A-ANNO-DIMS
100
AcDbDimension
280
0
  3
Standard
 10
30.0
 20
21.0
 30
0.0
 11
33.010000000000005
 21
21.0
 31
0.0
 70
32
 71
5
  1
<>
100
AcDbAlignedDimension
 13
30.0
 23
5.0
 33
0.0
 14
36.02
 24
5.0
 34
0.0
 50
0.0
100
AcDbRotatedDimension
  0
POINT
  5
22A
330
1BF
100
AcDbEntity
 67
1
  8
Z-DATA-NOPLOT
100
AcDbPoint
 10
0.0
 20
0.0
 30
0.0
  0
MTEXT
  5
22B
330
1BF
100
AcDbEntity
 67
1
  8
A-ANNO-NOTE
100
AcDbMText
 10
0.0
 20
-2.0
 30
0.0
 40
0.16
 71
1
  3
Kirmizi kot (red grade line) datum: 0.00 m (absolute)\PFinished ground floor: red grade +11.15 m\PThis level (3. Normal Kat): FFE +11.15 m, top +14.65 m above red grade\POverall building height above red grade, ALL levels through roof piyes if any: 1
  3
7.25 m -- NOT directly comparable to a gabari/eave limit on its own (a roof piyes is typically governed by a separate ridge-above-top-slab allowance, not the eave gabari) -- see the compliance report for the applicable per-check comparison, not this 
  3
raw figure.\PLot source: Visual-proportion estimate off imardurumu.pdf/minuspalityimardurumu.pdf's plotted schema, anchored to the confirmed 713.26 m2 area -- not a surveyed dimension (see rationale.md).\PZoning source: imardurumu.pdf / minuspalityim
  1
ardurumu.pdf (TAKS/KAKS/setbacks/Kat Adedi); rear setback via Planli Alanlar Imar Yonetmeligi Madde 23(1)(c); max_height re-derived from plan notes item 4.2.4 + ground_floor_elevation, see rationale.md.
  0
LWPOLYLINE
  5
22C
330
1BF
100
AcDbEntity
 67
1
  8
A-ANNO-TTLB
100
AcDbPolyline
 90
4
 70
1
 10
38.52
 20
14.4
 10
47.52
 20
14.4
 10
47.52
 20
19.8
 10
38.52
 20
19.8
  0
TEXT
  5
22D
330
1BF
100
AcDbEntity
 67
1
  8
A-ANNO-TTLB
100
AcDbText
 10
38.64
 20
19.341
 30
0.0
 40
0.21600000000000003
  1
PROJECT: Parcel 377/1 -- Ereğli Mah., Karamursel, Kocaeli (maximized footprint, reverse + roof duplex)
 11
38.64
 21
19.341
 31
0.0
100
AcDbText
  0
LINE
  5
22E
330
1BF
100
AcDbEntity
 67
1
  8
A-ANNO-TTLB
100
AcDbLine
 10
38.52
 20
19.125
 30
0.0
 11
47.52
 21
19.125
 31
0.0
  0
TEXT
  5
22F
330
1BF
100
AcDbEntity
 67
1
  8
A-ANNO-TTLB
100
AcDbText
 10
38.64
 20
18.666
 30
0.0
 40
0.21600000000000003
  1
PARCEL: Ada 377 / Parsel 1, Tapu Kutugu Eregli, Pafta G23D04D3D
 11
38.64
 21
18.666
 31
0.0
100
AcDbText
  0
LINE
  5
230
330
1BF
100
AcDbEntity
 67
1
  8
A-ANNO-TTLB
100
AcDbLine
 10
38.52
 20
18.45
 30
0.0
 11
47.52
 21
18.45
 31
0.0
  0
TEXT
  5
231
330
1BF
100
AcDbEntity
 67
1
  8
A-ANNO-TTLB
100
AcDbText
 10
38.64
 20
17.991
 30
0.0
 40
0.21600000000000003
  1
DATE: 2026-08-21
 11
38.64
 21
17.991
 31
0.0
100
AcDbText
  0
LINE
  5
232
330
1BF
100
AcDbEntity
 67
1
  8
A-ANNO-TTLB
100
AcDbLine
 10
38.52
 20
17.775
 30
0.0
 11
47.52
 21
17.775
 31
0.0
  0
TEXT
  5
233
330
1BF
100
AcDbEntity
 67
1
  8
A-ANNO-TTLB
100
AcDbText
 10
38.64
 20
17.316
 30
0.0
 40
0.21600000000000003
  1
SCALE: 1:100 (schematic)
 11
38.64
 21
17.316
 31
0.0
100
AcDbText
  0
LINE
  5
234
330
1BF
100
AcDbEntity
 67
1
  8
A-ANNO-TTLB
100
AcDbLine
 10
38.52
 20
17.1
 30
0.0
 11
47.52
 21
17.1
 31
0.0
  0
TEXT
  5
235
330
1BF
100
AcDbEntity
 67
1
  8
A-ANNO-TTLB
100
AcDbText
 10
38.64
 20
16.641000000000002
 30
0.0
 40
0.21600000000000003
  1
SHEET: A-105 -- 3. Normal Kat Plani (Cati Dubleks Giris Kati)
 11
38.64
 21
16.641000000000002
 31
0.0
100
AcDbText
  0
LINE
  5
236
330
1BF
100
AcDbEntity
 67
1
  8
A-ANNO-TTLB
100
AcDbLine
 10
38.52
 20
16.425
 30
0.0
 11
47.52
 21
16.425
 31
0.0
  0
TEXT
  5
237
330
1BF
100
AcDbEntity
 67
1
  8
A-ANNO-TTLB
100
AcDbText
 10
38.64
 20
15.966
 30
0.0
 40
0.21600000000000003
  1
PREPARED BY: Sirketim -- Architecture department (schematic, AI-assisted)
 11
38.64
 21
15.966
 31
0.0
100
AcDbText
  0
LINE
  5
238
330
1BF
100
AcDbEntity
 67
1
  8
A-ANNO-TTLB
100
AcDbLine
 10
38.52
 20
15.75
 30
0.0
 11
47.52
 21
15.75
 31
0.0
  0
MTEXT
  5
239
330
1BF
100
AcDbEntity
 67
1
  8
A-ANNO-TTLB
100
AcDbMText
 10
38.64
 20
15.65
 30
0.0
 40
0.162
 41
8.76
 71
1
  3
SCHEMATIC DRAWING -- NOT FOR PERMIT OR CONSTRUCTION. Requires review, revision and stamp by a licensed architect before permitting or construction. Not a substitute for a structural/MEP engineer's calculations. No governmental review or approval impl
  1
ied or granted by this drawing.
  0
ENDBLK
  5
1C1
330
1BF
100
AcDbEntity
  8
0
100
AcDbBlockEnd
  0
BLOCK
  5
23B
330
23A
100
AcDbEntity
  8
0
100
AcDbBlockBegin
  2
*Paper_Space5
 70
0
 10
0.0
 20
0.0
 30
0.0
  3
*Paper_Space5
  1

  0
LWPOLYLINE
  5
23E
330
23A
100
AcDbEntity
 67
1
  8
C-PROP
100
AcDbPolyline
 90
4
 70
1
 10
0.0
 20
0.0
 10
36.02
 20
0.0
 10
36.02
 20
19.8
 10
0.0
 20
19.8
  0
LWPOLYLINE
  5
23F
330
23A
100
AcDbEntity
 67
1
  8
A-ANNO-NPLT
100
AcDbPolyline
 90
4
 70
1
 10
3.0
 20
5.0
 10
33.02
 20
5.0
 10
33.02
 20
16.8
 10
3.0
 20
16.8
  0
LWPOLYLINE
  5
240
330
23A
100
AcDbEntity
 67
1
  8
A-AREA-PLAN
100
AcDbPolyline
 90
4
 70
1
 10
3.0
 20
5.0
 10
30.0
 20
5.0
 10
30.0
 20
10.0
 10
3.0
 20
10.0
  0
LWPOLYLINE
  5
241
330
23A
100
AcDbEntity
 67
1
  8
A-WALL
100
AcDbPolyline
 90
4
 70
1
 10
3.0
 20
5.125
 10
30.0
 20
5.125
 10
30.0
 20
4.875
 10
3.0
 20
4.875
  0
LWPOLYLINE
  5
242
330
23A
100
AcDbEntity
 67
1
  8
A-WALL
100
AcDbPolyline
 90
4
 70
1
 10
29.875
 20
5.0
 10
29.875
 20
10.0
 10
30.125
 20
10.0
 10
30.125
 20
5.0
  0
LWPOLYLINE
  5
243
330
23A
100
AcDbEntity
 67
1
  8
A-WALL
100
AcDbPolyline
 90
4
 70
1
 10
30.0
 20
9.875
 10
3.0
 20
9.875
 10
3.0
 20
10.125
 10
30.0
 20
10.125
  0
LWPOLYLINE
  5
244
330
23A
100
AcDbEntity
 67
1
  8
A-WALL
100
AcDbPolyline
 90
4
 70
1
 10
3.125
 20
10.0
 10
3.125
 20
5.0
 10
2.875
 20
5.0
 10
2.875
 20
10.0
  0
LWPOLYLINE
  5
245
330
23A
100
AcDbEntity
 67
1
  8
A-WALL-INTR
100
AcDbPolyline
 90
4
 70
1
 10
6.075
 20
5.125
 10
6.075
 20
9.875
 10
6.175
 20
9.875
 10
6.175
 20
5.125
  0
LWPOLYLINE
  5
246
330
23A
100
AcDbEntity
 67
1
  8
A-WALL-INTR
100
AcDbPolyline
 90
4
 70
1
 10
3.125
 20
7.7749999999999995
 10
6.125
 20
7.7749999999999995
 10
6.125
 20
7.675
 10
3.125
 20
7.675
  0
LWPOLYLINE
  5
247
330
23A
100
AcDbEntity
 67
1
  8
A-WALL-INTR
100
AcDbPolyline
 90
4
 70
1
 10
16.575
 20
5.125
 10
16.575
 20
9.875
 10
16.775000000000002
 20
9.875
 10
16.775000000000002
 20
5.125
  0
LWPOLYLINE
  5
248
330
23A
100
AcDbEntity
 67
1
  8
A-WALL-INTR
100
AcDbPolyline
 90
4
 70
1
 10
6.325
 20
5.125
 10
6.325
 20
6.625
 10
6.425
 20
6.625
 10
6.425
 20
5.125
  0
LWPOLYLINE
  5
249
330
23A
100
AcDbEntity
 67
1
  8
A-WALL-INTR
100
AcDbPolyline
 90
4
 70
1
 10
7.325
 20
5.125
 10
7.325
 20
6.625
 10
7.425
 20
6.625
 10
7.425
 20
5.125
  0
LWPOLYLINE
  5
24A
330
23A
100
AcDbEntity
 67
1
  8
A-WALL-INTR
100
AcDbPolyline
 90
4
 70
1
 10
6.375
 20
6.675
 10
7.375
 20
6.675
 10
7.375
 20
6.575
 10
6.375
 20
6.575
  0
LWPOLYLINE
  5
24B
330
23A
100
AcDbEntity
 67
1
  8
A-WALL-INTR
100
AcDbPolyline
 90
4
 70
1
 10
16.825
 20
5.125
 10
16.825
 20
6.625
 10
16.925
 20
6.625
 10
16.925
 20
5.125
  0
LWPOLYLINE
  5
24C
330
23A
100
AcDbEntity
 67
1
  8
A-WALL-INTR
100
AcDbPolyline
 90
4
 70
1
 10
17.825
 20
5.125
 10
17.825
 20
6.625
 10
17.925
 20
6.625
 10
17.925
 20
5.125
  0
LWPOLYLINE
  5
24D
330
23A
100
AcDbEntity
 67
1
  8
A-WALL-INTR
100
AcDbPolyline
 90
4
 70
1
 10
16.875
 20
6.675
 10
17.875
 20
6.675
 10
17.875
 20
6.575
 10
16.875
 20
6.575
  0
LWPOLYLINE
  5
24E
330
23A
100
AcDbEntity
 67
1
  8
A-WALL-INTR
100
AcDbPolyline
 90
4
 70
1
 10
27.125
 20
5.125
 10
27.125
 20
9.875
 10
27.225
 20
9.875
 10
27.225
 20
5.125
  0
LWPOLYLINE
  5
24F
330
23A
100
AcDbEntity
 67
1
  8
A-WALL-INTR
100
AcDbPolyline
 90
4
 70
1
 10
29.775000000000002
 20
5.125
 10
29.775000000000002
 20
9.875
 10
29.875000000000004
 20
9.875
 10
29.875000000000004
 20
5.125
  0
LWPOLYLINE
  5
250
330
23A
100
AcDbEntity
 67
1
  8
A-GLAZ
100
AcDbPolyline
 90
4
 70
1
 10
11.975000000000001
 20
9.875
 10
10.775000000000002
 20
9.875
 10
10.775000000000002
 20
10.125
 10
11.975000000000001
 20
10.125
  0
TEXT
  5
251
330
23A
100
AcDbEntity
 67
1
  8
A-GLAZ
100
AcDbText
 10
11.375000000000002
 20
9.725
 30
0.0
 40
0.15
  1
W1
 11
11.375000000000002
 21
9.725
 31
0.0
100
AcDbText
  0
LINE
  5
252
330
23A
100
AcDbEntity
 67
1
  8
A-GLAZ
100
AcDbLine
 10
11.375000000000002
 20
9.875
 30
0.0
 11
11.375000000000002
 21
10.125
 31
0.0
  0
LWPOLYLINE
  5
253
330
23A
100
AcDbEntity
 67
1
  8
A-GLAZ
100
AcDbPolyline
 90
4
 70
1
 10
22.575000000000003
 20
9.875
 10
21.375000000000004
 20
9.875
 10
21.375000000000004
 20
10.125
 10
22.575000000000003
 20
10.125
  0
TEXT
  5
254
330
23A
100
AcDbEntity
 67
1
  8
A-GLAZ
100
AcDbText
 10
21.975
 20
9.725
 30
0.0
 40
0.15
  1
W1
 11
21.975
 21
9.725
 31
0.0
100
AcDbText
  0
LINE
  5
255
330
23A
100
AcDbEntity
 67
1
  8
A-GLAZ
100
AcDbLine
 10
21.975
 20
9.875
 30
0.0
 11
21.975
 21
10.125
 31
0.0
  0
LWPOLYLINE
  5
256
330
23A
100
AcDbEntity
 67
1
  8
A-GLAZ
100
AcDbPolyline
 90
4
 70
1
 10
29.1
 20
9.875
 10
27.900000000000002
 20
9.875
 10
27.900000000000002
 20
10.125
 10
29.1
 20
10.125
  0
TEXT
  5
257
330
23A
100
AcDbEntity
 67
1
  8
A-GLAZ
100
AcDbText
 10
28.5
 20
9.725
 30
0.0
 40
0.15
  1
W1
 11
28.5
 21
9.725
 31
0.0
100
AcDbText
  0
LINE
  5
258
330
23A
100
AcDbEntity
 67
1
  8
A-GLAZ
100
AcDbLine
 10
28.5
 20
9.875
 30
0.0
 11
28.5
 21
10.125
 31
0.0
  0
LWPOLYLINE
  5
259
330
23A
100
AcDbEntity
 67
1
  8
A-DOOR
100
AcDbPolyline
 90
4
 70
1
 10
6.425
 20
6.675
 10
7.325
 20
6.675
 10
7.325
 20
6.575
 10
6.425
 20
6.575
  0
TEXT
  5
25A
330
23A
100
AcDbEntity
 67
1
  8
A-DOOR
100
AcDbText
 10
6.875
 20
6.825
 30
0.0
 40
0.15
  1
D1S
 11
6.875
 21
6.825
 31
0.0
100
AcDbText
  0
ARC
  5
25B
330
23A
100
AcDbEntity
 67
1
  8
A-DOOR
100
AcDbCircle
 10
6.425
 20
6.625
 30
0.0
 40
0.9
100
AcDbArc
 50
0.0
 51
90.0
  0
LINE
  5
25C
330
23A
100
AcDbEntity
 67
1
  8
A-DOOR
100
AcDbLine
 10
6.425
 20
6.625
 30
0.0
 11
6.425
 21
7.525
 31
0.0
  0
LWPOLYLINE
  5
25D
330
23A
100
AcDbEntity
 67
1
  8
A-DOOR
100
AcDbPolyline
 90
4
 70
1
 10
16.925
 20
6.675
 10
17.825
 20
6.675
 10
17.825
 20
6.575
 10
16.925
 20
6.575
  0
TEXT
  5
25E
330
23A
100
AcDbEntity
 67
1
  8
A-DOOR
100
AcDbText
 10
17.375
 20
6.825
 30
0.0
 40
0.15
  1
D2S
 11
17.375
 21
6.825
 31
0.0
100
AcDbText
  0
ARC
  5
25F
330
23A
100
AcDbEntity
 67
1
  8
A-DOOR
100
AcDbCircle
 10
16.925
 20
6.625
 30
0.0
 40
0.9
100
AcDbArc
 50
0.0
 51
90.0
  0
LINE
  5
260
330
23A
100
AcDbEntity
 67
1
  8
A-DOOR
100
AcDbLine
 10
16.925
 20
6.625
 30
0.0
 11
16.925
 21
7.525
 31
0.0
  0
LWPOLYLINE
  5
261
330
23A
100
AcDbEntity
 67
1
  8
A-AREA-IDEN
100
AcDbPolyline
 90
4
 70
1
 10
3.125
 20
7.7749999999999995
 10
6.075
 20
7.7749999999999995
 10
6.075
 20
9.875
 10
3.125
 20
9.875
  0
MTEXT
  5
262
330
23A
100
AcDbEntity
 67
1
  8
A-AREA-IDEN
100
AcDbMText
 10
4.6
 20
8.825
 30
0.0
 40
0.24
 71
1
  1
Ortak Sahanlik\P6.2 m2
  0
LWPOLYLINE
  5
263
330
23A
100
AcDbEntity
 67
1
  8
A-AREA-IDEN
100
AcDbPolyline
 90
4
 70
1
 10
3.125
 20
5.125
 10
6.075
 20
5.125
 10
6.075
 20
7.675
 10
3.125
 20
7.675
  0
MTEXT
  5
264
330
23A
100
AcDbEntity
 67
1
  8
A-AREA-IDEN
100
AcDbMText
 10
4.6
 20
6.4
 30
0.0
 40
0.24
 71
1
  1
Merdiven + Asansor Cekirdegi\P7.5 m2
  0
LWPOLYLINE
  5
265
330
23A
100
AcDbEntity
 67
1
  8
A-AREA-IDEN
100
AcDbPolyline
 90
4
 70
1
 10
6.375
 20
5.125
 10
7.375
 20
5.125
 10
7.375
 20
6.625
 10
6.375
 20
6.625
  0
MTEXT
  5
266
330
23A
100
AcDbEntity
 67
1
  8
A-AREA-IDEN
100
AcDbMText
 10
6.875
 20
5.875
 30
0.0
 40
0.24
 71
1
  1
Cati Dubleks 1 Ic Merdiveni\P1.5 m2
  0
LWPOLYLINE
  5
267
330
23A
100
AcDbEntity
 67
1
  8
A-AREA-IDEN
100
AcDbPolyline
 90
4
 70
1
 10
16.875
 20
5.125
 10
17.875
 20
5.125
 10
17.875
 20
6.625
 10
16.875
 20
6.625
  0
MTEXT
  5
268
330
23A
100
AcDbEntity
 67
1
  8
A-AREA-IDEN
100
AcDbMText
 10
17.375
 20
5.875
 30
0.0
 40
0.24
 71
1
  1
Cati Dubleks 2 Ic Merdiveni\P1.5 m2
  0
LWPOLYLINE
  5
269
330
23A
100
AcDbEntity
 67
1
  8
A-AREA-IDEN
100
AcDbPolyline
 90
4
 70
1
 10
6.175
 20
6.675
 10
16.575
 20
6.675
 10
16.575
 20
9.875
 10
6.175
 20
9.875
  0
MTEXT
  5
26A
330
23A
100
AcDbEntity
 67
1
  8
A-AREA-IDEN
100
AcDbMText
 10
11.375
 20
8.275
 30
0.0
 40
0.24
 71
1
  1
Cati Odasi\P33.3 m2
  0
LWPOLYLINE
  5
26B
330
23A
100
AcDbEntity
 67
1
  8
A-AREA-IDEN
100
AcDbPolyline
 90
4
 70
1
 10
16.775000000000002
 20
6.675
 10
27.175
 20
6.675
 10
27.175
 20
9.875
 10
16.775000000000002
 20
9.875
  0
MTEXT
  5
26C
330
23A
100
AcDbEntity
 67
1
  8
A-AREA-IDEN
100
AcDbMText
 10
21.975
 20
8.275
 30
0.0
 40
0.24
 71
1
  1
Cati Odasi\P33.3 m2
  0
LWPOLYLINE
  5
26D
330
23A
100
AcDbEntity
 67
1
  8
A-AREA-IDEN
100
AcDbPolyline
 90
4
 70
1
 10
27.225
 20
5.125
 10
29.775000000000002
 20
5.125
 10
29.775000000000002
 20
9.875
 10
27.225
 20
9.875
  0
MTEXT
  5
26E
330
23A
100
AcDbEntity
 67
1
  8
A-AREA-IDEN
100
AcDbMText
 10
28.5
 20
7.5
 30
0.0
 40
0.24
 71
1
  1
Mekanik Solar Ekipman Odasi\P12.1 m2
  0
DIMENSION
  5
26F
330
23A
100
AcDbEntity
 67
1
  8
A-ANNO-DIMS
100
AcDbDimension
280
0
  3
Standard
 10
0.0
 20
-1.0
 30
0.0
 11
18.01
 21
-1.0
 31
0.0
 70
32
 71
5
  1
<>
100
AcDbAlignedDimension
 13
0.0
 23
0.0
 33
0.0
 14
36.02
 24
0.0
 34
0.0
 50
0.0
100
AcDbRotatedDimension
  0
DIMENSION
  5
270
330
23A
100
AcDbEntity
 67
1
  8
A-ANNO-DIMS
100
AcDbDimension
280
0
  3
Standard
 10
-1.0
 20
0.0
 30
0.0
 11
-1.0
 21
9.9
 31
0.0
 70
32
 71
5
  1
<>
100
AcDbAlignedDimension
 13
0.0
 23
0.0
 33
0.0
 14
0.0
 24
19.8
 34
0.0
 50
90.0
100
AcDbRotatedDimension
  0
DIMENSION
  5
271
330
23A
100
AcDbEntity
 67
1
  8
A-ANNO-DIMS
100
AcDbDimension
280
0
  3
Standard
 10
3.0
 20
10.6
 30
0.0
 11
16.5
 21
10.6
 31
0.0
 70
32
 71
5
  1
<>
100
AcDbAlignedDimension
 13
3.0
 23
10.0
 33
0.0
 14
30.0
 24
10.0
 34
0.0
 50
0.0
100
AcDbRotatedDimension
  0
DIMENSION
  5
272
330
23A
100
AcDbEntity
 67
1
  8
A-ANNO-DIMS
100
AcDbDimension
280
0
  3
Standard
 10
30.6
 20
5.0
 30
0.0
 11
30.6
 21
7.5
 31
0.0
 70
32
 71
5
  1
<>
100
AcDbAlignedDimension
 13
30.0
 23
5.0
 33
0.0
 14
30.0
 24
10.0
 34
0.0
 50
90.0
100
AcDbRotatedDimension
  0
DIMENSION
  5
273
330
23A
100
AcDbEntity
 67
1
  8
A-ANNO-DIMS
100
AcDbDimension
280
0
  3
Standard
 10
37.220000000000006
 20
0.0
 30
0.0
 11
37.220000000000006
 21
2.5
 31
0.0
 70
32
 71
5
  1
<>
100
AcDbAlignedDimension
 13
3.0
 23
0.0
 33
0.0
 14
3.0
 24
5.0
 34
0.0
 50
90.0
100
AcDbRotatedDimension
  0
DIMENSION
  5
274
330
23A
100
AcDbEntity
 67
1
  8
A-ANNO-DIMS
100
AcDbDimension
280
0
  3
Standard
 10
37.220000000000006
 20
10.0
 30
0.0
 11
37.220000000000006
 21
14.9
 31
0.0
 70
32
 71
5
  1
<>
100
AcDbAlignedDimension
 13
3.0
 23
10.0
 33
0.0
 14
3.0
 24
19.8
 34
0.0
 50
90.0
100
AcDbRotatedDimension
  0
DIMENSION
  5
275
330
23A
100
AcDbEntity
 67
1
  8
A-ANNO-DIMS
100
AcDbDimension
280
0
  3
Standard
 10
0.0
 20
21.0
 30
0.0
 11
1.5
 21
21.0
 31
0.0
 70
32
 71
5
  1
<>
100
AcDbAlignedDimension
 13
0.0
 23
5.0
 33
0.0
 14
3.0
 24
5.0
 34
0.0
 50
0.0
100
AcDbRotatedDimension
  0
DIMENSION
  5
276
330
23A
100
AcDbEntity
 67
1
  8
A-ANNO-DIMS
100
AcDbDimension
280
0
  3
Standard
 10
30.0
 20
21.0
 30
0.0
 11
33.010000000000005
 21
21.0
 31
0.0
 70
32
 71
5
  1
<>
100
AcDbAlignedDimension
 13
30.0
 23
5.0
 33
0.0
 14
36.02
 24
5.0
 34
0.0
 50
0.0
100
AcDbRotatedDimension
  0
POINT
  5
277
330
23A
100
AcDbEntity
 67
1
  8
Z-DATA-NOPLOT
100
AcDbPoint
 10
0.0
 20
0.0
 30
0.0
  0
MTEXT
  5
278
330
23A
100
AcDbEntity
 67
1
  8
A-ANNO-NOTE
100
AcDbMText
 10
0.0
 20
-2.0
 30
0.0
 40
0.16
 71
1
  3
Kirmizi kot (red grade line) datum: 0.00 m (absolute)\PFinished ground floor: red grade +14.65 m\PThis level (Cati Piyesi): FFE +14.65 m, top +17.25 m above red grade\POverall building height above red grade, ALL levels through roof piyes if any: 17.
  3
25 m -- NOT directly comparable to a gabari/eave limit on its own (a roof piyes is typically governed by a separate ridge-above-top-slab allowance, not the eave gabari) -- see the compliance report for the applicable per-check comparison, not this ra
  3
w figure.\PLot source: Visual-proportion estimate off imardurumu.pdf/minuspalityimardurumu.pdf's plotted schema, anchored to the confirmed 713.26 m2 area -- not a surveyed dimension (see rationale.md).\PZoning source: imardurumu.pdf / minuspalityimar
  1
durumu.pdf (TAKS/KAKS/setbacks/Kat Adedi); rear setback via Planli Alanlar Imar Yonetmeligi Madde 23(1)(c); max_height re-derived from plan notes item 4.2.4 + ground_floor_elevation, see rationale.md.
  0
LWPOLYLINE
  5
279
330
23A
100
AcDbEntity
 67
1
  8
A-ANNO-TTLB
100
AcDbPolyline
 90
4
 70
1
 10
38.52
 20
14.4
 10
47.52
 20
14.4
 10
47.52
 20
19.8
 10
38.52
 20
19.8
  0
TEXT
  5
27A
330
23A
100
AcDbEntity
 67
1
  8
A-ANNO-TTLB
100
AcDbText
 10
38.64
 20
19.341
 30
0.0
 40
0.21600000000000003
  1
PROJECT: Parcel 377/1 -- Ereğli Mah., Karamursel, Kocaeli (maximized footprint, reverse + roof duplex)
 11
38.64
 21
19.341
 31
0.0
100
AcDbText
  0
LINE
  5
27B
330
23A
100
AcDbEntity
 67
1
  8
A-ANNO-TTLB
100
AcDbLine
 10
38.52
 20
19.125
 30
0.0
 11
47.52
 21
19.125
 31
0.0
  0
TEXT
  5
27C
330
23A
100
AcDbEntity
 67
1
  8
A-ANNO-TTLB
100
AcDbText
 10
38.64
 20
18.666
 30
0.0
 40
0.21600000000000003
  1
PARCEL: Ada 377 / Parsel 1, Tapu Kutugu Eregli, Pafta G23D04D3D
 11
38.64
 21
18.666
 31
0.0
100
AcDbText
  0
LINE
  5
27D
330
23A
100
AcDbEntity
 67
1
  8
A-ANNO-TTLB
100
AcDbLine
 10
38.52
 20
18.45
 30
0.0
 11
47.52
 21
18.45
 31
0.0
  0
TEXT
  5
27E
330
23A
100
AcDbEntity
 67
1
  8
A-ANNO-TTLB
100
AcDbText
 10
38.64
 20
17.991
 30
0.0
 40
0.21600000000000003
  1
DATE: 2026-08-21
 11
38.64
 21
17.991
 31
0.0
100
AcDbText
  0
LINE
  5
27F
330
23A
100
AcDbEntity
 67
1
  8
A-ANNO-TTLB
100
AcDbLine
 10
38.52
 20
17.775
 30
0.0
 11
47.52
 21
17.775
 31
0.0
  0
TEXT
  5
280
330
23A
100
AcDbEntity
 67
1
  8
A-ANNO-TTLB
100
AcDbText
 10
38.64
 20
17.316
 30
0.0
 40
0.21600000000000003
  1
SCALE: 1:100 (schematic)
 11
38.64
 21
17.316
 31
0.0
100
AcDbText
  0
LINE
  5
281
330
23A
100
AcDbEntity
 67
1
  8
A-ANNO-TTLB
100
AcDbLine
 10
38.52
 20
17.1
 30
0.0
 11
47.52
 21
17.1
 31
0.0
  0
TEXT
  5
282
330
23A
100
AcDbEntity
 67
1
  8
A-ANNO-TTLB
100
AcDbText
 10
38.64
 20
16.641000000000002
 30
0.0
 40
0.21600000000000003
  1
SHEET: A-106 -- Cati Piyesi Plani (Cati Dubleks Ust Kat)
 11
38.64
 21
16.641000000000002
 31
0.0
100
AcDbText
  0
LINE
  5
283
330
23A
100
AcDbEntity
 67
1
  8
A-ANNO-TTLB
100
AcDbLine
 10
38.52
 20
16.425
 30
0.0
 11
47.52
 21
16.425
 31
0.0
  0
TEXT
  5
284
330
23A
100
AcDbEntity
 67
1
  8
A-ANNO-TTLB
100
AcDbText
 10
38.64
 20
15.966
 30
0.0
 40
0.21600000000000003
  1
PREPARED BY: Sirketim -- Architecture department (schematic, AI-assisted)
 11
38.64
 21
15.966
 31
0.0
100
AcDbText
  0
LINE
  5
285
330
23A
100
AcDbEntity
 67
1
  8
A-ANNO-TTLB
100
AcDbLine
 10
38.52
 20
15.75
 30
0.0
 11
47.52
 21
15.75
 31
0.0
  0
MTEXT
  5
286
330
23A
100
AcDbEntity
 67
1
  8
A-ANNO-TTLB
100
AcDbMText
 10
38.64
 20
15.65
 30
0.0
 40
0.162
 41
8.76
 71
1
  3
SCHEMATIC DRAWING -- NOT FOR PERMIT OR CONSTRUCTION. Requires review, revision and stamp by a licensed architect before permitting or construction. Not a substitute for a structural/MEP engineer's calculations. No governmental review or approval impl
  1
ied or granted by this drawing.
  0
ENDBLK
  5
23C
330
23A
100
AcDbEntity
  8
0
100
AcDbBlockEnd
  0
BLOCK
  5
288
330
287
100
AcDbEntity
  8
0
100
AcDbBlockBegin
  2
*Paper_Space6
 70
0
 10
0.0
 20
0.0
 30
0.0
  3
*Paper_Space6
  1

  0
LWPOLYLINE
  5
28B
330
287
100
AcDbEntity
 67
1
  8
C-PROP
100
AcDbPolyline
 90
4
 70
1
 10
0.0
 20
0.0
 10
36.02
 20
0.0
 10
36.02
 20
19.8
 10
0.0
 20
19.8
  0
LWPOLYLINE
  5
28C
330
287
100
AcDbEntity
 67
1
  8
A-ANNO-NPLT
100
AcDbPolyline
 90
4
 70
1
 10
3.0
 20
5.0
 10
33.02
 20
5.0
 10
33.02
 20
16.8
 10
3.0
 20
16.8
  0
LWPOLYLINE
  5
28D
330
287
100
AcDbEntity
 67
1
  8
A-AREA-PLAN
100
AcDbPolyline
 90
4
 70
1
 10
3.0
 20
5.0
 10
33.02
 20
5.0
 10
33.02
 20
16.7
 10
3.0
 20
16.7
  0
LWPOLYLINE
  5
28E
330
287
100
AcDbEntity
 67
1
  8
A-WALL
100
AcDbPolyline
 90
4
 70
1
 10
3.0
 20
5.125
 10
33.02
 20
5.125
 10
33.02
 20
4.875
 10
3.0
 20
4.875
  0
LWPOLYLINE
  5
28F
330
287
100
AcDbEntity
 67
1
  8
A-WALL
100
AcDbPolyline
 90
4
 70
1
 10
32.895
 20
5.0
 10
32.895
 20
16.7
 10
33.145
 20
16.7
 10
33.145
 20
5.0
  0
LWPOLYLINE
  5
290
330
287
100
AcDbEntity
 67
1
  8
A-WALL
100
AcDbPolyline
 90
4
 70
1
 10
33.02
 20
16.575
 10
3.0
 20
16.575
 10
3.0
 20
16.825
 10
33.02
 20
16.825
  0
LWPOLYLINE
  5
291
330
287
100
AcDbEntity
 67
1
  8
A-WALL
100
AcDbPolyline
 90
4
 70
1
 10
3.125
 20
16.7
 10
3.125
 20
5.0
 10
2.875
 20
5.0
 10
2.875
 20
16.7
  0
LWPOLYLINE
  5
292
330
287
100
AcDbEntity
 67
1
  8
A-WALL-INTR
100
AcDbPolyline
 90
4
 70
1
 10
6.075
 20
5.125
 10
6.075
 20
16.575
 10
6.175
 20
16.575
 10
6.175
 20
5.125
  0
LWPOLYLINE
  5
293
330
287
100
AcDbEntity
 67
1
  8
A-WALL-INTR
100
AcDbPolyline
 90
4
 70
1
 10
3.125
 20
7.7749999999999995
 10
6.125
 20
7.7749999999999995
 10
6.125
 20
7.675
 10
3.125
 20
7.675
  0
LWPOLYLINE
  5
294
330
287
100
AcDbEntity
 67
1
  8
A-WALL-INTR
100
AcDbPolyline
 90
4
 70
1
 10
6.325
 20
5.125
 10
6.325
 20
6.625
 10
6.425
 20
6.625
 10
6.425
 20
5.125
  0
LWPOLYLINE
  5
295
330
287
100
AcDbEntity
 67
1
  8
A-WALL-INTR
100
AcDbPolyline
 90
4
 70
1
 10
7.325
 20
5.125
 10
7.325
 20
6.625
 10
7.425
 20
6.625
 10
7.425
 20
5.125
  0
LWPOLYLINE
  5
296
330
287
100
AcDbEntity
 67
1
  8
A-WALL-INTR
100
AcDbPolyline
 90
4
 70
1
 10
6.375
 20
6.675
 10
7.375
 20
6.675
 10
7.375
 20
6.575
 10
6.375
 20
6.575
  0
LWPOLYLINE
  5
297
330
287
100
AcDbEntity
 67
1
  8
A-WALL-INTR
100
AcDbPolyline
 90
4
 70
1
 10
10.25
 20
6.675
 10
10.25
 20
16.575
 10
10.350000000000001
 20
16.575
 10
10.350000000000001
 20
6.675
  0
LWPOLYLINE
  5
298
330
287
100
AcDbEntity
 67
1
  8
A-WALL-INTR
100
AcDbPolyline
 90
4
 70
1
 10
12.125
 20
6.675
 10
12.125
 20
16.575
 10
12.225000000000001
 20
16.575
 10
12.225000000000001
 20
6.675
  0
LWPOLYLINE
  5
299
330
287
100
AcDbEntity
 67
1
  8
A-WALL-INTR
100
AcDbPolyline
 90
4
 70
1
 10
15.125
 20
5.125
 10
15.125
 20
16.575
 10
15.225000000000001
 20
16.575
 10
15.225000000000001
 20
5.125
  0
LWPOLYLINE
  5
29A
330
287
100
AcDbEntity
 67
1
  8
A-WALL-INTR
100
AcDbPolyline
 90
4
 70
1
 10
32.675000000000004
 20
5.125
 10
32.675000000000004
 20
16.575
 10
32.775
 20
16.575
 10
32.775
 20
5.125
  0
LWPOLYLINE
  5
29B
330
287
100
AcDbEntity
 67
1
  8
A-AREA-IDEN
100
AcDbPolyline
 90
4
 70
1
 10
3.125
 20
7.7749999999999995
 10
6.075
 20
7.7749999999999995
 10
6.075
 20
16.575
 10
3.125
 20
16.575
  0
MTEXT
  5
29C
330
287
100
AcDbEntity
 67
1
  8
A-AREA-IDEN
100
AcDbMText
 10
4.6
 20
12.174999999999999
 30
0.0
 40
0.2
 71
1
  1
Ortak Sahanlik\P26.0 m2
  0
LWPOLYLINE
  5
29D
330
287
100
AcDbEntity
 67
1
  8
A-AREA-IDEN
100
AcDbPolyline
 90
4
 70
1
 10
3.125
 20
5.125
 10
6.075
 20
5.125
 10
6.075
 20
7.675
 10
3.125
 20
7.675
  0
MTEXT
  5
29E
330
287
100
AcDbEntity
 67
1
  8
A-AREA-IDEN
100
AcDbMText
 10
4.6
 20
6.4
 30
0.0
 40
0.2
 71
1
  1
Merdiven + Asansor Cekirdegi\P7.5 m2
  0
LWPOLYLINE
  5
29F
330
287
100
AcDbEntity
 67
1
  8
A-AREA-IDEN
100
AcDbPolyline
 90
4
 70
1
 10
6.375
 20
5.125
 10
7.375
 20
5.125
 10
7.375
 20
6.625
 10
6.375
 20
6.625
  0
MTEXT
  5
2A0
330
287
100
AcDbEntity
 67
1
  8
A-AREA-IDEN
100
AcDbMText
 10
6.875
 20
5.875
 30
0.0
 40
0.2
 71
1
  1
Ters Dubleks 1 Ic Merdiveni\P1.5 m2
  0
LWPOLYLINE
  5
2A1
330
287
100
AcDbEntity
 67
1
  8
A-AREA-IDEN
100
AcDbPolyline
 90
4
 70
1
 10
6.175
 20
6.675
 10
10.25
 20
6.675
 10
10.25
 20
16.575
 10
6.175
 20
16.575
  0
MTEXT
  5
2A2
330
287
100
AcDbEntity
 67
1
  8
A-AREA-IDEN
100
AcDbMText
 10
8.2125
 20
11.625
 30
0.0
 40
0.2
 71
1
  1
Yatak Odasi 2\P40.3 m2
  0
LWPOLYLINE
  5
2A3
330
287
100
AcDbEntity
 67
1
  8
A-AREA-IDEN
100
AcDbPolyline
 90
4
 70
1
 10
10.350000000000001
 20
6.675
 10
12.125
 20
6.675
 10
12.125
 20
16.575
 10
10.350000000000001
 20
16.575
  0
MTEXT
  5
2A4
330
287
100
AcDbEntity
 67
1
  8
A-AREA-IDEN
100
AcDbMText
 10
11.2375
 20
11.625
 30
0.0
 40
0.2
 71
1
  1
Banyo WC\P17.6 m2
  0
LWPOLYLINE
  5
2A5
330
287
100
AcDbEntity
 67
1
  8
A-AREA-IDEN
100
AcDbPolyline
 90
4
 70
1
 10
12.225000000000001
 20
6.675
 10
15.175
 20
6.675
 10
15.175
 20
16.575
 10
12.225000000000001
 20
16.575
  0
MTEXT
  5
2A6
330
287
100
AcDbEntity
 67
1
  8
A-AREA-IDEN
100
AcDbMText
 10
13.700000000000001
 20
11.625
 30
0.0
 40
0.2
 71
1
  1
Calisma Odasi\P29.2 m2
  0
LWPOLYLINE
  5
2A7
330
287
100
AcDbEntity
 67
1
  8
A-AREA-IDEN
100
AcDbPolyline
 90
4
 70
1
 10
15.225000000000001
 20
5.125
 10
32.675000000000004
 20
5.125
 10
32.675000000000004
 20
16.575
 10
15.225000000000001
 20
16.575
  0
MTEXT
  5
2A8
330
287
100
AcDbEntity
 67
1
  8
A-AREA-IDEN
100
AcDbMText
 10
23.950000000000003
 20
10.85
 30
0.0
 40
0.2
 71
1
  1
Kapali Otopark\P199.8 m2
  0
LWPOLYLINE
  5
2A9
330
287
100
AcDbEntity
 67
1
  8
A-PARK-STAL
100
AcDbPolyline
 90
4
 70
1
 10
15.375000000000002
 20
5.275
 10
17.775000000000002
 20
5.275
 10
17.775000000000002
 20
10.175
 10
15.375000000000002
 20
10.175
  0
TEXT
  5
2AA
330
287
100
AcDbEntity
 67
1
  8
A-PARK-STAL
100
AcDbText
 10
16.375000000000004
 20
7.7250000000000005
 30
0.0
 40
0.25
  1
P1
 11
16.375000000000004
 21
7.7250000000000005
 31
0.0
100
AcDbText
  0
LWPOLYLINE
  5
2AB
330
287
100
AcDbEntity
 67
1
  8
A-PARK-STAL
100
AcDbPolyline
 90
4
 70
1
 10
17.775000000000002
 20
5.275
 10
20.175
 20
5.275
 10
20.175
 20
10.175
 10
17.775000000000002
 20
10.175
  0
TEXT
  5
2AC
330
287
100
AcDbEntity
 67
1
  8
A-PARK-STAL
100
AcDbText
 10
18.775000000000002
 20
7.7250000000000005
 30
0.0
 40
0.25
  1
P2
 11
18.775000000000002
 21
7.7250000000000005
 31
0.0
100
AcDbText
  0
LWPOLYLINE
  5
2AD
330
287
100
AcDbEntity
 67
1
  8
A-PARK-STAL
100
AcDbPolyline
 90
4
 70
1
 10
20.175
 20
5.275
 10
22.575
 20
5.275
 10
22.575
 20
10.175
 10
20.175
 20
10.175
  0
TEXT
  5
2AE
330
287
100
AcDbEntity
 67
1
  8
A-PARK-STAL
100
AcDbText
 10
21.175
 20
7.7250000000000005
 30
0.0
 40
0.25
  1
P3
 11
21.175
 21
7.7250000000000005
 31
0.0
100
AcDbText
  0
LWPOLYLINE
  5
2AF
330
287
100
AcDbEntity
 67
1
  8
A-PARK-STAL
100
AcDbPolyline
 90
4
 70
1
 10
22.575000000000003
 20
5.275
 10
24.975
 20
5.275
 10
24.975
 20
10.175
 10
22.575000000000003
 20
10.175
  0
TEXT
  5
2B0
330
287
100
AcDbEntity
 67
1
  8
A-PARK-STAL
100
AcDbText
 10
23.575000000000003
 20
7.7250000000000005
 30
0.0
 40
0.25
  1
P4
 11
23.575000000000003
 21
7.7250000000000005
 31
0.0
100
AcDbText
  0
LWPOLYLINE
  5
2B1
330
287
100
AcDbEntity
 67
1
  8
A-PARK-STAL
100
AcDbPolyline
 90
4
 70
1
 10
24.975
 20
5.275
 10
27.375
 20
5.275
 10
27.375
 20
10.175
 10
24.975
 20
10.175
  0
TEXT
  5
2B2
330
287
100
AcDbEntity
 67
1
  8
A-PARK-STAL
100
AcDbText
 10
25.975
 20
7.7250000000000005
 30
0.0
 40
0.25
  1
P5
 11
25.975
 21
7.7250000000000005
 31
0.0
100
AcDbText
  0
LWPOLYLINE
  5
2B3
330
287
100
AcDbEntity
 67
1
  8
A-PARK-STAL
100
AcDbPolyline
 90
4
 70
1
 10
27.375
 20
5.275
 10
29.775
 20
5.275
 10
29.775
 20
10.175
 10
27.375
 20
10.175
  0
TEXT
  5
2B4
330
287
100
AcDbEntity
 67
1
  8
A-PARK-STAL
100
AcDbText
 10
28.375
 20
7.7250000000000005
 30
0.0
 40
0.25
  1
P6
 11
28.375
 21
7.7250000000000005
 31
0.0
100
AcDbText
  0
LWPOLYLINE
  5
2B5
330
287
100
AcDbEntity
 67
1
  8
A-PARK-STAL
100
AcDbPolyline
 90
4
 70
1
 10
29.775
 20
5.275
 10
32.175
 20
5.275
 10
32.175
 20
10.175
 10
29.775
 20
10.175
  0
TEXT
  5
2B6
330
287
100
AcDbEntity
 67
1
  8
A-PARK-STAL
100
AcDbText
 10
30.775
 20
7.7250000000000005
 30
0.0
 40
0.25
  1
P7
 11
30.775
 21
7.7250000000000005
 31
0.0
100
AcDbText
  0
LWPOLYLINE
  5
2B7
330
287
100
AcDbEntity
 67
1
  8
A-PARK-CIRC
100
AcDbPolyline
 90
4
 70
1
 10
15.375000000000002
 20
10.175
 10
32.175000000000004
 20
10.175
 10
32.175000000000004
 20
16.175
 10
15.375000000000002
 20
16.175
  0
TEXT
  5
2B8
330
287
100
AcDbEntity
 67
1
  8
A-PARK-CIRC
100
AcDbText
 10
20.775000000000002
 20
13.175
 30
0.0
 40
0.22
  1
Manevra / Sirkulasyon Koridoru (6.00 m)
 11
20.775000000000002
 21
13.175
 31
0.0
100
AcDbText
  0
POINT
  5
2B9
330
287
100
AcDbEntity
 67
1
  8
Z-DATA-NOPLOT
100
AcDbPoint
 10
0.0
 20
0.0
 30
0.0
  0
MTEXT
  5
2BA
330
287
100
AcDbEntity
 67
1
  8
A-ANNO-NOTE
100
AcDbMText
 10
0.0
 20
-2.5
 30
0.0
 40
0.18
 71
1
  3
Otopark ihtiyaci: 7 adet (Otopark Yonetmeligi Ek-1, 'Meskenler: Her daire icin' -- 1 adet/daire x 7 bagimsiz bolum -- ulusal taban deger, Kocaeli Buyuksehir Belediyesi'nin yerel arttirimi olup olmadigi teyit edilmelidir, Madde 8(2))\PSaglanan: 7 adet
  1
 (2.40 m x 4.90 m/adet, Madde 5(1)(h)(8); iki yonlu manevra koridoru 6.00 m, Madde 5(1)(h)(7))\PSonuc: YETERLI
  0
LWPOLYLINE
  5
2BB
330
287
100
AcDbEntity
 67
1
  8
A-ANNO-TTLB
100
AcDbPolyline
 90
4
 70
1
 10
38.52
 20
14.4
 10
47.52
 20
14.4
 10
47.52
 20
19.8
 10
38.52
 20
19.8
  0
TEXT
  5
2BC
330
287
100
AcDbEntity
 67
1
  8
A-ANNO-TTLB
100
AcDbText
 10
38.64
 20
19.341
 30
0.0
 40
0.21600000000000003
  1
PROJECT: Parcel 377/1 -- Ereğli Mah., Karamursel, Kocaeli (maximized footprint, reverse + roof duplex)
 11
38.64
 21
19.341
 31
0.0
100
AcDbText
  0
LINE
  5
2BD
330
287
100
AcDbEntity
 67
1
  8
A-ANNO-TTLB
100
AcDbLine
 10
38.52
 20
19.125
 30
0.0
 11
47.52
 21
19.125
 31
0.0
  0
TEXT
  5
2BE
330
287
100
AcDbEntity
 67
1
  8
A-ANNO-TTLB
100
AcDbText
 10
38.64
 20
18.666
 30
0.0
 40
0.21600000000000003
  1
PARCEL: Ada 377 / Parsel 1, Tapu Kutugu Eregli, Pafta G23D04D3D
 11
38.64
 21
18.666
 31
0.0
100
AcDbText
  0
LINE
  5
2BF
330
287
100
AcDbEntity
 67
1
  8
A-ANNO-TTLB
100
AcDbLine
 10
38.52
 20
18.45
 30
0.0
 11
47.52
 21
18.45
 31
0.0
  0
TEXT
  5
2C0
330
287
100
AcDbEntity
 67
1
  8
A-ANNO-TTLB
100
AcDbText
 10
38.64
 20
17.991
 30
0.0
 40
0.21600000000000003
  1
DATE: 2026-08-21
 11
38.64
 21
17.991
 31
0.0
100
AcDbText
  0
LINE
  5
2C1
330
287
100
AcDbEntity
 67
1
  8
A-ANNO-TTLB
100
AcDbLine
 10
38.52
 20
17.775
 30
0.0
 11
47.52
 21
17.775
 31
0.0
  0
TEXT
  5
2C2
330
287
100
AcDbEntity
 67
1
  8
A-ANNO-TTLB
100
AcDbText
 10
38.64
 20
17.316
 30
0.0
 40
0.21600000000000003
  1
SCALE: 1:100 (schematic)
 11
38.64
 21
17.316
 31
0.0
100
AcDbText
  0
LINE
  5
2C3
330
287
100
AcDbEntity
 67
1
  8
A-ANNO-TTLB
100
AcDbLine
 10
38.52
 20
17.1
 30
0.0
 11
47.52
 21
17.1
 31
0.0
  0
TEXT
  5
2C4
330
287
100
AcDbEntity
 67
1
  8
A-ANNO-TTLB
100
AcDbText
 10
38.64
 20
16.641000000000002
 30
0.0
 40
0.21600000000000003
  1
SHEET: A-107 -- Bodrum Kat Otopark Duzeni
 11
38.64
 21
16.641000000000002
 31
0.0
100
AcDbText
  0
LINE
  5
2C5
330
287
100
AcDbEntity
 67
1
  8
A-ANNO-TTLB
100
AcDbLine
 10
38.52
 20
16.425
 30
0.0
 11
47.52
 21
16.425
 31
0.0
  0
TEXT
  5
2C6
330
287
100
AcDbEntity
 67
1
  8
A-ANNO-TTLB
100
AcDbText
 10
38.64
 20
15.966
 30
0.0
 40
0.21600000000000003
  1
PREPARED BY: Sirketim -- Architecture department (schematic, AI-assisted)
 11
38.64
 21
15.966
 31
0.0
100
AcDbText
  0
LINE
  5
2C7
330
287
100
AcDbEntity
 67
1
  8
A-ANNO-TTLB
100
AcDbLine
 10
38.52
 20
15.75
 30
0.0
 11
47.52
 21
15.75
 31
0.0
  0
MTEXT
  5
2C8
330
287
100
AcDbEntity
 67
1
  8
A-ANNO-TTLB
100
AcDbMText
 10
38.64
 20
15.65
 30
0.0
 40
0.162
 41
8.76
 71
1
  3
SCHEMATIC DRAWING -- NOT FOR PERMIT OR CONSTRUCTION. Requires review, revision and stamp by a licensed architect before permitting or construction. Not a substitute for a structural/MEP engineer's calculations. No governmental review or approval impl
  1
ied or granted by this drawing.
  0
ENDBLK
  5
289
330
287
100
AcDbEntity
  8
0
100
AcDbBlockEnd
  0
BLOCK
  5
2CC
330
2CB
100
AcDbEntity
  8
0
100
AcDbBlockBegin
  2
*Paper_Space7
 70
0
 10
0.0
 20
0.0
 30
0.0
  3
*Paper_Space7
  1

  0
TEXT
  5
2CF
330
2CB
100
AcDbEntity
 67
1
  8
A-ANNO-NOTE
100
AcDbText
 10
0.0
 20
0.0
 30
0.0
 40
0.3
  1
Parcel 377-1 -- Maximized Footprint, Reverse + Roof Duplex (schematic) -- Bodrum Kat -- DOOR & WINDOW SCHEDULE (schematic)
 11
0.0
 21
0.0
 31
0.0
100
AcDbText
  0
LWPOLYLINE
  5
2D0
330
2CB
100
AcDbEntity
 67
1
  8
A-ANNO-SCHD
100
AcDbPolyline
 90
4
 70
1
 10
0.0
 20
-1.0
 10
12.5
 20
-1.0
 10
12.5
 20
-2.2
 10
0.0
 20
-2.2
  0
LINE
  5
2D1
330
2CB
100
AcDbEntity
 67
1
  8
A-ANNO-SCHD
100
AcDbLine
 10
0.0
 20
-1.4
 30
0.0
 11
12.5
 21
-1.4
 31
0.0
  0
TEXT
  5
2D2
330
2CB
100
AcDbEntity
 67
1
  8
A-ANNO-SCHD
100
AcDbText
 10
0.1
 20
-1.2799999999999998
 30
0.0
 40
0.16000000000000003
  1
DOOR SCHEDULE
 11
0.1
 21
-1.2799999999999998
 31
0.0
100
AcDbText
  0
LINE
  5
2D3
330
2CB
100
AcDbEntity
 67
1
  8
A-ANNO-SCHD
100
AcDbLine
 10
0.0
 20
-1.7999999999999998
 30
0.0
 11
12.5
 21
-1.7999999999999998
 31
0.0
  0
TEXT
  5
2D4
330
2CB
100
AcDbEntity
 67
1
  8
A-ANNO-SCHD
100
AcDbText
 10
0.08
 20
-1.6719999999999997
 30
0.0
 40
0.10400000000000001
  1
MARK
 11
0.08
 21
-1.6719999999999997
 31
0.0
100
AcDbText
  0
TEXT
  5
2D5
330
2CB
100
AcDbEntity
 67
1
  8
A-ANNO-SCHD
100
AcDbText
 10
1.3800000000000001
 20
-1.6719999999999997
 30
0.0
 40
0.10400000000000001
  1
WIDTH (m)
 11
1.3800000000000001
 21
-1.6719999999999997
 31
0.0
100
AcDbText
  0
TEXT
  5
2D6
330
2CB
100
AcDbEntity
 67
1
  8
A-ANNO-SCHD
100
AcDbText
 10
2.88
 20
-1.6719999999999997
 30
0.0
 40
0.10400000000000001
  1
HEIGHT (m)
 11
2.88
 21
-1.6719999999999997
 31
0.0
100
AcDbText
  0
TEXT
  5
2D7
330
2CB
100
AcDbEntity
 67
1
  8
A-ANNO-SCHD
100
AcDbText
 10
4.38
 20
-1.6719999999999997
 30
0.0
 40
0.10400000000000001
  1
SILL HT (m)
 11
4.38
 21
-1.6719999999999997
 31
0.0
100
AcDbText
  0
TEXT
  5
2D8
330
2CB
100
AcDbEntity
 67
1
  8
A-ANNO-SCHD
100
AcDbText
 10
5.98
 20
-1.6719999999999997
 30
0.0
 40
0.10400000000000001
  1
HEAD HT (m)
 11
5.98
 21
-1.6719999999999997
 31
0.0
100
AcDbText
  0
TEXT
  5
2D9
330
2CB
100
AcDbEntity
 67
1
  8
A-ANNO-SCHD
100
AcDbText
 10
7.58
 20
-1.6719999999999997
 30
0.0
 40
0.10400000000000001
  1
HOST WALL
 11
7.58
 21
-1.6719999999999997
 31
0.0
100
AcDbText
  0
TEXT
  5
2DA
330
2CB
100
AcDbEntity
 67
1
  8
A-ANNO-SCHD
100
AcDbText
 10
11.18
 20
-1.6719999999999997
 30
0.0
 40
0.10400000000000001
  1
EXT/INT
 11
11.18
 21
-1.6719999999999997
 31
0.0
100
AcDbText
  0
TEXT
  5
2DB
330
2CB
100
AcDbEntity
 67
1
  8
A-ANNO-SCHD
100
AcDbText
 10
0.08
 20
-2.0719999999999996
 30
0.0
 40
0.10400000000000001
  1
D1S
 11
0.08
 21
-2.0719999999999996
 31
0.0
100
AcDbText
  0
TEXT
  5
2DC
330
2CB
100
AcDbEntity
 67
1
  8
A-ANNO-SCHD
100
AcDbText
 10
1.3800000000000001
 20
-2.0719999999999996
 30
0.0
 40
0.10400000000000001
  1
0.90
 11
1.3800000000000001
 21
-2.0719999999999996
 31
0.0
100
AcDbText
  0
TEXT
  5
2DD
330
2CB
100
AcDbEntity
 67
1
  8
A-ANNO-SCHD
100
AcDbText
 10
2.88
 20
-2.0719999999999996
 30
0.0
 40
0.10400000000000001
  1
2.10
 11
2.88
 21
-2.0719999999999996
 31
0.0
100
AcDbText
  0
TEXT
  5
2DE
330
2CB
100
AcDbEntity
 67
1
  8
A-ANNO-SCHD
100
AcDbText
 10
4.38
 20
-2.0719999999999996
 30
0.0
 40
0.10400000000000001
  1
0.00
 11
4.38
 21
-2.0719999999999996
 31
0.0
100
AcDbText
  0
TEXT
  5
2DF
330
2CB
100
AcDbEntity
 67
1
  8
A-ANNO-SCHD
100
AcDbText
 10
5.98
 20
-2.0719999999999996
 30
0.0
 40
0.10400000000000001
  1
2.10
 11
5.98
 21
-2.0719999999999996
 31
0.0
100
AcDbText
  0
TEXT
  5
2E0
330
2CB
100
AcDbEntity
 67
1
  8
A-ANNO-SCHD
100
AcDbText
 10
7.58
 20
-2.0719999999999996
 30
0.0
 40
0.10400000000000001
  1
L-1-WALL-STAIR-0-REAR
 11
7.58
 21
-2.0719999999999996
 31
0.0
100
AcDbText
  0
TEXT
  5
2E1
330
2CB
100
AcDbEntity
 67
1
  8
A-ANNO-SCHD
100
AcDbText
 10
11.18
 20
-2.0719999999999996
 30
0.0
 40
0.10400000000000001
  1
INT
 11
11.18
 21
-2.0719999999999996
 31
0.0
100
AcDbText
  0
LINE
  5
2E2
330
2CB
100
AcDbEntity
 67
1
  8
A-ANNO-SCHD
100
AcDbLine
 10
1.3
 20
-1.7999999999999998
 30
0.0
 11
1.3
 21
-2.2
 31
0.0
  0
LINE
  5
2E3
330
2CB
100
AcDbEntity
 67
1
  8
A-ANNO-SCHD
100
AcDbLine
 10
2.8
 20
-1.7999999999999998
 30
0.0
 11
2.8
 21
-2.2
 31
0.0
  0
LINE
  5
2E4
330
2CB
100
AcDbEntity
 67
1
  8
A-ANNO-SCHD
100
AcDbLine
 10
4.3
 20
-1.7999999999999998
 30
0.0
 11
4.3
 21
-2.2
 31
0.0
  0
LINE
  5
2E5
330
2CB
100
AcDbEntity
 67
1
  8
A-ANNO-SCHD
100
AcDbLine
 10
5.9
 20
-1.7999999999999998
 30
0.0
 11
5.9
 21
-2.2
 31
0.0
  0
LINE
  5
2E6
330
2CB
100
AcDbEntity
 67
1
  8
A-ANNO-SCHD
100
AcDbLine
 10
7.5
 20
-1.7999999999999998
 30
0.0
 11
7.5
 21
-2.2
 31
0.0
  0
LINE
  5
2E7
330
2CB
100
AcDbEntity
 67
1
  8
A-ANNO-SCHD
100
AcDbLine
 10
11.1
 20
-1.7999999999999998
 30
0.0
 11
11.1
 21
-2.2
 31
0.0
  0
LWPOLYLINE
  5
2E8
330
2CB
100
AcDbEntity
 67
1
  8
A-ANNO-SCHD
100
AcDbPolyline
 90
4
 70
1
 10
0.0
 20
-3.0
 10
12.5
 20
-3.0
 10
12.5
 20
-5.4
 10
0.0
 20
-5.4
  0
LINE
  5
2E9
330
2CB
100
AcDbEntity
 67
1
  8
A-ANNO-SCHD
100
AcDbLine
 10
0.0
 20
-3.4
 30
0.0
 11
12.5
 21
-3.4
 31
0.0
  0
TEXT
  5
2EA
330
2CB
100
AcDbEntity
 67
1
  8
A-ANNO-SCHD
100
AcDbText
 10
0.1
 20
-3.28
 30
0.0
 40
0.16000000000000003
  1
WINDOW SCHEDULE
 11
0.1
 21
-3.28
 31
0.0
100
AcDbText
  0
LINE
  5
2EB
330
2CB
100
AcDbEntity
 67
1
  8
A-ANNO-SCHD
100
AcDbLine
 10
0.0
 20
-3.8
 30
0.0
 11
12.5
 21
-3.8
 31
0.0
  0
TEXT
  5
2EC
330
2CB
100
AcDbEntity
 67
1
  8
A-ANNO-SCHD
100
AcDbText
 10
0.08
 20
-3.6719999999999997
 30
0.0
 40
0.10400000000000001
  1
MARK
 11
0.08
 21
-3.6719999999999997
 31
0.0
100
AcDbText
  0
TEXT
  5
2ED
330
2CB
100
AcDbEntity
 67
1
  8
A-ANNO-SCHD
100
AcDbText
 10
1.3800000000000001
 20
-3.6719999999999997
 30
0.0
 40
0.10400000000000001
  1
WIDTH (m)
 11
1.3800000000000001
 21
-3.6719999999999997
 31
0.0
100
AcDbText
  0
TEXT
  5
2EE
330
2CB
100
AcDbEntity
 67
1
  8
A-ANNO-SCHD
100
AcDbText
 10
2.88
 20
-3.6719999999999997
 30
0.0
 40
0.10400000000000001
  1
HEIGHT (m)
 11
2.88
 21
-3.6719999999999997
 31
0.0
100
AcDbText
  0
TEXT
  5
2EF
330
2CB
100
AcDbEntity
 67
1
  8
A-ANNO-SCHD
100
AcDbText
 10
4.38
 20
-3.6719999999999997
 30
0.0
 40
0.10400000000000001
  1
SILL HT (m)
 11
4.38
 21
-3.6719999999999997
 31
0.0
100
AcDbText
  0
TEXT
  5
2F0
330
2CB
100
AcDbEntity
 67
1
  8
A-ANNO-SCHD
100
AcDbText
 10
5.98
 20
-3.6719999999999997
 30
0.0
 40
0.10400000000000001
  1
HEAD HT (m)
 11
5.98
 21
-3.6719999999999997
 31
0.0
100
AcDbText
  0
TEXT
  5
2F1
330
2CB
100
AcDbEntity
 67
1
  8
A-ANNO-SCHD
100
AcDbText
 10
7.58
 20
-3.6719999999999997
 30
0.0
 40
0.10400000000000001
  1
HOST WALL
 11
7.58
 21
-3.6719999999999997
 31
0.0
100
AcDbText
  0
TEXT
  5
2F2
330
2CB
100
AcDbEntity
 67
1
  8
A-ANNO-SCHD
100
AcDbText
 10
11.18
 20
-3.6719999999999997
 30
0.0
 40
0.10400000000000001
  1
EXT/INT
 11
11.18
 21
-3.6719999999999997
 31
0.0
100
AcDbText
  0
TEXT
  5
2F3
330
2CB
100
AcDbEntity
 67
1
  8
A-ANNO-SCHD
100
AcDbText
 10
0.08
 20
-4.072
 30
0.0
 40
0.10400000000000001
  1
W1
 11
0.08
 21
-4.072
 31
0.0
100
AcDbText
  0
TEXT
  5
2F4
330
2CB
100
AcDbEntity
 67
1
  8
A-ANNO-SCHD
100
AcDbText
 10
1.3800000000000001
 20
-4.072
 30
0.0
 40
0.10400000000000001
  1
1.20
 11
1.3800000000000001
 21
-4.072
 31
0.0
100
AcDbText
  0
TEXT
  5
2F5
330
2CB
100
AcDbEntity
 67
1
  8
A-ANNO-SCHD
100
AcDbText
 10
2.88
 20
-4.072
 30
0.0
 40
0.10400000000000001
  1
1.20
 11
2.88
 21
-4.072
 31
0.0
100
AcDbText
  0
TEXT
  5
2F6
330
2CB
100
AcDbEntity
 67
1
  8
A-ANNO-SCHD
100
AcDbText
 10
4.38
 20
-4.072
 30
0.0
 40
0.10400000000000001
  1
0.90
 11
4.38
 21
-4.072
 31
0.0
100
AcDbText
  0
TEXT
  5
2F7
330
2CB
100
AcDbEntity
 67
1
  8
A-ANNO-SCHD
100
AcDbText
 10
5.98
 20
-4.072
 30
0.0
 40
0.10400000000000001
  1
2.10
 11
5.98
 21
-4.072
 31
0.0
100
AcDbText
  0
TEXT
  5
2F8
330
2CB
100
AcDbEntity
 67
1
  8
A-ANNO-SCHD
100
AcDbText
 10
7.58
 20
-4.072
 30
0.0
 40
0.10400000000000001
  1
L-1-WALL-REAR
 11
7.58
 21
-4.072
 31
0.0
100
AcDbText
  0
TEXT
  5
2F9
330
2CB
100
AcDbEntity
 67
1
  8
A-ANNO-SCHD
100
AcDbText
 10
11.18
 20
-4.072
 30
0.0
 40
0.10400000000000001
  1
EXT
 11
11.18
 21
-4.072
 31
0.0
100
AcDbText
  0
LINE
  5
2FA
330
2CB
100
AcDbEntity
 67
1
  8
A-ANNO-SCHD
100
AcDbLine
 10
0.0
 20
-4.2
 30
0.0
 11
12.5
 21
-4.2
 31
0.0
  0
TEXT
  5
2FB
330
2CB
100
AcDbEntity
 67
1
  8
A-ANNO-SCHD
100
AcDbText
 10
0.08
 20
-4.472
 30
0.0
 40
0.10400000000000001
  1
W1
 11
0.08
 21
-4.472
 31
0.0
100
AcDbText
  0
TEXT
  5
2FC
330
2CB
100
AcDbEntity
 67
1
  8
A-ANNO-SCHD
100
AcDbText
 10
1.3800000000000001
 20
-4.472
 30
0.0
 40
0.10400000000000001
  1
1.20
 11
1.3800000000000001
 21
-4.472
 31
0.0
100
AcDbText
  0
TEXT
  5
2FD
330
2CB
100
AcDbEntity
 67
1
  8
A-ANNO-SCHD
100
AcDbText
 10
2.88
 20
-4.472
 30
0.0
 40
0.10400000000000001
  1
1.20
 11
2.88
 21
-4.472
 31
0.0
100
AcDbText
  0
TEXT
  5
2FE
330
2CB
100
AcDbEntity
 67
1
  8
A-ANNO-SCHD
100
AcDbText
 10
4.38
 20
-4.472
 30
0.0
 40
0.10400000000000001
  1
0.90
 11
4.38
 21
-4.472
 31
0.0
100
AcDbText
  0
TEXT
  5
2FF
330
2CB
100
AcDbEntity
 67
1
  8
A-ANNO-SCHD
100
AcDbText
 10
5.98
 20
-4.472
 30
0.0
 40
0.10400000000000001
  1
2.10
 11
5.98
 21
-4.472
 31
0.0
100
AcDbText
  0
TEXT
  5
300
330
2CB
100
AcDbEntity
 67
1
  8
A-ANNO-SCHD
100
AcDbText
 10
7.58
 20
-4.472
 30
0.0
 40
0.10400000000000001
  1
L-1-WALL-REAR
 11
7.58
 21
-4.472
 31
0.0
100
AcDbText
  0
TEXT
  5
301
330
2CB
100
AcDbEntity
 67
1
  8
A-ANNO-SCHD
100
AcDbText
 10
11.18
 20
-4.472
 30
0.0
 40
0.10400000000000001
  1
EXT
 11
11.18
 21
-4.472
 31
0.0
100
AcDbText
  0
LINE
  5
302
330
2CB
100
AcDbEntity
 67
1
  8
A-ANNO-SCHD
100
AcDbLine
 10
0.0
 20
-4.6
 30
0.0
 11
12.5
 21
-4.6
 31
0.0
  0
TEXT
  5
303
330
2CB
100
AcDbEntity
 67
1
  8
A-ANNO-SCHD
100
AcDbText
 10
0.08
 20
-4.872
 30
0.0
 40
0.10400000000000001
  1
W2
 11
0.08
 21
-4.872
 31
0.0
100
AcDbText
  0
TEXT
  5
304
330
2CB
100
AcDbEntity
 67
1
  8
A-ANNO-SCHD
100
AcDbText
 10
1.3800000000000001
 20
-4.872
 30
0.0
 40
0.10400000000000001
  1
1.20
 11
1.3800000000000001
 21
-4.872
 31
0.0
100
AcDbText
  0
TEXT
  5
305
330
2CB
100
AcDbEntity
 67
1
  8
A-ANNO-SCHD
100
AcDbText
 10
2.88
 20
-4.872
 30
0.0
 40
0.10400000000000001
  1
1.20
 11
2.88
 21
-4.872
 31
0.0
100
AcDbText
  0
TEXT
  5
306
330
2CB
100
AcDbEntity
 67
1
  8
A-ANNO-SCHD
100
AcDbText
 10
4.38
 20
-4.872
 30
0.0
 40
0.10400000000000001
  1
0.90
 11
4.38
 21
-4.872
 31
0.0
100
AcDbText
  0
TEXT
  5
307
330
2CB
100
AcDbEntity
 67
1
  8
A-ANNO-SCHD
100
AcDbText
 10
5.98
 20
-4.872
 30
0.0
 40
0.10400000000000001
  1
2.10
 11
5.98
 21
-4.872
 31
0.0
100
AcDbText
  0
TEXT
  5
308
330
2CB
100
AcDbEntity
 67
1
  8
A-ANNO-SCHD
100
AcDbText
 10
7.58
 20
-4.872
 30
0.0
 40
0.10400000000000001
  1
L-1-WALL-REAR
 11
7.58
 21
-4.872
 31
0.0
100
AcDbText
  0
TEXT
  5
309
330
2CB
100
AcDbEntity
 67
1
  8
A-ANNO-SCHD
100
AcDbText
 10
11.18
 20
-4.872
 30
0.0
 40
0.10400000000000001
  1
EXT
 11
11.18
 21
-4.872
 31
0.0
100
AcDbText
  0
LINE
  5
30A
330
2CB
100
AcDbEntity
 67
1
  8
A-ANNO-SCHD
100
AcDbLine
 10
0.0
 20
-5.0
 30
0.0
 11
12.5
 21
-5.0
 31
0.0
  0
TEXT
  5
30B
330
2CB
100
AcDbEntity
 67
1
  8
A-ANNO-SCHD
100
AcDbText
 10
0.08
 20
-5.272
 30
0.0
 40
0.10400000000000001
  1
W3
 11
0.08
 21
-5.272
 31
0.0
100
AcDbText
  0
TEXT
  5
30C
330
2CB
100
AcDbEntity
 67
1
  8
A-ANNO-SCHD
100
AcDbText
 10
1.3800000000000001
 20
-5.272
 30
0.0
 40
0.10400000000000001
  1
1.20
 11
1.3800000000000001
 21
-5.272
 31
0.0
100
AcDbText
  0
TEXT
  5
30D
330
2CB
100
AcDbEntity
 67
1
  8
A-ANNO-SCHD
100
AcDbText
 10
2.88
 20
-5.272
 30
0.0
 40
0.10400000000000001
  1
1.20
 11
2.88
 21
-5.272
 31
0.0
100
AcDbText
  0
TEXT
  5
30E
330
2CB
100
AcDbEntity
 67
1
  8
A-ANNO-SCHD
100
AcDbText
 10
4.38
 20
-5.272
 30
0.0
 40
0.10400000000000001
  1
0.90
 11
4.38
 21
-5.272
 31
0.0
100
AcDbText
  0
TEXT
  5
30F
330
2CB
100
AcDbEntity
 67
1
  8
A-ANNO-SCHD
100
AcDbText
 10
5.98
 20
-5.272
 30
0.0
 40
0.10400000000000001
  1
2.10
 11
5.98
 21
-5.272
 31
0.0
100
AcDbText
  0
TEXT
  5
310
330
2CB
100
AcDbEntity
 67
1
  8
A-ANNO-SCHD
100
AcDbText
 10
7.58
 20
-5.272
 30
0.0
 40
0.10400000000000001
  1
L-1-WALL-REAR
 11
7.58
 21
-5.272
 31
0.0
100
AcDbText
  0
TEXT
  5
311
330
2CB
100
AcDbEntity
 67
1
  8
A-ANNO-SCHD
100
AcDbText
 10
11.18
 20
-5.272
 30
0.0
 40
0.10400000000000001
  1
EXT
 11
11.18
 21
-5.272
 31
0.0
100
AcDbText
  0
LINE
  5
312
330
2CB
100
AcDbEntity
 67
1
  8
A-ANNO-SCHD
100
AcDbLine
 10
1.3
 20
-3.8
 30
0.0
 11
1.3
 21
-5.4
 31
0.0
  0
LINE
  5
313
330
2CB
100
AcDbEntity
 67
1
  8
A-ANNO-SCHD
100
AcDbLine
 10
2.8
 20
-3.8
 30
0.0
 11
2.8
 21
-5.4
 31
0.0
  0
LINE
  5
314
330
2CB
100
AcDbEntity
 67
1
  8
A-ANNO-SCHD
100
AcDbLine
 10
4.3
 20
-3.8
 30
0.0
 11
4.3
 21
-5.4
 31
0.0
  0
LINE
  5
315
330
2CB
100
AcDbEntity
 67
1
  8
A-ANNO-SCHD
100
AcDbLine
 10
5.9
 20
-3.8
 30
0.0
 11
5.9
 21
-5.4
 31
0.0
  0
LINE
  5
316
330
2CB
100
AcDbEntity
 67
1
  8
A-ANNO-SCHD
100
AcDbLine
 10
7.5
 20
-3.8
 30
0.0
 11
7.5
 21
-5.4
 31
0.0
  0
LINE
  5
317
330
2CB
100
AcDbEntity
 67
1
  8
A-ANNO-SCHD
100
AcDbLine
 10
11.1
 20
-3.8
 30
0.0
 11
11.1
 21
-5.4
 31
0.0
  0
POINT
  5
318
330
2CB
100
AcDbEntity
 67
1
  8
Z-DATA-NOPLOT
100
AcDbPoint
 10
0.0
 20
0.0
 30
0.0
  0
MTEXT
  5
319
330
2CB
100
AcDbEntity
 67
1
  8
A-ANNO-NOTE
100
AcDbMText
 10
0.0
 20
-5.9
 30
0.0
 40
0.14
 41
12.5
 71
1
  3
Schedule derived directly from Building.openings for Bodrum Kat (level index -1) -- one row per opening, keyed by its own Opening.mark (matches the mark label drawn on the corresponding plan.py floor-plan sheet for this level).\PWidths/heights/sill h
  3
eights are read directly from the source Building model, not re-typed -- see cadgen.schedule.verify_schedule_fidelity() for the mandatory re-derivation check against a freshly re-read copy of this file.\PSill/head heights are measured above this leve
  1
l's own finished floor (host wall base_elevation), per model.py's documented convention -- not above the red grade datum directly.\POne row per physical opening, NOT grouped by matching door/window type -- see module docstring.
  0
MTEXT
  5
31A
330
2CB
100
AcDbEntity
 67
1
  8
A-ANNO-NOTE
100
AcDbMText
 10
0.0
 20
-7.800000000000001
 30
0.0
 40
0.14
 41
12.5
 71
1
  3
SCHEMATIC DRAWING -- NOT FOR PERMIT OR CONSTRUCTION. Requires review, revision and stamp by a licensed architect before permitting or construction. Not a substitute for a structural/MEP engineer's calculations. No governmental review or approval impl
  1
ied or granted by this drawing.
  0
LWPOLYLINE
  5
31B
330
2CB
100
AcDbEntity
 67
1
  8
A-ANNO-TTLB
100
AcDbPolyline
 90
4
 70
1
 10
0.0
 20
-13.9
 10
9.0
 20
-13.9
 10
9.0
 20
-8.5
 10
0.0
 20
-8.5
  0
TEXT
  5
31C
330
2CB
100
AcDbEntity
 67
1
  8
A-ANNO-TTLB
100
AcDbText
 10
0.12
 20
-8.959000000000001
 30
0.0
 40
0.21600000000000003
  1
PROJECT: Parcel 377/1 -- Ereğli Mah., Karamursel, Kocaeli (maximized footprint, reverse + roof duplex)
 11
0.12
 21
-8.959000000000001
 31
0.0
100
AcDbText
  0
LINE
  5
31D
330
2CB
100
AcDbEntity
 67
1
  8
A-ANNO-TTLB
100
AcDbLine
 10
0.0
 20
-9.175
 30
0.0
 11
9.0
 21
-9.175
 31
0.0
  0
TEXT
  5
31E
330
2CB
100
AcDbEntity
 67
1
  8
A-ANNO-TTLB
100
AcDbText
 10
0.12
 20
-9.634000000000002
 30
0.0
 40
0.21600000000000003
  1
PARCEL: Ada 377 / Parsel 1, Tapu Kutugu Eregli, Pafta G23D04D3D
 11
0.12
 21
-9.634000000000002
 31
0.0
100
AcDbText
  0
LINE
  5
31F
330
2CB
100
AcDbEntity
 67
1
  8
A-ANNO-TTLB
100
AcDbLine
 10
0.0
 20
-9.85
 30
0.0
 11
9.0
 21
-9.85
 31
0.0
  0
TEXT
  5
320
330
2CB
100
AcDbEntity
 67
1
  8
A-ANNO-TTLB
100
AcDbText
 10
0.12
 20
-10.309000000000001
 30
0.0
 40
0.21600000000000003
  1
DATE: 2026-08-21
 11
0.12
 21
-10.309000000000001
 31
0.0
100
AcDbText
  0
LINE
  5
321
330
2CB
100
AcDbEntity
 67
1
  8
A-ANNO-TTLB
100
AcDbLine
 10
0.0
 20
-10.525
 30
0.0
 11
9.0
 21
-10.525
 31
0.0
  0
TEXT
  5
322
330
2CB
100
AcDbEntity
 67
1
  8
A-ANNO-TTLB
100
AcDbText
 10
0.12
 20
-10.984000000000002
 30
0.0
 40
0.21600000000000003
  1
SCALE: N/A (schedule table)
 11
0.12
 21
-10.984000000000002
 31
0.0
100
AcDbText
  0
LINE
  5
323
330
2CB
100
AcDbEntity
 67
1
  8
A-ANNO-TTLB
100
AcDbLine
 10
0.0
 20
-11.2
 30
0.0
 11
9.0
 21
-11.2
 31
0.0
  0
TEXT
  5
324
330
2CB
100
AcDbEntity
 67
1
  8
A-ANNO-TTLB
100
AcDbText
 10
0.12
 20
-11.659
 30
0.0
 40
0.21600000000000003
  1
SHEET: A-201 -- Bodrum Kat Plani (Ters Dubleks Alt Kat) -- Door/Window Schedule
 11
0.12
 21
-11.659
 31
0.0
100
AcDbText
  0
LINE
  5
325
330
2CB
100
AcDbEntity
 67
1
  8
A-ANNO-TTLB
100
AcDbLine
 10
0.0
 20
-11.875
 30
0.0
 11
9.0
 21
-11.875
 31
0.0
  0
TEXT
  5
326
330
2CB
100
AcDbEntity
 67
1
  8
A-ANNO-TTLB
100
AcDbText
 10
0.12
 20
-12.334000000000001
 30
0.0
 40
0.21600000000000003
  1
PREPARED BY: Sirketim -- Architecture department (schematic, AI-assisted)
 11
0.12
 21
-12.334000000000001
 31
0.0
100
AcDbText
  0
LINE
  5
327
330
2CB
100
AcDbEntity
 67
1
  8
A-ANNO-TTLB
100
AcDbLine
 10
0.0
 20
-12.55
 30
0.0
 11
9.0
 21
-12.55
 31
0.0
  0
MTEXT
  5
328
330
2CB
100
AcDbEntity
 67
1
  8
A-ANNO-TTLB
100
AcDbMText
 10
0.12
 20
-12.65
 30
0.0
 40
0.162
 41
8.76
 71
1
  3
SCHEMATIC DRAWING -- NOT FOR PERMIT OR CONSTRUCTION. Requires review, revision and stamp by a licensed architect before permitting or construction. Not a substitute for a structural/MEP engineer's calculations. No governmental review or approval impl
  1
ied or granted by this drawing.
  0
ENDBLK
  5
2CD
330
2CB
100
AcDbEntity
  8
0
100
AcDbBlockEnd
  0
BLOCK
  5
32B
330
32A
100
AcDbEntity
  8
0
100
AcDbBlockBegin
  2
*Paper_Space8
 70
0
 10
0.0
 20
0.0
 30
0.0
  3
*Paper_Space8
  1

  0
TEXT
  5
32E
330
32A
100
AcDbEntity
 67
1
  8
A-ANNO-NOTE
100
AcDbText
 10
0.0
 20
0.0
 30
0.0
 40
0.3
  1
Parcel 377-1 -- Maximized Footprint, Reverse + Roof Duplex (schematic) -- Zemin Kat -- DOOR & WINDOW SCHEDULE (schematic)
 11
0.0
 21
0.0
 31
0.0
100
AcDbText
  0
LWPOLYLINE
  5
32F
330
32A
100
AcDbEntity
 67
1
  8
A-ANNO-SCHD
100
AcDbPolyline
 90
4
 70
1
 10
0.0
 20
-1.0
 10
12.5
 20
-1.0
 10
12.5
 20
-2.6
 10
0.0
 20
-2.6
  0
LINE
  5
330
330
32A
100
AcDbEntity
 67
1
  8
A-ANNO-SCHD
100
AcDbLine
 10
0.0
 20
-1.4
 30
0.0
 11
12.5
 21
-1.4
 31
0.0
  0
TEXT
  5
331
330
32A
100
AcDbEntity
 67
1
  8
A-ANNO-SCHD
100
AcDbText
 10
0.1
 20
-1.2799999999999998
 30
0.0
 40
0.16000000000000003
  1
DOOR SCHEDULE
 11
0.1
 21
-1.2799999999999998
 31
0.0
100
AcDbText
  0
LINE
  5
332
330
32A
100
AcDbEntity
 67
1
  8
A-ANNO-SCHD
100
AcDbLine
 10
0.0
 20
-1.7999999999999998
 30
0.0
 11
12.5
 21
-1.7999999999999998
 31
0.0
  0
TEXT
  5
333
330
32A
100
AcDbEntity
 67
1
  8
A-ANNO-SCHD
100
AcDbText
 10
0.08
 20
-1.6719999999999997
 30
0.0
 40
0.10400000000000001
  1
MARK
 11
0.08
 21
-1.6719999999999997
 31
0.0
100
AcDbText
  0
TEXT
  5
334
330
32A
100
AcDbEntity
 67
1
  8
A-ANNO-SCHD
100
AcDbText
 10
1.3800000000000001
 20
-1.6719999999999997
 30
0.0
 40
0.10400000000000001
  1
WIDTH (m)
 11
1.3800000000000001
 21
-1.6719999999999997
 31
0.0
100
AcDbText
  0
TEXT
  5
335
330
32A
100
AcDbEntity
 67
1
  8
A-ANNO-SCHD
100
AcDbText
 10
2.88
 20
-1.6719999999999997
 30
0.0
 40
0.10400000000000001
  1
HEIGHT (m)
 11
2.88
 21
-1.6719999999999997
 31
0.0
100
AcDbText
  0
TEXT
  5
336
330
32A
100
AcDbEntity
 67
1
  8
A-ANNO-SCHD
100
AcDbText
 10
4.38
 20
-1.6719999999999997
 30
0.0
 40
0.10400000000000001
  1
SILL HT (m)
 11
4.38
 21
-1.6719999999999997
 31
0.0
100
AcDbText
  0
TEXT
  5
337
330
32A
100
AcDbEntity
 67
1
  8
A-ANNO-SCHD
100
AcDbText
 10
5.98
 20
-1.6719999999999997
 30
0.0
 40
0.10400000000000001
  1
HEAD HT (m)
 11
5.98
 21
-1.6719999999999997
 31
0.0
100
AcDbText
  0
TEXT
  5
338
330
32A
100
AcDbEntity
 67
1
  8
A-ANNO-SCHD
100
AcDbText
 10
7.58
 20
-1.6719999999999997
 30
0.0
 40
0.10400000000000001
  1
HOST WALL
 11
7.58
 21
-1.6719999999999997
 31
0.0
100
AcDbText
  0
TEXT
  5
339
330
32A
100
AcDbEntity
 67
1
  8
A-ANNO-SCHD
100
AcDbText
 10
11.18
 20
-1.6719999999999997
 30
0.0
 40
0.10400000000000001
  1
EXT/INT
 11
11.18
 21
-1.6719999999999997
 31
0.0
100
AcDbText
  0
TEXT
  5
33A
330
32A
100
AcDbEntity
 67
1
  8
A-ANNO-SCHD
100
AcDbText
 10
0.08
 20
-2.0719999999999996
 30
0.0
 40
0.10400000000000001
  1
D0
 11
0.08
 21
-2.0719999999999996
 31
0.0
100
AcDbText
  0
TEXT
  5
33B
330
32A
100
AcDbEntity
 67
1
  8
A-ANNO-SCHD
100
AcDbText
 10
1.3800000000000001
 20
-2.0719999999999996
 30
0.0
 40
0.10400000000000001
  1
1.50
 11
1.3800000000000001
 21
-2.0719999999999996
 31
0.0
100
AcDbText
  0
TEXT
  5
33C
330
32A
100
AcDbEntity
 67
1
  8
A-ANNO-SCHD
100
AcDbText
 10
2.88
 20
-2.0719999999999996
 30
0.0
 40
0.10400000000000001
  1
2.10
 11
2.88
 21
-2.0719999999999996
 31
0.0
100
AcDbText
  0
TEXT
  5
33D
330
32A
100
AcDbEntity
 67
1
  8
A-ANNO-SCHD
100
AcDbText
 10
4.38
 20
-2.0719999999999996
 30
0.0
 40
0.10400000000000001
  1
0.00
 11
4.38
 21
-2.0719999999999996
 31
0.0
100
AcDbText
  0
TEXT
  5
33E
330
32A
100
AcDbEntity
 67
1
  8
A-ANNO-SCHD
100
AcDbText
 10
5.98
 20
-2.0719999999999996
 30
0.0
 40
0.10400000000000001
  1
2.10
 11
5.98
 21
-2.0719999999999996
 31
0.0
100
AcDbText
  0
TEXT
  5
33F
330
32A
100
AcDbEntity
 67
1
  8
A-ANNO-SCHD
100
AcDbText
 10
7.58
 20
-2.0719999999999996
 30
0.0
 40
0.10400000000000001
  1
L0-WALL-FRONT
 11
7.58
 21
-2.0719999999999996
 31
0.0
100
AcDbText
  0
TEXT
  5
340
330
32A
100
AcDbEntity
 67
1
  8
A-ANNO-SCHD
100
AcDbText
 10
11.18
 20
-2.0719999999999996
 30
0.0
 40
0.10400000000000001
  1
EXT
 11
11.18
 21
-2.0719999999999996
 31
0.0
100
AcDbText
  0
LINE
  5
341
330
32A
100
AcDbEntity
 67
1
  8
A-ANNO-SCHD
100
AcDbLine
 10
0.0
 20
-2.1999999999999997
 30
0.0
 11
12.5
 21
-2.1999999999999997
 31
0.0
  0
TEXT
  5
342
330
32A
100
AcDbEntity
 67
1
  8
A-ANNO-SCHD
100
AcDbText
 10
0.08
 20
-2.4719999999999995
 30
0.0
 40
0.10400000000000001
  1
D1
 11
0.08
 21
-2.4719999999999995
 31
0.0
100
AcDbText
  0
TEXT
  5
343
330
32A
100
AcDbEntity
 67
1
  8
A-ANNO-SCHD
100
AcDbText
 10
1.3800000000000001
 20
-2.4719999999999995
 30
0.0
 40
0.10400000000000001
  1
1.00
 11
1.3800000000000001
 21
-2.4719999999999995
 31
0.0
100
AcDbText
  0
TEXT
  5
344
330
32A
100
AcDbEntity
 67
1
  8
A-ANNO-SCHD
100
AcDbText
 10
2.88
 20
-2.4719999999999995
 30
0.0
 40
0.10400000000000001
  1
2.10
 11
2.88
 21
-2.4719999999999995
 31
0.0
100
AcDbText
  0
TEXT
  5
345
330
32A
100
AcDbEntity
 67
1
  8
A-ANNO-SCHD
100
AcDbText
 10
4.38
 20
-2.4719999999999995
 30
0.0
 40
0.10400000000000001
  1
0.00
 11
4.38
 21
-2.4719999999999995
 31
0.0
100
AcDbText
  0
TEXT
  5
346
330
32A
100
AcDbEntity
 67
1
  8
A-ANNO-SCHD
100
AcDbText
 10
5.98
 20
-2.4719999999999995
 30
0.0
 40
0.10400000000000001
  1
2.10
 11
5.98
 21
-2.4719999999999995
 31
0.0
100
AcDbText
  0
TEXT
  5
347
330
32A
100
AcDbEntity
 67
1
  8
A-ANNO-SCHD
100
AcDbText
 10
7.58
 20
-2.4719999999999995
 30
0.0
 40
0.10400000000000001
  1
L0-WALL-CORRIDOR-REAR
 11
7.58
 21
-2.4719999999999995
 31
0.0
100
AcDbText
  0
TEXT
  5
348
330
32A
100
AcDbEntity
 67
1
  8
A-ANNO-SCHD
100
AcDbText
 10
11.18
 20
-2.4719999999999995
 30
0.0
 40
0.10400000000000001
  1
INT
 11
11.18
 21
-2.4719999999999995
 31
0.0
100
AcDbText
  0
LINE
  5
349
330
32A
100
AcDbEntity
 67
1
  8
A-ANNO-SCHD
100
AcDbLine
 10
1.3
 20
-1.7999999999999998
 30
0.0
 11
1.3
 21
-2.6
 31
0.0
  0
LINE
  5
34A
330
32A
100
AcDbEntity
 67
1
  8
A-ANNO-SCHD
100
AcDbLine
 10
2.8
 20
-1.7999999999999998
 30
0.0
 11
2.8
 21
-2.6
 31
0.0
  0
LINE
  5
34B
330
32A
100
AcDbEntity
 67
1
  8
A-ANNO-SCHD
100
AcDbLine
 10
4.3
 20
-1.7999999999999998
 30
0.0
 11
4.3
 21
-2.6
 31
0.0
  0
LINE
  5
34C
330
32A
100
AcDbEntity
 67
1
  8
A-ANNO-SCHD
100
AcDbLine
 10
5.9
 20
-1.7999999999999998
 30
0.0
 11
5.9
 21
-2.6
 31
0.0
  0
LINE
  5
34D
330
32A
100
AcDbEntity
 67
1
  8
A-ANNO-SCHD
100
AcDbLine
 10
7.5
 20
-1.7999999999999998
 30
0.0
 11
7.5
 21
-2.6
 31
0.0
  0
LINE
  5
34E
330
32A
100
AcDbEntity
 67
1
  8
A-ANNO-SCHD
100
AcDbLine
 10
11.1
 20
-1.7999999999999998
 30
0.0
 11
11.1
 21
-2.6
 31
0.0
  0
LWPOLYLINE
  5
34F
330
32A
100
AcDbEntity
 67
1
  8
A-ANNO-SCHD
100
AcDbPolyline
 90
4
 70
1
 10
0.0
 20
-3.4000000000000004
 10
12.5
 20
-3.4000000000000004
 10
12.5
 20
-6.200000000000001
 10
0.0
 20
-6.200000000000001
  0
LINE
  5
350
330
32A
100
AcDbEntity
 67
1
  8
A-ANNO-SCHD
100
AcDbLine
 10
0.0
 20
-3.8000000000000003
 30
0.0
 11
12.5
 21
-3.8000000000000003
 31
0.0
  0
TEXT
  5
351
330
32A
100
AcDbEntity
 67
1
  8
A-ANNO-SCHD
100
AcDbText
 10
0.1
 20
-3.68
 30
0.0
 40
0.16000000000000003
  1
WINDOW SCHEDULE
 11
0.1
 21
-3.68
 31
0.0
100
AcDbText
  0
LINE
  5
352
330
32A
100
AcDbEntity
 67
1
  8
A-ANNO-SCHD
100
AcDbLine
 10
0.0
 20
-4.2
 30
0.0
 11
12.5
 21
-4.2
 31
0.0
  0
TEXT
  5
353
330
32A
100
AcDbEntity
 67
1
  8
A-ANNO-SCHD
100
AcDbText
 10
0.08
 20
-4.072
 30
0.0
 40
0.10400000000000001
  1
MARK
 11
0.08
 21
-4.072
 31
0.0
100
AcDbText
  0
TEXT
  5
354
330
32A
100
AcDbEntity
 67
1
  8
A-ANNO-SCHD
100
AcDbText
 10
1.3800000000000001
 20
-4.072
 30
0.0
 40
0.10400000000000001
  1
WIDTH (m)
 11
1.3800000000000001
 21
-4.072
 31
0.0
100
AcDbText
  0
TEXT
  5
355
330
32A
100
AcDbEntity
 67
1
  8
A-ANNO-SCHD
100
AcDbText
 10
2.88
 20
-4.072
 30
0.0
 40
0.10400000000000001
  1
HEIGHT (m)
 11
2.88
 21
-4.072
 31
0.0
100
AcDbText
  0
TEXT
  5
356
330
32A
100
AcDbEntity
 67
1
  8
A-ANNO-SCHD
100
AcDbText
 10
4.38
 20
-4.072
 30
0.0
 40
0.10400000000000001
  1
SILL HT (m)
 11
4.38
 21
-4.072
 31
0.0
100
AcDbText
  0
TEXT
  5
357
330
32A
100
AcDbEntity
 67
1
  8
A-ANNO-SCHD
100
AcDbText
 10
5.98
 20
-4.072
 30
0.0
 40
0.10400000000000001
  1
HEAD HT (m)
 11
5.98
 21
-4.072
 31
0.0
100
AcDbText
  0
TEXT
  5
358
330
32A
100
AcDbEntity
 67
1
  8
A-ANNO-SCHD
100
AcDbText
 10
7.58
 20
-4.072
 30
0.0
 40
0.10400000000000001
  1
HOST WALL
 11
7.58
 21
-4.072
 31
0.0
100
AcDbText
  0
TEXT
  5
359
330
32A
100
AcDbEntity
 67
1
  8
A-ANNO-SCHD
100
AcDbText
 10
11.18
 20
-4.072
 30
0.0
 40
0.10400000000000001
  1
EXT/INT
 11
11.18
 21
-4.072
 31
0.0
100
AcDbText
  0
TEXT
  5
35A
330
32A
100
AcDbEntity
 67
1
  8
A-ANNO-SCHD
100
AcDbText
 10
0.08
 20
-4.472
 30
0.0
 40
0.10400000000000001
  1
W1
 11
0.08
 21
-4.472
 31
0.0
100
AcDbText
  0
TEXT
  5
35B
330
32A
100
AcDbEntity
 67
1
  8
A-ANNO-SCHD
100
AcDbText
 10
1.3800000000000001
 20
-4.472
 30
0.0
 40
0.10400000000000001
  1
1.20
 11
1.3800000000000001
 21
-4.472
 31
0.0
100
AcDbText
  0
TEXT
  5
35C
330
32A
100
AcDbEntity
 67
1
  8
A-ANNO-SCHD
100
AcDbText
 10
2.88
 20
-4.472
 30
0.0
 40
0.10400000000000001
  1
1.20
 11
2.88
 21
-4.472
 31
0.0
100
AcDbText
  0
TEXT
  5
35D
330
32A
100
AcDbEntity
 67
1
  8
A-ANNO-SCHD
100
AcDbText
 10
4.38
 20
-4.472
 30
0.0
 40
0.10400000000000001
  1
0.90
 11
4.38
 21
-4.472
 31
0.0
100
AcDbText
  0
TEXT
  5
35E
330
32A
100
AcDbEntity
 67
1
  8
A-ANNO-SCHD
100
AcDbText
 10
5.98
 20
-4.472
 30
0.0
 40
0.10400000000000001
  1
2.10
 11
5.98
 21
-4.472
 31
0.0
100
AcDbText
  0
TEXT
  5
35F
330
32A
100
AcDbEntity
 67
1
  8
A-ANNO-SCHD
100
AcDbText
 10
7.58
 20
-4.472
 30
0.0
 40
0.10400000000000001
  1
L0-WALL-REAR
 11
7.58
 21
-4.472
 31
0.0
100
AcDbText
  0
TEXT
  5
360
330
32A
100
AcDbEntity
 67
1
  8
A-ANNO-SCHD
100
AcDbText
 10
11.18
 20
-4.472
 30
0.0
 40
0.10400000000000001
  1
EXT
 11
11.18
 21
-4.472
 31
0.0
100
AcDbText
  0
LINE
  5
361
330
32A
100
AcDbEntity
 67
1
  8
A-ANNO-SCHD
100
AcDbLine
 10
0.0
 20
-4.6000000000000005
 30
0.0
 11
12.5
 21
-4.6000000000000005
 31
0.0
  0
TEXT
  5
362
330
32A
100
AcDbEntity
 67
1
  8
A-ANNO-SCHD
100
AcDbText
 10
0.08
 20
-4.872000000000001
 30
0.0
 40
0.10400000000000001
  1
W1
 11
0.08
 21
-4.872000000000001
 31
0.0
100
AcDbText
  0
TEXT
  5
363
330
32A
100
AcDbEntity
 67
1
  8
A-ANNO-SCHD
100
AcDbText
 10
1.3800000000000001
 20
-4.872000000000001
 30
0.0
 40
0.10400000000000001
  1
1.20
 11
1.3800000000000001
 21
-4.872000000000001
 31
0.0
100
AcDbText
  0
TEXT
  5
364
330
32A
100
AcDbEntity
 67
1
  8
A-ANNO-SCHD
100
AcDbText
 10
2.88
 20
-4.872000000000001
 30
0.0
 40
0.10400000000000001
  1
1.20
 11
2.88
 21
-4.872000000000001
 31
0.0
100
AcDbText
  0
TEXT
  5
365
330
32A
100
AcDbEntity
 67
1
  8
A-ANNO-SCHD
100
AcDbText
 10
4.38
 20
-4.872000000000001
 30
0.0
 40
0.10400000000000001
  1
0.90
 11
4.38
 21
-4.872000000000001
 31
0.0
100
AcDbText
  0
TEXT
  5
366
330
32A
100
AcDbEntity
 67
1
  8
A-ANNO-SCHD
100
AcDbText
 10
5.98
 20
-4.872000000000001
 30
0.0
 40
0.10400000000000001
  1
2.10
 11
5.98
 21
-4.872000000000001
 31
0.0
100
AcDbText
  0
TEXT
  5
367
330
32A
100
AcDbEntity
 67
1
  8
A-ANNO-SCHD
100
AcDbText
 10
7.58
 20
-4.872000000000001
 30
0.0
 40
0.10400000000000001
  1
L0-WALL-REAR
 11
7.58
 21
-4.872000000000001
 31
0.0
100
AcDbText
  0
TEXT
  5
368
330
32A
100
AcDbEntity
 67
1
  8
A-ANNO-SCHD
100
AcDbText
 10
11.18
 20
-4.872000000000001
 30
0.0
 40
0.10400000000000001
  1
EXT
 11
11.18
 21
-4.872000000000001
 31
0.0
100
AcDbText
  0
LINE
  5
369
330
32A
100
AcDbEntity
 67
1
  8
A-ANNO-SCHD
100
AcDbLine
 10
0.0
 20
-5.0
 30
0.0
 11
12.5
 21
-5.0
 31
0.0
  0
TEXT
  5
36A
330
32A
100
AcDbEntity
 67
1
  8
A-ANNO-SCHD
100
AcDbText
 10
0.08
 20
-5.272
 30
0.0
 40
0.10400000000000001
  1
W2
 11
0.08
 21
-5.272
 31
0.0
100
AcDbText
  0
TEXT
  5
36B
330
32A
100
AcDbEntity
 67
1
  8
A-ANNO-SCHD
100
AcDbText
 10
1.3800000000000001
 20
-5.272
 30
0.0
 40
0.10400000000000001
  1
1.20
 11
1.3800000000000001
 21
-5.272
 31
0.0
100
AcDbText
  0
TEXT
  5
36C
330
32A
100
AcDbEntity
 67
1
  8
A-ANNO-SCHD
100
AcDbText
 10
2.88
 20
-5.272
 30
0.0
 40
0.10400000000000001
  1
1.20
 11
2.88
 21
-5.272
 31
0.0
100
AcDbText
  0
TEXT
  5
36D
330
32A
100
AcDbEntity
 67
1
  8
A-ANNO-SCHD
100
AcDbText
 10
4.38
 20
-5.272
 30
0.0
 40
0.10400000000000001
  1
0.90
 11
4.38
 21
-5.272
 31
0.0
100
AcDbText
  0
TEXT
  5
36E
330
32A
100
AcDbEntity
 67
1
  8
A-ANNO-SCHD
100
AcDbText
 10
5.98
 20
-5.272
 30
0.0
 40
0.10400000000000001
  1
2.10
 11
5.98
 21
-5.272
 31
0.0
100
AcDbText
  0
TEXT
  5
36F
330
32A
100
AcDbEntity
 67
1
  8
A-ANNO-SCHD
100
AcDbText
 10
7.58
 20
-5.272
 30
0.0
 40
0.10400000000000001
  1
L0-WALL-REAR
 11
7.58
 21
-5.272
 31
0.0
100
AcDbText
  0
TEXT
  5
370
330
32A
100
AcDbEntity
 67
1
  8
A-ANNO-SCHD
100
AcDbText
 10
11.18
 20
-5.272
 30
0.0
 40
0.10400000000000001
  1
EXT
 11
11.18
 21
-5.272
 31
0.0
100
AcDbText
  0
LINE
  5
371
330
32A
100
AcDbEntity
 67
1
  8
A-ANNO-SCHD
100
AcDbLine
 10
0.0
 20
-5.4
 30
0.0
 11
12.5
 21
-5.4
 31
0.0
  0
TEXT
  5
372
330
32A
100
AcDbEntity
 67
1
  8
A-ANNO-SCHD
100
AcDbText
 10
0.08
 20
-5.672000000000001
 30
0.0
 40
0.10400000000000001
  1
W2
 11
0.08
 21
-5.672000000000001
 31
0.0
100
AcDbText
  0
TEXT
  5
373
330
32A
100
AcDbEntity
 67
1
  8
A-ANNO-SCHD
100
AcDbText
 10
1.3800000000000001
 20
-5.672000000000001
 30
0.0
 40
0.10400000000000001
  1
1.20
 11
1.3800000000000001
 21
-5.672000000000001
 31
0.0
100
AcDbText
  0
TEXT
  5
374
330
32A
100
AcDbEntity
 67
1
  8
A-ANNO-SCHD
100
AcDbText
 10
2.88
 20
-5.672000000000001
 30
0.0
 40
0.10400000000000001
  1
1.20
 11
2.88
 21
-5.672000000000001
 31
0.0
100
AcDbText
  0
TEXT
  5
375
330
32A
100
AcDbEntity
 67
1
  8
A-ANNO-SCHD
100
AcDbText
 10
4.38
 20
-5.672000000000001
 30
0.0
 40
0.10400000000000001
  1
0.90
 11
4.38
 21
-5.672000000000001
 31
0.0
100
AcDbText
  0
TEXT
  5
376
330
32A
100
AcDbEntity
 67
1
  8
A-ANNO-SCHD
100
AcDbText
 10
5.98
 20
-5.672000000000001
 30
0.0
 40
0.10400000000000001
  1
2.10
 11
5.98
 21
-5.672000000000001
 31
0.0
100
AcDbText
  0
TEXT
  5
377
330
32A
100
AcDbEntity
 67
1
  8
A-ANNO-SCHD
100
AcDbText
 10
7.58
 20
-5.672000000000001
 30
0.0
 40
0.10400000000000001
  1
L0-WALL-REAR
 11
7.58
 21
-5.672000000000001
 31
0.0
100
AcDbText
  0
TEXT
  5
378
330
32A
100
AcDbEntity
 67
1
  8
A-ANNO-SCHD
100
AcDbText
 10
11.18
 20
-5.672000000000001
 30
0.0
 40
0.10400000000000001
  1
EXT
 11
11.18
 21
-5.672000000000001
 31
0.0
100
AcDbText
  0
LINE
  5
379
330
32A
100
AcDbEntity
 67
1
  8
A-ANNO-SCHD
100
AcDbLine
 10
0.0
 20
-5.800000000000001
 30
0.0
 11
12.5
 21
-5.800000000000001
 31
0.0
  0
TEXT
  5
37A
330
32A
100
AcDbEntity
 67
1
  8
A-ANNO-SCHD
100
AcDbText
 10
0.08
 20
-6.072000000000001
 30
0.0
 40
0.10400000000000001
  1
W3
 11
0.08
 21
-6.072000000000001
 31
0.0
100
AcDbText
  0
TEXT
  5
37B
330
32A
100
AcDbEntity
 67
1
  8
A-ANNO-SCHD
100
AcDbText
 10
1.3800000000000001
 20
-6.072000000000001
 30
0.0
 40
0.10400000000000001
  1
1.20
 11
1.3800000000000001
 21
-6.072000000000001
 31
0.0
100
AcDbText
  0
TEXT
  5
37C
330
32A
100
AcDbEntity
 67
1
  8
A-ANNO-SCHD
100
AcDbText
 10
2.88
 20
-6.072000000000001
 30
0.0
 40
0.10400000000000001
  1
1.20
 11
2.88
 21
-6.072000000000001
 31
0.0
100
AcDbText
  0
TEXT
  5
37D
330
32A
100
AcDbEntity
 67
1
  8
A-ANNO-SCHD
100
AcDbText
 10
4.38
 20
-6.072000000000001
 30
0.0
 40
0.10400000000000001
  1
0.90
 11
4.38
 21
-6.072000000000001
 31
0.0
100
AcDbText
  0
TEXT
  5
37E
330
32A
100
AcDbEntity
 67
1
  8
A-ANNO-SCHD
100
AcDbText
 10
5.98
 20
-6.072000000000001
 30
0.0
 40
0.10400000000000001
  1
2.10
 11
5.98
 21
-6.072000000000001
 31
0.0
100
AcDbText
  0
TEXT
  5
37F
330
32A
100
AcDbEntity
 67
1
  8
A-ANNO-SCHD
100
AcDbText
 10
7.58
 20
-6.072000000000001
 30
0.0
 40
0.10400000000000001
  1
L0-WALL-REAR
 11
7.58
 21
-6.072000000000001
 31
0.0
100
AcDbText
  0
TEXT
  5
380
330
32A
100
AcDbEntity
 67
1
  8
A-ANNO-SCHD
100
AcDbText
 10
11.18
 20
-6.072000000000001
 30
0.0
 40
0.10400000000000001
  1
EXT
 11
11.18
 21
-6.072000000000001
 31
0.0
100
AcDbText
  0
LINE
  5
381
330
32A
100
AcDbEntity
 67
1
  8
A-ANNO-SCHD
100
AcDbLine
 10
1.3
 20
-4.2
 30
0.0
 11
1.3
 21
-6.200000000000001
 31
0.0
  0
LINE
  5
382
330
32A
100
AcDbEntity
 67
1
  8
A-ANNO-SCHD
100
AcDbLine
 10
2.8
 20
-4.2
 30
0.0
 11
2.8
 21
-6.200000000000001
 31
0.0
  0
LINE
  5
383
330
32A
100
AcDbEntity
 67
1
  8
A-ANNO-SCHD
100
AcDbLine
 10
4.3
 20
-4.2
 30
0.0
 11
4.3
 21
-6.200000000000001
 31
0.0
  0
LINE
  5
384
330
32A
100
AcDbEntity
 67
1
  8
A-ANNO-SCHD
100
AcDbLine
 10
5.9
 20
-4.2
 30
0.0
 11
5.9
 21
-6.200000000000001
 31
0.0
  0
LINE
  5
385
330
32A
100
AcDbEntity
 67
1
  8
A-ANNO-SCHD
100
AcDbLine
 10
7.5
 20
-4.2
 30
0.0
 11
7.5
 21
-6.200000000000001
 31
0.0
  0
LINE
  5
386
330
32A
100
AcDbEntity
 67
1
  8
A-ANNO-SCHD
100
AcDbLine
 10
11.1
 20
-4.2
 30
0.0
 11
11.1
 21
-6.200000000000001
 31
0.0
  0
POINT
  5
387
330
32A
100
AcDbEntity
 67
1
  8
Z-DATA-NOPLOT
100
AcDbPoint
 10
0.0
 20
0.0
 30
0.0
  0
MTEXT
  5
388
330
32A
100
AcDbEntity
 67
1
  8
A-ANNO-NOTE
100
AcDbMText
 10
0.0
 20
-6.700000000000001
 30
0.0
 40
0.14
 41
12.5
 71
1
  3
Schedule derived directly from Building.openings for Zemin Kat (level index 0) -- one row per opening, keyed by its own Opening.mark (matches the mark label drawn on the corresponding plan.py floor-plan sheet for this level).\PWidths/heights/sill hei
  3
ghts are read directly from the source Building model, not re-typed -- see cadgen.schedule.verify_schedule_fidelity() for the mandatory re-derivation check against a freshly re-read copy of this file.\PSill/head heights are measured above this level'
  1
s own finished floor (host wall base_elevation), per model.py's documented convention -- not above the red grade datum directly.\POne row per physical opening, NOT grouped by matching door/window type -- see module docstring.
  0
MTEXT
  5
389
330
32A
100
AcDbEntity
 67
1
  8
A-ANNO-NOTE
100
AcDbMText
 10
0.0
 20
-8.600000000000001
 30
0.0
 40
0.14
 41
12.5
 71
1
  3
SCHEMATIC DRAWING -- NOT FOR PERMIT OR CONSTRUCTION. Requires review, revision and stamp by a licensed architect before permitting or construction. Not a substitute for a structural/MEP engineer's calculations. No governmental review or approval impl
  1
ied or granted by this drawing.
  0
LWPOLYLINE
  5
38A
330
32A
100
AcDbEntity
 67
1
  8
A-ANNO-TTLB
100
AcDbPolyline
 90
4
 70
1
 10
0.0
 20
-14.700000000000001
 10
9.0
 20
-14.700000000000001
 10
9.0
 20
-9.3
 10
0.0
 20
-9.3
  0
TEXT
  5
38B
330
32A
100
AcDbEntity
 67
1
  8
A-ANNO-TTLB
100
AcDbText
 10
0.12
 20
-9.759000000000002
 30
0.0
 40
0.21600000000000003
  1
PROJECT: Parcel 377/1 -- Ereğli Mah., Karamursel, Kocaeli (maximized footprint, reverse + roof duplex)
 11
0.12
 21
-9.759000000000002
 31
0.0
100
AcDbText
  0
LINE
  5
38C
330
32A
100
AcDbEntity
 67
1
  8
A-ANNO-TTLB
100
AcDbLine
 10
0.0
 20
-9.975000000000001
 30
0.0
 11
9.0
 21
-9.975000000000001
 31
0.0
  0
TEXT
  5
38D
330
32A
100
AcDbEntity
 67
1
  8
A-ANNO-TTLB
100
AcDbText
 10
0.12
 20
-10.434000000000003
 30
0.0
 40
0.21600000000000003
  1
PARCEL: Ada 377 / Parsel 1, Tapu Kutugu Eregli, Pafta G23D04D3D
 11
0.12
 21
-10.434000000000003
 31
0.0
100
AcDbText
  0
LINE
  5
38E
330
32A
100
AcDbEntity
 67
1
  8
A-ANNO-TTLB
100
AcDbLine
 10
0.0
 20
-10.65
 30
0.0
 11
9.0
 21
-10.65
 31
0.0
  0
TEXT
  5
38F
330
32A
100
AcDbEntity
 67
1
  8
A-ANNO-TTLB
100
AcDbText
 10
0.12
 20
-11.109000000000002
 30
0.0
 40
0.21600000000000003
  1
DATE: 2026-08-21
 11
0.12
 21
-11.109000000000002
 31
0.0
100
AcDbText
  0
LINE
  5
390
330
32A
100
AcDbEntity
 67
1
  8
A-ANNO-TTLB
100
AcDbLine
 10
0.0
 20
-11.325000000000001
 30
0.0
 11
9.0
 21
-11.325000000000001
 31
0.0
  0
TEXT
  5
391
330
32A
100
AcDbEntity
 67
1
  8
A-ANNO-TTLB
100
AcDbText
 10
0.12
 20
-11.784000000000002
 30
0.0
 40
0.21600000000000003
  1
SCALE: N/A (schedule table)
 11
0.12
 21
-11.784000000000002
 31
0.0
100
AcDbText
  0
LINE
  5
392
330
32A
100
AcDbEntity
 67
1
  8
A-ANNO-TTLB
100
AcDbLine
 10
0.0
 20
-12.0
 30
0.0
 11
9.0
 21
-12.0
 31
0.0
  0
TEXT
  5
393
330
32A
100
AcDbEntity
 67
1
  8
A-ANNO-TTLB
100
AcDbText
 10
0.12
 20
-12.459000000000001
 30
0.0
 40
0.21600000000000003
  1
SHEET: A-202 -- Zemin Kat Plani (Ters Dubleks Giris Kati) -- Door/Window Schedule
 11
0.12
 21
-12.459000000000001
 31
0.0
100
AcDbText
  0
LINE
  5
394
330
32A
100
AcDbEntity
 67
1
  8
A-ANNO-TTLB
100
AcDbLine
 10
0.0
 20
-12.675
 30
0.0
 11
9.0
 21
-12.675
 31
0.0
  0
TEXT
  5
395
330
32A
100
AcDbEntity
 67
1
  8
A-ANNO-TTLB
100
AcDbText
 10
0.12
 20
-13.134000000000002
 30
0.0
 40
0.21600000000000003
  1
PREPARED BY: Sirketim -- Architecture department (schematic, AI-assisted)
 11
0.12
 21
-13.134000000000002
 31
0.0
100
AcDbText
  0
LINE
  5
396
330
32A
100
AcDbEntity
 67
1
  8
A-ANNO-TTLB
100
AcDbLine
 10
0.0
 20
-13.350000000000001
 30
0.0
 11
9.0
 21
-13.350000000000001
 31
0.0
  0
MTEXT
  5
397
330
32A
100
AcDbEntity
 67
1
  8
A-ANNO-TTLB
100
AcDbMText
 10
0.12
 20
-13.450000000000001
 30
0.0
 40
0.162
 41
8.76
 71
1
  3
SCHEMATIC DRAWING -- NOT FOR PERMIT OR CONSTRUCTION. Requires review, revision and stamp by a licensed architect before permitting or construction. Not a substitute for a structural/MEP engineer's calculations. No governmental review or approval impl
  1
ied or granted by this drawing.
  0
ENDBLK
  5
32C
330
32A
100
AcDbEntity
  8
0
100
AcDbBlockEnd
  0
BLOCK
  5
399
330
398
100
AcDbEntity
  8
0
100
AcDbBlockBegin
  2
*Paper_Space9
 70
0
 10
0.0
 20
0.0
 30
0.0
  3
*Paper_Space9
  1

  0
TEXT
  5
39C
330
398
100
AcDbEntity
 67
1
  8
A-ANNO-NOTE
100
AcDbText
 10
0.0
 20
0.0
 30
0.0
 40
0.3
  1
Parcel 377-1 -- Maximized Footprint, Reverse + Roof Duplex (schematic) -- 1. Normal Kat -- DOOR & WINDOW SCHEDULE (schematic)
 11
0.0
 21
0.0
 31
0.0
100
AcDbText
  0
LWPOLYLINE
  5
39D
330
398
100
AcDbEntity
 67
1
  8
A-ANNO-SCHD
100
AcDbPolyline
 90
4
 70
1
 10
0.0
 20
-1.0
 10
12.5
 20
-1.0
 10
12.5
 20
-2.6
 10
0.0
 20
-2.6
  0
LINE
  5
39E
330
398
100
AcDbEntity
 67
1
  8
A-ANNO-SCHD
100
AcDbLine
 10
0.0
 20
-1.4
 30
0.0
 11
12.5
 21
-1.4
 31
0.0
  0
TEXT
  5
39F
330
398
100
AcDbEntity
 67
1
  8
A-ANNO-SCHD
100
AcDbText
 10
0.1
 20
-1.2799999999999998
 30
0.0
 40
0.16000000000000003
  1
DOOR SCHEDULE
 11
0.1
 21
-1.2799999999999998
 31
0.0
100
AcDbText
  0
LINE
  5
3A0
330
398
100
AcDbEntity
 67
1
  8
A-ANNO-SCHD
100
AcDbLine
 10
0.0
 20
-1.7999999999999998
 30
0.0
 11
12.5
 21
-1.7999999999999998
 31
0.0
  0
TEXT
  5
3A1
330
398
100
AcDbEntity
 67
1
  8
A-ANNO-SCHD
100
AcDbText
 10
0.08
 20
-1.6719999999999997
 30
0.0
 40
0.10400000000000001
  1
MARK
 11
0.08
 21
-1.6719999999999997
 31
0.0
100
AcDbText
  0
TEXT
  5
3A2
330
398
100
AcDbEntity
 67
1
  8
A-ANNO-SCHD
100
AcDbText
 10
1.3800000000000001
 20
-1.6719999999999997
 30
0.0
 40
0.10400000000000001
  1
WIDTH (m)
 11
1.3800000000000001
 21
-1.6719999999999997
 31
0.0
100
AcDbText
  0
TEXT
  5
3A3
330
398
100
AcDbEntity
 67
1
  8
A-ANNO-SCHD
100
AcDbText
 10
2.88
 20
-1.6719999999999997
 30
0.0
 40
0.10400000000000001
  1
HEIGHT (m)
 11
2.88
 21
-1.6719999999999997
 31
0.0
100
AcDbText
  0
TEXT
  5
3A4
330
398
100
AcDbEntity
 67
1
  8
A-ANNO-SCHD
100
AcDbText
 10
4.38
 20
-1.6719999999999997
 30
0.0
 40
0.10400000000000001
  1
SILL HT (m)
 11
4.38
 21
-1.6719999999999997
 31
0.0
100
AcDbText
  0
TEXT
  5
3A5
330
398
100
AcDbEntity
 67
1
  8
A-ANNO-SCHD
100
AcDbText
 10
5.98
 20
-1.6719999999999997
 30
0.0
 40
0.10400000000000001
  1
HEAD HT (m)
 11
5.98
 21
-1.6719999999999997
 31
0.0
100
AcDbText
  0
TEXT
  5
3A6
330
398
100
AcDbEntity
 67
1
  8
A-ANNO-SCHD
100
AcDbText
 10
7.58
 20
-1.6719999999999997
 30
0.0
 40
0.10400000000000001
  1
HOST WALL
 11
7.58
 21
-1.6719999999999997
 31
0.0
100
AcDbText
  0
TEXT
  5
3A7
330
398
100
AcDbEntity
 67
1
  8
A-ANNO-SCHD
100
AcDbText
 10
11.18
 20
-1.6719999999999997
 30
0.0
 40
0.10400000000000001
  1
EXT/INT
 11
11.18
 21
-1.6719999999999997
 31
0.0
100
AcDbText
  0
TEXT
  5
3A8
330
398
100
AcDbEntity
 67
1
  8
A-ANNO-SCHD
100
AcDbText
 10
0.08
 20
-2.0719999999999996
 30
0.0
 40
0.10400000000000001
  1
D1
 11
0.08
 21
-2.0719999999999996
 31
0.0
100
AcDbText
  0
TEXT
  5
3A9
330
398
100
AcDbEntity
 67
1
  8
A-ANNO-SCHD
100
AcDbText
 10
1.3800000000000001
 20
-2.0719999999999996
 30
0.0
 40
0.10400000000000001
  1
1.00
 11
1.3800000000000001
 21
-2.0719999999999996
 31
0.0
100
AcDbText
  0
TEXT
  5
3AA
330
398
100
AcDbEntity
 67
1
  8
A-ANNO-SCHD
100
AcDbText
 10
2.88
 20
-2.0719999999999996
 30
0.0
 40
0.10400000000000001
  1
2.10
 11
2.88
 21
-2.0719999999999996
 31
0.0
100
AcDbText
  0
TEXT
  5
3AB
330
398
100
AcDbEntity
 67
1
  8
A-ANNO-SCHD
100
AcDbText
 10
4.38
 20
-2.0719999999999996
 30
0.0
 40
0.10400000000000001
  1
0.00
 11
4.38
 21
-2.0719999999999996
 31
0.0
100
AcDbText
  0
TEXT
  5
3AC
330
398
100
AcDbEntity
 67
1
  8
A-ANNO-SCHD
100
AcDbText
 10
5.98
 20
-2.0719999999999996
 30
0.0
 40
0.10400000000000001
  1
2.10
 11
5.98
 21
-2.0719999999999996
 31
0.0
100
AcDbText
  0
TEXT
  5
3AD
330
398
100
AcDbEntity
 67
1
  8
A-ANNO-SCHD
100
AcDbText
 10
7.58
 20
-2.0719999999999996
 30
0.0
 40
0.10400000000000001
  1
L1-WALL-CORRIDOR-REAR
 11
7.58
 21
-2.0719999999999996
 31
0.0
100
AcDbText
  0
TEXT
  5
3AE
330
398
100
AcDbEntity
 67
1
  8
A-ANNO-SCHD
100
AcDbText
 10
11.18
 20
-2.0719999999999996
 30
0.0
 40
0.10400000000000001
  1
INT
 11
11.18
 21
-2.0719999999999996
 31
0.0
100
AcDbText
  0
LINE
  5
3AF
330
398
100
AcDbEntity
 67
1
  8
A-ANNO-SCHD
100
AcDbLine
 10
0.0
 20
-2.1999999999999997
 30
0.0
 11
12.5
 21
-2.1999999999999997
 31
0.0
  0
TEXT
  5
3B0
330
398
100
AcDbEntity
 67
1
  8
A-ANNO-SCHD
100
AcDbText
 10
0.08
 20
-2.4719999999999995
 30
0.0
 40
0.10400000000000001
  1
D2
 11
0.08
 21
-2.4719999999999995
 31
0.0
100
AcDbText
  0
TEXT
  5
3B1
330
398
100
AcDbEntity
 67
1
  8
A-ANNO-SCHD
100
AcDbText
 10
1.3800000000000001
 20
-2.4719999999999995
 30
0.0
 40
0.10400000000000001
  1
1.00
 11
1.3800000000000001
 21
-2.4719999999999995
 31
0.0
100
AcDbText
  0
TEXT
  5
3B2
330
398
100
AcDbEntity
 67
1
  8
A-ANNO-SCHD
100
AcDbText
 10
2.88
 20
-2.4719999999999995
 30
0.0
 40
0.10400000000000001
  1
2.10
 11
2.88
 21
-2.4719999999999995
 31
0.0
100
AcDbText
  0
TEXT
  5
3B3
330
398
100
AcDbEntity
 67
1
  8
A-ANNO-SCHD
100
AcDbText
 10
4.38
 20
-2.4719999999999995
 30
0.0
 40
0.10400000000000001
  1
0.00
 11
4.38
 21
-2.4719999999999995
 31
0.0
100
AcDbText
  0
TEXT
  5
3B4
330
398
100
AcDbEntity
 67
1
  8
A-ANNO-SCHD
100
AcDbText
 10
5.98
 20
-2.4719999999999995
 30
0.0
 40
0.10400000000000001
  1
2.10
 11
5.98
 21
-2.4719999999999995
 31
0.0
100
AcDbText
  0
TEXT
  5
3B5
330
398
100
AcDbEntity
 67
1
  8
A-ANNO-SCHD
100
AcDbText
 10
7.58
 20
-2.4719999999999995
 30
0.0
 40
0.10400000000000001
  1
L1-WALL-CORRIDOR-REAR
 11
7.58
 21
-2.4719999999999995
 31
0.0
100
AcDbText
  0
TEXT
  5
3B6
330
398
100
AcDbEntity
 67
1
  8
A-ANNO-SCHD
100
AcDbText
 10
11.18
 20
-2.4719999999999995
 30
0.0
 40
0.10400000000000001
  1
INT
 11
11.18
 21
-2.4719999999999995
 31
0.0
100
AcDbText
  0
LINE
  5
3B7
330
398
100
AcDbEntity
 67
1
  8
A-ANNO-SCHD
100
AcDbLine
 10
1.3
 20
-1.7999999999999998
 30
0.0
 11
1.3
 21
-2.6
 31
0.0
  0
LINE
  5
3B8
330
398
100
AcDbEntity
 67
1
  8
A-ANNO-SCHD
100
AcDbLine
 10
2.8
 20
-1.7999999999999998
 30
0.0
 11
2.8
 21
-2.6
 31
0.0
  0
LINE
  5
3B9
330
398
100
AcDbEntity
 67
1
  8
A-ANNO-SCHD
100
AcDbLine
 10
4.3
 20
-1.7999999999999998
 30
0.0
 11
4.3
 21
-2.6
 31
0.0
  0
LINE
  5
3BA
330
398
100
AcDbEntity
 67
1
  8
A-ANNO-SCHD
100
AcDbLine
 10
5.9
 20
-1.7999999999999998
 30
0.0
 11
5.9
 21
-2.6
 31
0.0
  0
LINE
  5
3BB
330
398
100
AcDbEntity
 67
1
  8
A-ANNO-SCHD
100
AcDbLine
 10
7.5
 20
-1.7999999999999998
 30
0.0
 11
7.5
 21
-2.6
 31
0.0
  0
LINE
  5
3BC
330
398
100
AcDbEntity
 67
1
  8
A-ANNO-SCHD
100
AcDbLine
 10
11.1
 20
-1.7999999999999998
 30
0.0
 11
11.1
 21
-2.6
 31
0.0
  0
LWPOLYLINE
  5
3BD
330
398
100
AcDbEntity
 67
1
  8
A-ANNO-SCHD
100
AcDbPolyline
 90
4
 70
1
 10
0.0
 20
-3.4000000000000004
 10
12.5
 20
-3.4000000000000004
 10
12.5
 20
-8.200000000000001
 10
0.0
 20
-8.200000000000001
  0
LINE
  5
3BE
330
398
100
AcDbEntity
 67
1
  8
A-ANNO-SCHD
100
AcDbLine
 10
0.0
 20
-3.8000000000000003
 30
0.0
 11
12.5
 21
-3.8000000000000003
 31
0.0
  0
TEXT
  5
3BF
330
398
100
AcDbEntity
 67
1
  8
A-ANNO-SCHD
100
AcDbText
 10
0.1
 20
-3.68
 30
0.0
 40
0.16000000000000003
  1
WINDOW SCHEDULE
 11
0.1
 21
-3.68
 31
0.0
100
AcDbText
  0
LINE
  5
3C0
330
398
100
AcDbEntity
 67
1
  8
A-ANNO-SCHD
100
AcDbLine
 10
0.0
 20
-4.2
 30
0.0
 11
12.5
 21
-4.2
 31
0.0
  0
TEXT
  5
3C1
330
398
100
AcDbEntity
 67
1
  8
A-ANNO-SCHD
100
AcDbText
 10
0.08
 20
-4.072
 30
0.0
 40
0.10400000000000001
  1
MARK
 11
0.08
 21
-4.072
 31
0.0
100
AcDbText
  0
TEXT
  5
3C2
330
398
100
AcDbEntity
 67
1
  8
A-ANNO-SCHD
100
AcDbText
 10
1.3800000000000001
 20
-4.072
 30
0.0
 40
0.10400000000000001
  1
WIDTH (m)
 11
1.3800000000000001
 21
-4.072
 31
0.0
100
AcDbText
  0
TEXT
  5
3C3
330
398
100
AcDbEntity
 67
1
  8
A-ANNO-SCHD
100
AcDbText
 10
2.88
 20
-4.072
 30
0.0
 40
0.10400000000000001
  1
HEIGHT (m)
 11
2.88
 21
-4.072
 31
0.0
100
AcDbText
  0
TEXT
  5
3C4
330
398
100
AcDbEntity
 67
1
  8
A-ANNO-SCHD
100
AcDbText
 10
4.38
 20
-4.072
 30
0.0
 40
0.10400000000000001
  1
SILL HT (m)
 11
4.38
 21
-4.072
 31
0.0
100
AcDbText
  0
TEXT
  5
3C5
330
398
100
AcDbEntity
 67
1
  8
A-ANNO-SCHD
100
AcDbText
 10
5.98
 20
-4.072
 30
0.0
 40
0.10400000000000001
  1
HEAD HT (m)
 11
5.98
 21
-4.072
 31
0.0
100
AcDbText
  0
TEXT
  5
3C6
330
398
100
AcDbEntity
 67
1
  8
A-ANNO-SCHD
100
AcDbText
 10
7.58
 20
-4.072
 30
0.0
 40
0.10400000000000001
  1
HOST WALL
 11
7.58
 21
-4.072
 31
0.0
100
AcDbText
  0
TEXT
  5
3C7
330
398
100
AcDbEntity
 67
1
  8
A-ANNO-SCHD
100
AcDbText
 10
11.18
 20
-4.072
 30
0.0
 40
0.10400000000000001
  1
EXT/INT
 11
11.18
 21
-4.072
 31
0.0
100
AcDbText
  0
TEXT
  5
3C8
330
398
100
AcDbEntity
 67
1
  8
A-ANNO-SCHD
100
AcDbText
 10
0.08
 20
-4.472
 30
0.0
 40
0.10400000000000001
  1
W1
 11
0.08
 21
-4.472
 31
0.0
100
AcDbText
  0
TEXT
  5
3C9
330
398
100
AcDbEntity
 67
1
  8
A-ANNO-SCHD
100
AcDbText
 10
1.3800000000000001
 20
-4.472
 30
0.0
 40
0.10400000000000001
  1
1.20
 11
1.3800000000000001
 21
-4.472
 31
0.0
100
AcDbText
  0
TEXT
  5
3CA
330
398
100
AcDbEntity
 67
1
  8
A-ANNO-SCHD
100
AcDbText
 10
2.88
 20
-4.472
 30
0.0
 40
0.10400000000000001
  1
1.20
 11
2.88
 21
-4.472
 31
0.0
100
AcDbText
  0
TEXT
  5
3CB
330
398
100
AcDbEntity
 67
1
  8
A-ANNO-SCHD
100
AcDbText
 10
4.38
 20
-4.472
 30
0.0
 40
0.10400000000000001
  1
0.90
 11
4.38
 21
-4.472
 31
0.0
100
AcDbText
  0
TEXT
  5
3CC
330
398
100
AcDbEntity
 67
1
  8
A-ANNO-SCHD
100
AcDbText
 10
5.98
 20
-4.472
 30
0.0
 40
0.10400000000000001
  1
2.10
 11
5.98
 21
-4.472
 31
0.0
100
AcDbText
  0
TEXT
  5
3CD
330
398
100
AcDbEntity
 67
1
  8
A-ANNO-SCHD
100
AcDbText
 10
7.58
 20
-4.472
 30
0.0
 40
0.10400000000000001
  1
L1-WALL-REAR
 11
7.58
 21
-4.472
 31
0.0
100
AcDbText
  0
TEXT
  5
3CE
330
398
100
AcDbEntity
 67
1
  8
A-ANNO-SCHD
100
AcDbText
 10
11.18
 20
-4.472
 30
0.0
 40
0.10400000000000001
  1
EXT
 11
11.18
 21
-4.472
 31
0.0
100
AcDbText
  0
LINE
  5
3CF
330
398
100
AcDbEntity
 67
1
  8
A-ANNO-SCHD
100
AcDbLine
 10
0.0
 20
-4.6000000000000005
 30
0.0
 11
12.5
 21
-4.6000000000000005
 31
0.0
  0
TEXT
  5
3D0
330
398
100
AcDbEntity
 67
1
  8
A-ANNO-SCHD
100
AcDbText
 10
0.08
 20
-4.872000000000001
 30
0.0
 40
0.10400000000000001
  1
W1
 11
0.08
 21
-4.872000000000001
 31
0.0
100
AcDbText
  0
TEXT
  5
3D1
330
398
100
AcDbEntity
 67
1
  8
A-ANNO-SCHD
100
AcDbText
 10
1.3800000000000001
 20
-4.872000000000001
 30
0.0
 40
0.10400000000000001
  1
1.20
 11
1.3800000000000001
 21
-4.872000000000001
 31
0.0
100
AcDbText
  0
TEXT
  5
3D2
330
398
100
AcDbEntity
 67
1
  8
A-ANNO-SCHD
100
AcDbText
 10
2.88
 20
-4.872000000000001
 30
0.0
 40
0.10400000000000001
  1
1.20
 11
2.88
 21
-4.872000000000001
 31
0.0
100
AcDbText
  0
TEXT
  5
3D3
330
398
100
AcDbEntity
 67
1
  8
A-ANNO-SCHD
100
AcDbText
 10
4.38
 20
-4.872000000000001
 30
0.0
 40
0.10400000000000001
  1
0.90
 11
4.38
 21
-4.872000000000001
 31
0.0
100
AcDbText
  0
TEXT
  5
3D4
330
398
100
AcDbEntity
 67
1
  8
A-ANNO-SCHD
100
AcDbText
 10
5.98
 20
-4.872000000000001
 30
0.0
 40
0.10400000000000001
  1
2.10
 11
5.98
 21
-4.872000000000001
 31
0.0
100
AcDbText
  0
TEXT
  5
3D5
330
398
100
AcDbEntity
 67
1
  8
A-ANNO-SCHD
100
AcDbText
 10
7.58
 20
-4.872000000000001
 30
0.0
 40
0.10400000000000001
  1
L1-WALL-REAR
 11
7.58
 21
-4.872000000000001
 31
0.0
100
AcDbText
  0
TEXT
  5
3D6
330
398
100
AcDbEntity
 67
1
  8
A-ANNO-SCHD
100
AcDbText
 10
11.18
 20
-4.872000000000001
 30
0.0
 40
0.10400000000000001
  1
EXT
 11
11.18
 21
-4.872000000000001
 31
0.0
100
AcDbText
  0
LINE
  5
3D7
330
398
100
AcDbEntity
 67
1
  8
A-ANNO-SCHD
100
AcDbLine
 10
0.0
 20
-5.0
 30
0.0
 11
12.5
 21
-5.0
 31
0.0
  0
TEXT
  5
3D8
330
398
100
AcDbEntity
 67
1
  8
A-ANNO-SCHD
100
AcDbText
 10
0.08
 20
-5.272
 30
0.0
 40
0.10400000000000001
  1
W2
 11
0.08
 21
-5.272
 31
0.0
100
AcDbText
  0
TEXT
  5
3D9
330
398
100
AcDbEntity
 67
1
  8
A-ANNO-SCHD
100
AcDbText
 10
1.3800000000000001
 20
-5.272
 30
0.0
 40
0.10400000000000001
  1
1.20
 11
1.3800000000000001
 21
-5.272
 31
0.0
100
AcDbText
  0
TEXT
  5
3DA
330
398
100
AcDbEntity
 67
1
  8
A-ANNO-SCHD
100
AcDbText
 10
2.88
 20
-5.272
 30
0.0
 40
0.10400000000000001
  1
1.20
 11
2.88
 21
-5.272
 31
0.0
100
AcDbText
  0
TEXT
  5
3DB
330
398
100
AcDbEntity
 67
1
  8
A-ANNO-SCHD
100
AcDbText
 10
4.38
 20
-5.272
 30
0.0
 40
0.10400000000000001
  1
0.90
 11
4.38
 21
-5.272
 31
0.0
100
AcDbText
  0
TEXT
  5
3DC
330
398
100
AcDbEntity
 67
1
  8
A-ANNO-SCHD
100
AcDbText
 10
5.98
 20
-5.272
 30
0.0
 40
0.10400000000000001
  1
2.10
 11
5.98
 21
-5.272
 31
0.0
100
AcDbText
  0
TEXT
  5
3DD
330
398
100
AcDbEntity
 67
1
  8
A-ANNO-SCHD
100
AcDbText
 10
7.58
 20
-5.272
 30
0.0
 40
0.10400000000000001
  1
L1-WALL-REAR
 11
7.58
 21
-5.272
 31
0.0
100
AcDbText
  0
TEXT
  5
3DE
330
398
100
AcDbEntity
 67
1
  8
A-ANNO-SCHD
100
AcDbText
 10
11.18
 20
-5.272
 30
0.0
 40
0.10400000000000001
  1
EXT
 11
11.18
 21
-5.272
 31
0.0
100
AcDbText
  0
LINE
  5
3DF
330
398
100
AcDbEntity
 67
1
  8
A-ANNO-SCHD
100
AcDbLine
 10
0.0
 20
-5.4
 30
0.0
 11
12.5
 21
-5.4
 31
0.0
  0
TEXT
  5
3E0
330
398
100
AcDbEntity
 67
1
  8
A-ANNO-SCHD
100
AcDbText
 10
0.08
 20
-5.672000000000001
 30
0.0
 40
0.10400000000000001
  1
W2
 11
0.08
 21
-5.672000000000001
 31
0.0
100
AcDbText
  0
TEXT
  5
3E1
330
398
100
AcDbEntity
 67
1
  8
A-ANNO-SCHD
100
AcDbText
 10
1.3800000000000001
 20
-5.672000000000001
 30
0.0
 40
0.10400000000000001
  1
1.20
 11
1.3800000000000001
 21
-5.672000000000001
 31
0.0
100
AcDbText
  0
TEXT
  5
3E2
330
398
100
AcDbEntity
 67
1
  8
A-ANNO-SCHD
100
AcDbText
 10
2.88
 20
-5.672000000000001
 30
0.0
 40
0.10400000000000001
  1
1.20
 11
2.88
 21
-5.672000000000001
 31
0.0
100
AcDbText
  0
TEXT
  5
3E3
330
398
100
AcDbEntity
 67
1
  8
A-ANNO-SCHD
100
AcDbText
 10
4.38
 20
-5.672000000000001
 30
0.0
 40
0.10400000000000001
  1
0.90
 11
4.38
 21
-5.672000000000001
 31
0.0
100
AcDbText
  0
TEXT
  5
3E4
330
398
100
AcDbEntity
 67
1
  8
A-ANNO-SCHD
100
AcDbText
 10
5.98
 20
-5.672000000000001
 30
0.0
 40
0.10400000000000001
  1
2.10
 11
5.98
 21
-5.672000000000001
 31
0.0
100
AcDbText
  0
TEXT
  5
3E5
330
398
100
AcDbEntity
 67
1
  8
A-ANNO-SCHD
100
AcDbText
 10
7.58
 20
-5.672000000000001
 30
0.0
 40
0.10400000000000001
  1
L1-WALL-REAR
 11
7.58
 21
-5.672000000000001
 31
0.0
100
AcDbText
  0
TEXT
  5
3E6
330
398
100
AcDbEntity
 67
1
  8
A-ANNO-SCHD
100
AcDbText
 10
11.18
 20
-5.672000000000001
 30
0.0
 40
0.10400000000000001
  1
EXT
 11
11.18
 21
-5.672000000000001
 31
0.0
100
AcDbText
  0
LINE
  5
3E7
330
398
100
AcDbEntity
 67
1
  8
A-ANNO-SCHD
100
AcDbLine
 10
0.0
 20
-5.800000000000001
 30
0.0
 11
12.5
 21
-5.800000000000001
 31
0.0
  0
TEXT
  5
3E8
330
398
100
AcDbEntity
 67
1
  8
A-ANNO-SCHD
100
AcDbText
 10
0.08
 20
-6.072000000000001
 30
0.0
 40
0.10400000000000001
  1
W3
 11
0.08
 21
-6.072000000000001
 31
0.0
100
AcDbText
  0
TEXT
  5
3E9
330
398
100
AcDbEntity
 67
1
  8
A-ANNO-SCHD
100
AcDbText
 10
1.3800000000000001
 20
-6.072000000000001
 30
0.0
 40
0.10400000000000001
  1
1.20
 11
1.3800000000000001
 21
-6.072000000000001
 31
0.0
100
AcDbText
  0
TEXT
  5
3EA
330
398
100
AcDbEntity
 67
1
  8
A-ANNO-SCHD
100
AcDbText
 10
2.88
 20
-6.072000000000001
 30
0.0
 40
0.10400000000000001
  1
1.20
 11
2.88
 21
-6.072000000000001
 31
0.0
100
AcDbText
  0
TEXT
  5
3EB
330
398
100
AcDbEntity
 67
1
  8
A-ANNO-SCHD
100
AcDbText
 10
4.38
 20
-6.072000000000001
 30
0.0
 40
0.10400000000000001
  1
0.90
 11
4.38
 21
-6.072000000000001
 31
0.0
100
AcDbText
  0
TEXT
  5
3EC
330
398
100
AcDbEntity
 67
1
  8
A-ANNO-SCHD
100
AcDbText
 10
5.98
 20
-6.072000000000001
 30
0.0
 40
0.10400000000000001
  1
2.10
 11
5.98
 21
-6.072000000000001
 31
0.0
100
AcDbText
  0
TEXT
  5
3ED
330
398
100
AcDbEntity
 67
1
  8
A-ANNO-SCHD
100
AcDbText
 10
7.58
 20
-6.072000000000001
 30
0.0
 40
0.10400000000000001
  1
L1-WALL-REAR
 11
7.58
 21
-6.072000000000001
 31
0.0
100
AcDbText
  0
TEXT
  5
3EE
330
398
100
AcDbEntity
 67
1
  8
A-ANNO-SCHD
100
AcDbText
 10
11.18
 20
-6.072000000000001
 30
0.0
 40
0.10400000000000001
  1
EXT
 11
11.18
 21
-6.072000000000001
 31
0.0
100
AcDbText
  0
LINE
  5
3EF
330
398
100
AcDbEntity
 67
1
  8
A-ANNO-SCHD
100
AcDbLine
 10
0.0
 20
-6.2
 30
0.0
 11
12.5
 21
-6.2
 31
0.0
  0
TEXT
  5
3F0
330
398
100
AcDbEntity
 67
1
  8
A-ANNO-SCHD
100
AcDbText
 10
0.08
 20
-6.472
 30
0.0
 40
0.10400000000000001
  1
W3
 11
0.08
 21
-6.472
 31
0.0
100
AcDbText
  0
TEXT
  5
3F1
330
398
100
AcDbEntity
 67
1
  8
A-ANNO-SCHD
100
AcDbText
 10
1.3800000000000001
 20
-6.472
 30
0.0
 40
0.10400000000000001
  1
1.20
 11
1.3800000000000001
 21
-6.472
 31
0.0
100
AcDbText
  0
TEXT
  5
3F2
330
398
100
AcDbEntity
 67
1
  8
A-ANNO-SCHD
100
AcDbText
 10
2.88
 20
-6.472
 30
0.0
 40
0.10400000000000001
  1
1.20
 11
2.88
 21
-6.472
 31
0.0
100
AcDbText
  0
TEXT
  5
3F3
330
398
100
AcDbEntity
 67
1
  8
A-ANNO-SCHD
100
AcDbText
 10
4.38
 20
-6.472
 30
0.0
 40
0.10400000000000001
  1
0.90
 11
4.38
 21
-6.472
 31
0.0
100
AcDbText
  0
TEXT
  5
3F4
330
398
100
AcDbEntity
 67
1
  8
A-ANNO-SCHD
100
AcDbText
 10
5.98
 20
-6.472
 30
0.0
 40
0.10400000000000001
  1
2.10
 11
5.98
 21
-6.472
 31
0.0
100
AcDbText
  0
TEXT
  5
3F5
330
398
100
AcDbEntity
 67
1
  8
A-ANNO-SCHD
100
AcDbText
 10
7.58
 20
-6.472
 30
0.0
 40
0.10400000000000001
  1
L1-WALL-REAR
 11
7.58
 21
-6.472
 31
0.0
100
AcDbText
  0
TEXT
  5
3F6
330
398
100
AcDbEntity
 67
1
  8
A-ANNO-SCHD
100
AcDbText
 10
11.18
 20
-6.472
 30
0.0
 40
0.10400000000000001
  1
EXT
 11
11.18
 21
-6.472
 31
0.0
100
AcDbText
  0
LINE
  5
3F7
330
398
100
AcDbEntity
 67
1
  8
A-ANNO-SCHD
100
AcDbLine
 10
0.0
 20
-6.6000000000000005
 30
0.0
 11
12.5
 21
-6.6000000000000005
 31
0.0
  0
TEXT
  5
3F8
330
398
100
AcDbEntity
 67
1
  8
A-ANNO-SCHD
100
AcDbText
 10
0.08
 20
-6.872000000000001
 30
0.0
 40
0.10400000000000001
  1
W4
 11
0.08
 21
-6.872000000000001
 31
0.0
100
AcDbText
  0
TEXT
  5
3F9
330
398
100
AcDbEntity
 67
1
  8
A-ANNO-SCHD
100
AcDbText
 10
1.3800000000000001
 20
-6.872000000000001
 30
0.0
 40
0.10400000000000001
  1
1.20
 11
1.3800000000000001
 21
-6.872000000000001
 31
0.0
100
AcDbText
  0
TEXT
  5
3FA
330
398
100
AcDbEntity
 67
1
  8
A-ANNO-SCHD
100
AcDbText
 10
2.88
 20
-6.872000000000001
 30
0.0
 40
0.10400000000000001
  1
1.20
 11
2.88
 21
-6.872000000000001
 31
0.0
100
AcDbText
  0
TEXT
  5
3FB
330
398
100
AcDbEntity
 67
1
  8
A-ANNO-SCHD
100
AcDbText
 10
4.38
 20
-6.872000000000001
 30
0.0
 40
0.10400000000000001
  1
0.90
 11
4.38
 21
-6.872000000000001
 31
0.0
100
AcDbText
  0
TEXT
  5
3FC
330
398
100
AcDbEntity
 67
1
  8
A-ANNO-SCHD
100
AcDbText
 10
5.98
 20
-6.872000000000001
 30
0.0
 40
0.10400000000000001
  1
2.10
 11
5.98
 21
-6.872000000000001
 31
0.0
100
AcDbText
  0
TEXT
  5
3FD
330
398
100
AcDbEntity
 67
1
  8
A-ANNO-SCHD
100
AcDbText
 10
7.58
 20
-6.872000000000001
 30
0.0
 40
0.10400000000000001
  1
L1-WALL-REAR
 11
7.58
 21
-6.872000000000001
 31
0.0
100
AcDbText
  0
TEXT
  5
3FE
330
398
100
AcDbEntity
 67
1
  8
A-ANNO-SCHD
100
AcDbText
 10
11.18
 20
-6.872000000000001
 30
0.0
 40
0.10400000000000001
  1
EXT
 11
11.18
 21
-6.872000000000001
 31
0.0
100
AcDbText
  0
LINE
  5
3FF
330
398
100
AcDbEntity
 67
1
  8
A-ANNO-SCHD
100
AcDbLine
 10
0.0
 20
-7.0
 30
0.0
 11
12.5
 21
-7.0
 31
0.0
  0
TEXT
  5
400
330
398
100
AcDbEntity
 67
1
  8
A-ANNO-SCHD
100
AcDbText
 10
0.08
 20
-7.272
 30
0.0
 40
0.10400000000000001
  1
W4
 11
0.08
 21
-7.272
 31
0.0
100
AcDbText
  0
TEXT
  5
401
330
398
100
AcDbEntity
 67
1
  8
A-ANNO-SCHD
100
AcDbText
 10
1.3800000000000001
 20
-7.272
 30
0.0
 40
0.10400000000000001
  1
1.20
 11
1.3800000000000001
 21
-7.272
 31
0.0
100
AcDbText
  0
TEXT
  5
402
330
398
100
AcDbEntity
 67
1
  8
A-ANNO-SCHD
100
AcDbText
 10
2.88
 20
-7.272
 30
0.0
 40
0.10400000000000001
  1
1.20
 11
2.88
 21
-7.272
 31
0.0
100
AcDbText
  0
TEXT
  5
403
330
398
100
AcDbEntity
 67
1
  8
A-ANNO-SCHD
100
AcDbText
 10
4.38
 20
-7.272
 30
0.0
 40
0.10400000000000001
  1
0.90
 11
4.38
 21
-7.272
 31
0.0
100
AcDbText
  0
TEXT
  5
404
330
398
100
AcDbEntity
 67
1
  8
A-ANNO-SCHD
100
AcDbText
 10
5.98
 20
-7.272
 30
0.0
 40
0.10400000000000001
  1
2.10
 11
5.98
 21
-7.272
 31
0.0
100
AcDbText
  0
TEXT
  5
405
330
398
100
AcDbEntity
 67
1
  8
A-ANNO-SCHD
100
AcDbText
 10
7.58
 20
-7.272
 30
0.0
 40
0.10400000000000001
  1
L1-WALL-REAR
 11
7.58
 21
-7.272
 31
0.0
100
AcDbText
  0
TEXT
  5
406
330
398
100
AcDbEntity
 67
1
  8
A-ANNO-SCHD
100
AcDbText
 10
11.18
 20
-7.272
 30
0.0
 40
0.10400000000000001
  1
EXT
 11
11.18
 21
-7.272
 31
0.0
100
AcDbText
  0
LINE
  5
407
330
398
100
AcDbEntity
 67
1
  8
A-ANNO-SCHD
100
AcDbLine
 10
0.0
 20
-7.4
 30
0.0
 11
12.5
 21
-7.4
 31
0.0
  0
TEXT
  5
408
330
398
100
AcDbEntity
 67
1
  8
A-ANNO-SCHD
100
AcDbText
 10
0.08
 20
-7.672000000000001
 30
0.0
 40
0.10400000000000001
  1
W5
 11
0.08
 21
-7.672000000000001
 31
0.0
100
AcDbText
  0
TEXT
  5
409
330
398
100
AcDbEntity
 67
1
  8
A-ANNO-SCHD
100
AcDbText
 10
1.3800000000000001
 20
-7.672000000000001
 30
0.0
 40
0.10400000000000001
  1
0.57
 11
1.3800000000000001
 21
-7.672000000000001
 31
0.0
100
AcDbText
  0
TEXT
  5
40A
330
398
100
AcDbEntity
 67
1
  8
A-ANNO-SCHD
100
AcDbText
 10
2.88
 20
-7.672000000000001
 30
0.0
 40
0.10400000000000001
  1
1.20
 11
2.88
 21
-7.672000000000001
 31
0.0
100
AcDbText
  0
TEXT
  5
40B
330
398
100
AcDbEntity
 67
1
  8
A-ANNO-SCHD
100
AcDbText
 10
4.38
 20
-7.672000000000001
 30
0.0
 40
0.10400000000000001
  1
0.90
 11
4.38
 21
-7.672000000000001
 31
0.0
100
AcDbText
  0
TEXT
  5
40C
330
398
100
AcDbEntity
 67
1
  8
A-ANNO-SCHD
100
AcDbText
 10
5.98
 20
-7.672000000000001
 30
0.0
 40
0.10400000000000001
  1
2.10
 11
5.98
 21
-7.672000000000001
 31
0.0
100
AcDbText
  0
TEXT
  5
40D
330
398
100
AcDbEntity
 67
1
  8
A-ANNO-SCHD
100
AcDbText
 10
7.58
 20
-7.672000000000001
 30
0.0
 40
0.10400000000000001
  1
L1-WALL-REAR
 11
7.58
 21
-7.672000000000001
 31
0.0
100
AcDbText
  0
TEXT
  5
40E
330
398
100
AcDbEntity
 67
1
  8
A-ANNO-SCHD
100
AcDbText
 10
11.18
 20
-7.672000000000001
 30
0.0
 40
0.10400000000000001
  1
EXT
 11
11.18
 21
-7.672000000000001
 31
0.0
100
AcDbText
  0
LINE
  5
40F
330
398
100
AcDbEntity
 67
1
  8
A-ANNO-SCHD
100
AcDbLine
 10
0.0
 20
-7.800000000000001
 30
0.0
 11
12.5
 21
-7.800000000000001
 31
0.0
  0
TEXT
  5
410
330
398
100
AcDbEntity
 67
1
  8
A-ANNO-SCHD
100
AcDbText
 10
0.08
 20
-8.072000000000001
 30
0.0
 40
0.10400000000000001
  1
W5
 11
0.08
 21
-8.072000000000001
 31
0.0
100
AcDbText
  0
TEXT
  5
411
330
398
100
AcDbEntity
 67
1
  8
A-ANNO-SCHD
100
AcDbText
 10
1.3800000000000001
 20
-8.072000000000001
 30
0.0
 40
0.10400000000000001
  1
0.57
 11
1.3800000000000001
 21
-8.072000000000001
 31
0.0
100
AcDbText
  0
TEXT
  5
412
330
398
100
AcDbEntity
 67
1
  8
A-ANNO-SCHD
100
AcDbText
 10
2.88
 20
-8.072000000000001
 30
0.0
 40
0.10400000000000001
  1
1.20
 11
2.88
 21
-8.072000000000001
 31
0.0
100
AcDbText
  0
TEXT
  5
413
330
398
100
AcDbEntity
 67
1
  8
A-ANNO-SCHD
100
AcDbText
 10
4.38
 20
-8.072000000000001
 30
0.0
 40
0.10400000000000001
  1
0.90
 11
4.38
 21
-8.072000000000001
 31
0.0
100
AcDbText
  0
TEXT
  5
414
330
398
100
AcDbEntity
 67
1
  8
A-ANNO-SCHD
100
AcDbText
 10
5.98
 20
-8.072000000000001
 30
0.0
 40
0.10400000000000001
  1
2.10
 11
5.98
 21
-8.072000000000001
 31
0.0
100
AcDbText
  0
TEXT
  5
415
330
398
100
AcDbEntity
 67
1
  8
A-ANNO-SCHD
100
AcDbText
 10
7.58
 20
-8.072000000000001
 30
0.0
 40
0.10400000000000001
  1
L1-WALL-REAR
 11
7.58
 21
-8.072000000000001
 31
0.0
100
AcDbText
  0
TEXT
  5
416
330
398
100
AcDbEntity
 67
1
  8
A-ANNO-SCHD
100
AcDbText
 10
11.18
 20
-8.072000000000001
 30
0.0
 40
0.10400000000000001
  1
EXT
 11
11.18
 21
-8.072000000000001
 31
0.0
100
AcDbText
  0
LINE
  5
417
330
398
100
AcDbEntity
 67
1
  8
A-ANNO-SCHD
100
AcDbLine
 10
1.3
 20
-4.2
 30
0.0
 11
1.3
 21
-8.200000000000001
 31
0.0
  0
LINE
  5
418
330
398
100
AcDbEntity
 67
1
  8
A-ANNO-SCHD
100
AcDbLine
 10
2.8
 20
-4.2
 30
0.0
 11
2.8
 21
-8.200000000000001
 31
0.0
  0
LINE
  5
419
330
398
100
AcDbEntity
 67
1
  8
A-ANNO-SCHD
100
AcDbLine
 10
4.3
 20
-4.2
 30
0.0
 11
4.3
 21
-8.200000000000001
 31
0.0
  0
LINE
  5
41A
330
398
100
AcDbEntity
 67
1
  8
A-ANNO-SCHD
100
AcDbLine
 10
5.9
 20
-4.2
 30
0.0
 11
5.9
 21
-8.200000000000001
 31
0.0
  0
LINE
  5
41B
330
398
100
AcDbEntity
 67
1
  8
A-ANNO-SCHD
100
AcDbLine
 10
7.5
 20
-4.2
 30
0.0
 11
7.5
 21
-8.200000000000001
 31
0.0
  0
LINE
  5
41C
330
398
100
AcDbEntity
 67
1
  8
A-ANNO-SCHD
100
AcDbLine
 10
11.1
 20
-4.2
 30
0.0
 11
11.1
 21
-8.200000000000001
 31
0.0
  0
POINT
  5
41D
330
398
100
AcDbEntity
 67
1
  8
Z-DATA-NOPLOT
100
AcDbPoint
 10
0.0
 20
0.0
 30
0.0
  0
MTEXT
  5
41E
330
398
100
AcDbEntity
 67
1
  8
A-ANNO-NOTE
100
AcDbMText
 10
0.0
 20
-8.700000000000001
 30
0.0
 40
0.14
 41
12.5
 71
1
  3
Schedule derived directly from Building.openings for 1. Normal Kat (level index 1) -- one row per opening, keyed by its own Opening.mark (matches the mark label drawn on the corresponding plan.py floor-plan sheet for this level).\PWidths/heights/sill
  3
 heights are read directly from the source Building model, not re-typed -- see cadgen.schedule.verify_schedule_fidelity() for the mandatory re-derivation check against a freshly re-read copy of this file.\PSill/head heights are measured above this le
  1
vel's own finished floor (host wall base_elevation), per model.py's documented convention -- not above the red grade datum directly.\POne row per physical opening, NOT grouped by matching door/window type -- see module docstring.
  0
MTEXT
  5
41F
330
398
100
AcDbEntity
 67
1
  8
A-ANNO-NOTE
100
AcDbMText
 10
0.0
 20
-10.600000000000001
 30
0.0
 40
0.14
 41
12.5
 71
1
  3
SCHEMATIC DRAWING -- NOT FOR PERMIT OR CONSTRUCTION. Requires review, revision and stamp by a licensed architect before permitting or construction. Not a substitute for a structural/MEP engineer's calculations. No governmental review or approval impl
  1
ied or granted by this drawing.
  0
LWPOLYLINE
  5
420
330
398
100
AcDbEntity
 67
1
  8
A-ANNO-TTLB
100
AcDbPolyline
 90
4
 70
1
 10
0.0
 20
-16.700000000000003
 10
9.0
 20
-16.700000000000003
 10
9.0
 20
-11.300000000000002
 10
0.0
 20
-11.300000000000002
  0
TEXT
  5
421
330
398
100
AcDbEntity
 67
1
  8
A-ANNO-TTLB
100
AcDbText
 10
0.12
 20
-11.759000000000004
 30
0.0
 40
0.21600000000000003
  1
PROJECT: Parcel 377/1 -- Ereğli Mah., Karamursel, Kocaeli (maximized footprint, reverse + roof duplex)
 11
0.12
 21
-11.759000000000004
 31
0.0
100
AcDbText
  0
LINE
  5
422
330
398
100
AcDbEntity
 67
1
  8
A-ANNO-TTLB
100
AcDbLine
 10
0.0
 20
-11.975000000000003
 30
0.0
 11
9.0
 21
-11.975000000000003
 31
0.0
  0
TEXT
  5
423
330
398
100
AcDbEntity
 67
1
  8
A-ANNO-TTLB
100
AcDbText
 10
0.12
 20
-12.434000000000005
 30
0.0
 40
0.21600000000000003
  1
PARCEL: Ada 377 / Parsel 1, Tapu Kutugu Eregli, Pafta G23D04D3D
 11
0.12
 21
-12.434000000000005
 31
0.0
100
AcDbText
  0
LINE
  5
424
330
398
100
AcDbEntity
 67
1
  8
A-ANNO-TTLB
100
AcDbLine
 10
0.0
 20
-12.650000000000002
 30
0.0
 11
9.0
 21
-12.650000000000002
 31
0.0
  0
TEXT
  5
425
330
398
100
AcDbEntity
 67
1
  8
A-ANNO-TTLB
100
AcDbText
 10
0.12
 20
-13.109000000000004
 30
0.0
 40
0.21600000000000003
  1
DATE: 2026-08-21
 11
0.12
 21
-13.109000000000004
 31
0.0
100
AcDbText
  0
LINE
  5
426
330
398
100
AcDbEntity
 67
1
  8
A-ANNO-TTLB
100
AcDbLine
 10
0.0
 20
-13.325000000000003
 30
0.0
 11
9.0
 21
-13.325000000000003
 31
0.0
  0
TEXT
  5
427
330
398
100
AcDbEntity
 67
1
  8
A-ANNO-TTLB
100
AcDbText
 10
0.12
 20
-13.784000000000004
 30
0.0
 40
0.21600000000000003
  1
SCALE: N/A (schedule table)
 11
0.12
 21
-13.784000000000004
 31
0.0
100
AcDbText
  0
LINE
  5
428
330
398
100
AcDbEntity
 67
1
  8
A-ANNO-TTLB
100
AcDbLine
 10
0.0
 20
-14.000000000000004
 30
0.0
 11
9.0
 21
-14.000000000000004
 31
0.0
  0
TEXT
  5
429
330
398
100
AcDbEntity
 67
1
  8
A-ANNO-TTLB
100
AcDbText
 10
0.12
 20
-14.459000000000005
 30
0.0
 40
0.21600000000000003
  1
SHEET: A-203 -- 1. Normal Kat Plani -- Door/Window Schedule
 11
0.12
 21
-14.459000000000005
 31
0.0
100
AcDbText
  0
LINE
  5
42A
330
398
100
AcDbEntity
 67
1
  8
A-ANNO-TTLB
100
AcDbLine
 10
0.0
 20
-14.675000000000002
 30
0.0
 11
9.0
 21
-14.675000000000002
 31
0.0
  0
TEXT
  5
42B
330
398
100
AcDbEntity
 67
1
  8
A-ANNO-TTLB
100
AcDbText
 10
0.12
 20
-15.134000000000004
 30
0.0
 40
0.21600000000000003
  1
PREPARED BY: Sirketim -- Architecture department (schematic, AI-assisted)
 11
0.12
 21
-15.134000000000004
 31
0.0
100
AcDbText
  0
LINE
  5
42C
330
398
100
AcDbEntity
 67
1
  8
A-ANNO-TTLB
100
AcDbLine
 10
0.0
 20
-15.350000000000003
 30
0.0
 11
9.0
 21
-15.350000000000003
 31
0.0
  0
MTEXT
  5
42D
330
398
100
AcDbEntity
 67
1
  8
A-ANNO-TTLB
100
AcDbMText
 10
0.12
 20
-15.450000000000003
 30
0.0
 40
0.162
 41
8.76
 71
1
  3
SCHEMATIC DRAWING -- NOT FOR PERMIT OR CONSTRUCTION. Requires review, revision and stamp by a licensed architect before permitting or construction. Not a substitute for a structural/MEP engineer's calculations. No governmental review or approval impl
  1
ied or granted by this drawing.
  0
ENDBLK
  5
39A
330
398
100
AcDbEntity
  8
0
100
AcDbBlockEnd
  0
BLOCK
  5
42F
330
42E
100
AcDbEntity
  8
0
100
AcDbBlockBegin
  2
*Paper_Space10
 70
0
 10
0.0
 20
0.0
 30
0.0
  3
*Paper_Space10
  1

  0
TEXT
  5
432
330
42E
100
AcDbEntity
 67
1
  8
A-ANNO-NOTE
100
AcDbText
 10
0.0
 20
0.0
 30
0.0
 40
0.3
  1
Parcel 377-1 -- Maximized Footprint, Reverse + Roof Duplex (schematic) -- 2. Normal Kat -- DOOR & WINDOW SCHEDULE (schematic)
 11
0.0
 21
0.0
 31
0.0
100
AcDbText
  0
LWPOLYLINE
  5
433
330
42E
100
AcDbEntity
 67
1
  8
A-ANNO-SCHD
100
AcDbPolyline
 90
4
 70
1
 10
0.0
 20
-1.0
 10
12.5
 20
-1.0
 10
12.5
 20
-2.6
 10
0.0
 20
-2.6
  0
LINE
  5
434
330
42E
100
AcDbEntity
 67
1
  8
A-ANNO-SCHD
100
AcDbLine
 10
0.0
 20
-1.4
 30
0.0
 11
12.5
 21
-1.4
 31
0.0
  0
TEXT
  5
435
330
42E
100
AcDbEntity
 67
1
  8
A-ANNO-SCHD
100
AcDbText
 10
0.1
 20
-1.2799999999999998
 30
0.0
 40
0.16000000000000003
  1
DOOR SCHEDULE
 11
0.1
 21
-1.2799999999999998
 31
0.0
100
AcDbText
  0
LINE
  5
436
330
42E
100
AcDbEntity
 67
1
  8
A-ANNO-SCHD
100
AcDbLine
 10
0.0
 20
-1.7999999999999998
 30
0.0
 11
12.5
 21
-1.7999999999999998
 31
0.0
  0
TEXT
  5
437
330
42E
100
AcDbEntity
 67
1
  8
A-ANNO-SCHD
100
AcDbText
 10
0.08
 20
-1.6719999999999997
 30
0.0
 40
0.10400000000000001
  1
MARK
 11
0.08
 21
-1.6719999999999997
 31
0.0
100
AcDbText
  0
TEXT
  5
438
330
42E
100
AcDbEntity
 67
1
  8
A-ANNO-SCHD
100
AcDbText
 10
1.3800000000000001
 20
-1.6719999999999997
 30
0.0
 40
0.10400000000000001
  1
WIDTH (m)
 11
1.3800000000000001
 21
-1.6719999999999997
 31
0.0
100
AcDbText
  0
TEXT
  5
439
330
42E
100
AcDbEntity
 67
1
  8
A-ANNO-SCHD
100
AcDbText
 10
2.88
 20
-1.6719999999999997
 30
0.0
 40
0.10400000000000001
  1
HEIGHT (m)
 11
2.88
 21
-1.6719999999999997
 31
0.0
100
AcDbText
  0
TEXT
  5
43A
330
42E
100
AcDbEntity
 67
1
  8
A-ANNO-SCHD
100
AcDbText
 10
4.38
 20
-1.6719999999999997
 30
0.0
 40
0.10400000000000001
  1
SILL HT (m)
 11
4.38
 21
-1.6719999999999997
 31
0.0
100
AcDbText
  0
TEXT
  5
43B
330
42E
100
AcDbEntity
 67
1
  8
A-ANNO-SCHD
100
AcDbText
 10
5.98
 20
-1.6719999999999997
 30
0.0
 40
0.10400000000000001
  1
HEAD HT (m)
 11
5.98
 21
-1.6719999999999997
 31
0.0
100
AcDbText
  0
TEXT
  5
43C
330
42E
100
AcDbEntity
 67
1
  8
A-ANNO-SCHD
100
AcDbText
 10
7.58
 20
-1.6719999999999997
 30
0.0
 40
0.10400000000000001
  1
HOST WALL
 11
7.58
 21
-1.6719999999999997
 31
0.0
100
AcDbText
  0
TEXT
  5
43D
330
42E
100
AcDbEntity
 67
1
  8
A-ANNO-SCHD
100
AcDbText
 10
11.18
 20
-1.6719999999999997
 30
0.0
 40
0.10400000000000001
  1
EXT/INT
 11
11.18
 21
-1.6719999999999997
 31
0.0
100
AcDbText
  0
TEXT
  5
43E
330
42E
100
AcDbEntity
 67
1
  8
A-ANNO-SCHD
100
AcDbText
 10
0.08
 20
-2.0719999999999996
 30
0.0
 40
0.10400000000000001
  1
D1
 11
0.08
 21
-2.0719999999999996
 31
0.0
100
AcDbText
  0
TEXT
  5
43F
330
42E
100
AcDbEntity
 67
1
  8
A-ANNO-SCHD
100
AcDbText
 10
1.3800000000000001
 20
-2.0719999999999996
 30
0.0
 40
0.10400000000000001
  1
1.00
 11
1.3800000000000001
 21
-2.0719999999999996
 31
0.0
100
AcDbText
  0
TEXT
  5
440
330
42E
100
AcDbEntity
 67
1
  8
A-ANNO-SCHD
100
AcDbText
 10
2.88
 20
-2.0719999999999996
 30
0.0
 40
0.10400000000000001
  1
2.10
 11
2.88
 21
-2.0719999999999996
 31
0.0
100
AcDbText
  0
TEXT
  5
441
330
42E
100
AcDbEntity
 67
1
  8
A-ANNO-SCHD
100
AcDbText
 10
4.38
 20
-2.0719999999999996
 30
0.0
 40
0.10400000000000001
  1
0.00
 11
4.38
 21
-2.0719999999999996
 31
0.0
100
AcDbText
  0
TEXT
  5
442
330
42E
100
AcDbEntity
 67
1
  8
A-ANNO-SCHD
100
AcDbText
 10
5.98
 20
-2.0719999999999996
 30
0.0
 40
0.10400000000000001
  1
2.10
 11
5.98
 21
-2.0719999999999996
 31
0.0
100
AcDbText
  0
TEXT
  5
443
330
42E
100
AcDbEntity
 67
1
  8
A-ANNO-SCHD
100
AcDbText
 10
7.58
 20
-2.0719999999999996
 30
0.0
 40
0.10400000000000001
  1
L2-WALL-CORRIDOR-REAR
 11
7.58
 21
-2.0719999999999996
 31
0.0
100
AcDbText
  0
TEXT
  5
444
330
42E
100
AcDbEntity
 67
1
  8
A-ANNO-SCHD
100
AcDbText
 10
11.18
 20
-2.0719999999999996
 30
0.0
 40
0.10400000000000001
  1
INT
 11
11.18
 21
-2.0719999999999996
 31
0.0
100
AcDbText
  0
LINE
  5
445
330
42E
100
AcDbEntity
 67
1
  8
A-ANNO-SCHD
100
AcDbLine
 10
0.0
 20
-2.1999999999999997
 30
0.0
 11
12.5
 21
-2.1999999999999997
 31
0.0
  0
TEXT
  5
446
330
42E
100
AcDbEntity
 67
1
  8
A-ANNO-SCHD
100
AcDbText
 10
0.08
 20
-2.4719999999999995
 30
0.0
 40
0.10400000000000001
  1
D2
 11
0.08
 21
-2.4719999999999995
 31
0.0
100
AcDbText
  0
TEXT
  5
447
330
42E
100
AcDbEntity
 67
1
  8
A-ANNO-SCHD
100
AcDbText
 10
1.3800000000000001
 20
-2.4719999999999995
 30
0.0
 40
0.10400000000000001
  1
1.00
 11
1.3800000000000001
 21
-2.4719999999999995
 31
0.0
100
AcDbText
  0
TEXT
  5
448
330
42E
100
AcDbEntity
 67
1
  8
A-ANNO-SCHD
100
AcDbText
 10
2.88
 20
-2.4719999999999995
 30
0.0
 40
0.10400000000000001
  1
2.10
 11
2.88
 21
-2.4719999999999995
 31
0.0
100
AcDbText
  0
TEXT
  5
449
330
42E
100
AcDbEntity
 67
1
  8
A-ANNO-SCHD
100
AcDbText
 10
4.38
 20
-2.4719999999999995
 30
0.0
 40
0.10400000000000001
  1
0.00
 11
4.38
 21
-2.4719999999999995
 31
0.0
100
AcDbText
  0
TEXT
  5
44A
330
42E
100
AcDbEntity
 67
1
  8
A-ANNO-SCHD
100
AcDbText
 10
5.98
 20
-2.4719999999999995
 30
0.0
 40
0.10400000000000001
  1
2.10
 11
5.98
 21
-2.4719999999999995
 31
0.0
100
AcDbText
  0
TEXT
  5
44B
330
42E
100
AcDbEntity
 67
1
  8
A-ANNO-SCHD
100
AcDbText
 10
7.58
 20
-2.4719999999999995
 30
0.0
 40
0.10400000000000001
  1
L2-WALL-CORRIDOR-REAR
 11
7.58
 21
-2.4719999999999995
 31
0.0
100
AcDbText
  0
TEXT
  5
44C
330
42E
100
AcDbEntity
 67
1
  8
A-ANNO-SCHD
100
AcDbText
 10
11.18
 20
-2.4719999999999995
 30
0.0
 40
0.10400000000000001
  1
INT
 11
11.18
 21
-2.4719999999999995
 31
0.0
100
AcDbText
  0
LINE
  5
44D
330
42E
100
AcDbEntity
 67
1
  8
A-ANNO-SCHD
100
AcDbLine
 10
1.3
 20
-1.7999999999999998
 30
0.0
 11
1.3
 21
-2.6
 31
0.0
  0
LINE
  5
44E
330
42E
100
AcDbEntity
 67
1
  8
A-ANNO-SCHD
100
AcDbLine
 10
2.8
 20
-1.7999999999999998
 30
0.0
 11
2.8
 21
-2.6
 31
0.0
  0
LINE
  5
44F
330
42E
100
AcDbEntity
 67
1
  8
A-ANNO-SCHD
100
AcDbLine
 10
4.3
 20
-1.7999999999999998
 30
0.0
 11
4.3
 21
-2.6
 31
0.0
  0
LINE
  5
450
330
42E
100
AcDbEntity
 67
1
  8
A-ANNO-SCHD
100
AcDbLine
 10
5.9
 20
-1.7999999999999998
 30
0.0
 11
5.9
 21
-2.6
 31
0.0
  0
LINE
  5
451
330
42E
100
AcDbEntity
 67
1
  8
A-ANNO-SCHD
100
AcDbLine
 10
7.5
 20
-1.7999999999999998
 30
0.0
 11
7.5
 21
-2.6
 31
0.0
  0
LINE
  5
452
330
42E
100
AcDbEntity
 67
1
  8
A-ANNO-SCHD
100
AcDbLine
 10
11.1
 20
-1.7999999999999998
 30
0.0
 11
11.1
 21
-2.6
 31
0.0
  0
LWPOLYLINE
  5
453
330
42E
100
AcDbEntity
 67
1
  8
A-ANNO-SCHD
100
AcDbPolyline
 90
4
 70
1
 10
0.0
 20
-3.4000000000000004
 10
12.5
 20
-3.4000000000000004
 10
12.5
 20
-8.200000000000001
 10
0.0
 20
-8.200000000000001
  0
LINE
  5
454
330
42E
100
AcDbEntity
 67
1
  8
A-ANNO-SCHD
100
AcDbLine
 10
0.0
 20
-3.8000000000000003
 30
0.0
 11
12.5
 21
-3.8000000000000003
 31
0.0
  0
TEXT
  5
455
330
42E
100
AcDbEntity
 67
1
  8
A-ANNO-SCHD
100
AcDbText
 10
0.1
 20
-3.68
 30
0.0
 40
0.16000000000000003
  1
WINDOW SCHEDULE
 11
0.1
 21
-3.68
 31
0.0
100
AcDbText
  0
LINE
  5
456
330
42E
100
AcDbEntity
 67
1
  8
A-ANNO-SCHD
100
AcDbLine
 10
0.0
 20
-4.2
 30
0.0
 11
12.5
 21
-4.2
 31
0.0
  0
TEXT
  5
457
330
42E
100
AcDbEntity
 67
1
  8
A-ANNO-SCHD
100
AcDbText
 10
0.08
 20
-4.072
 30
0.0
 40
0.10400000000000001
  1
MARK
 11
0.08
 21
-4.072
 31
0.0
100
AcDbText
  0
TEXT
  5
458
330
42E
100
AcDbEntity
 67
1
  8
A-ANNO-SCHD
100
AcDbText
 10
1.3800000000000001
 20
-4.072
 30
0.0
 40
0.10400000000000001
  1
WIDTH (m)
 11
1.3800000000000001
 21
-4.072
 31
0.0
100
AcDbText
  0
TEXT
  5
459
330
42E
100
AcDbEntity
 67
1
  8
A-ANNO-SCHD
100
AcDbText
 10
2.88
 20
-4.072
 30
0.0
 40
0.10400000000000001
  1
HEIGHT (m)
 11
2.88
 21
-4.072
 31
0.0
100
AcDbText
  0
TEXT
  5
45A
330
42E
100
AcDbEntity
 67
1
  8
A-ANNO-SCHD
100
AcDbText
 10
4.38
 20
-4.072
 30
0.0
 40
0.10400000000000001
  1
SILL HT (m)
 11
4.38
 21
-4.072
 31
0.0
100
AcDbText
  0
TEXT
  5
45B
330
42E
100
AcDbEntity
 67
1
  8
A-ANNO-SCHD
100
AcDbText
 10
5.98
 20
-4.072
 30
0.0
 40
0.10400000000000001
  1
HEAD HT (m)
 11
5.98
 21
-4.072
 31
0.0
100
AcDbText
  0
TEXT
  5
45C
330
42E
100
AcDbEntity
 67
1
  8
A-ANNO-SCHD
100
AcDbText
 10
7.58
 20
-4.072
 30
0.0
 40
0.10400000000000001
  1
HOST WALL
 11
7.58
 21
-4.072
 31
0.0
100
AcDbText
  0
TEXT
  5
45D
330
42E
100
AcDbEntity
 67
1
  8
A-ANNO-SCHD
100
AcDbText
 10
11.18
 20
-4.072
 30
0.0
 40
0.10400000000000001
  1
EXT/INT
 11
11.18
 21
-4.072
 31
0.0
100
AcDbText
  0
TEXT
  5
45E
330
42E
100
AcDbEntity
 67
1
  8
A-ANNO-SCHD
100
AcDbText
 10
0.08
 20
-4.472
 30
0.0
 40
0.10400000000000001
  1
W1
 11
0.08
 21
-4.472
 31
0.0
100
AcDbText
  0
TEXT
  5
45F
330
42E
100
AcDbEntity
 67
1
  8
A-ANNO-SCHD
100
AcDbText
 10
1.3800000000000001
 20
-4.472
 30
0.0
 40
0.10400000000000001
  1
1.20
 11
1.3800000000000001
 21
-4.472
 31
0.0
100
AcDbText
  0
TEXT
  5
460
330
42E
100
AcDbEntity
 67
1
  8
A-ANNO-SCHD
100
AcDbText
 10
2.88
 20
-4.472
 30
0.0
 40
0.10400000000000001
  1
1.20
 11
2.88
 21
-4.472
 31
0.0
100
AcDbText
  0
TEXT
  5
461
330
42E
100
AcDbEntity
 67
1
  8
A-ANNO-SCHD
100
AcDbText
 10
4.38
 20
-4.472
 30
0.0
 40
0.10400000000000001
  1
0.90
 11
4.38
 21
-4.472
 31
0.0
100
AcDbText
  0
TEXT
  5
462
330
42E
100
AcDbEntity
 67
1
  8
A-ANNO-SCHD
100
AcDbText
 10
5.98
 20
-4.472
 30
0.0
 40
0.10400000000000001
  1
2.10
 11
5.98
 21
-4.472
 31
0.0
100
AcDbText
  0
TEXT
  5
463
330
42E
100
AcDbEntity
 67
1
  8
A-ANNO-SCHD
100
AcDbText
 10
7.58
 20
-4.472
 30
0.0
 40
0.10400000000000001
  1
L2-WALL-REAR
 11
7.58
 21
-4.472
 31
0.0
100
AcDbText
  0
TEXT
  5
464
330
42E
100
AcDbEntity
 67
1
  8
A-ANNO-SCHD
100
AcDbText
 10
11.18
 20
-4.472
 30
0.0
 40
0.10400000000000001
  1
EXT
 11
11.18
 21
-4.472
 31
0.0
100
AcDbText
  0
LINE
  5
465
330
42E
100
AcDbEntity
 67
1
  8
A-ANNO-SCHD
100
AcDbLine
 10
0.0
 20
-4.6000000000000005
 30
0.0
 11
12.5
 21
-4.6000000000000005
 31
0.0
  0
TEXT
  5
466
330
42E
100
AcDbEntity
 67
1
  8
A-ANNO-SCHD
100
AcDbText
 10
0.08
 20
-4.872000000000001
 30
0.0
 40
0.10400000000000001
  1
W1
 11
0.08
 21
-4.872000000000001
 31
0.0
100
AcDbText
  0
TEXT
  5
467
330
42E
100
AcDbEntity
 67
1
  8
A-ANNO-SCHD
100
AcDbText
 10
1.3800000000000001
 20
-4.872000000000001
 30
0.0
 40
0.10400000000000001
  1
1.20
 11
1.3800000000000001
 21
-4.872000000000001
 31
0.0
100
AcDbText
  0
TEXT
  5
468
330
42E
100
AcDbEntity
 67
1
  8
A-ANNO-SCHD
100
AcDbText
 10
2.88
 20
-4.872000000000001
 30
0.0
 40
0.10400000000000001
  1
1.20
 11
2.88
 21
-4.872000000000001
 31
0.0
100
AcDbText
  0
TEXT
  5
469
330
42E
100
AcDbEntity
 67
1
  8
A-ANNO-SCHD
100
AcDbText
 10
4.38
 20
-4.872000000000001
 30
0.0
 40
0.10400000000000001
  1
0.90
 11
4.38
 21
-4.872000000000001
 31
0.0
100
AcDbText
  0
TEXT
  5
46A
330
42E
100
AcDbEntity
 67
1
  8
A-ANNO-SCHD
100
AcDbText
 10
5.98
 20
-4.872000000000001
 30
0.0
 40
0.10400000000000001
  1
2.10
 11
5.98
 21
-4.872000000000001
 31
0.0
100
AcDbText
  0
TEXT
  5
46B
330
42E
100
AcDbEntity
 67
1
  8
A-ANNO-SCHD
100
AcDbText
 10
7.58
 20
-4.872000000000001
 30
0.0
 40
0.10400000000000001
  1
L2-WALL-REAR
 11
7.58
 21
-4.872000000000001
 31
0.0
100
AcDbText
  0
TEXT
  5
46C
330
42E
100
AcDbEntity
 67
1
  8
A-ANNO-SCHD
100
AcDbText
 10
11.18
 20
-4.872000000000001
 30
0.0
 40
0.10400000000000001
  1
EXT
 11
11.18
 21
-4.872000000000001
 31
0.0
100
AcDbText
  0
LINE
  5
46D
330
42E
100
AcDbEntity
 67
1
  8
A-ANNO-SCHD
100
AcDbLine
 10
0.0
 20
-5.0
 30
0.0
 11
12.5
 21
-5.0
 31
0.0
  0
TEXT
  5
46E
330
42E
100
AcDbEntity
 67
1
  8
A-ANNO-SCHD
100
AcDbText
 10
0.08
 20
-5.272
 30
0.0
 40
0.10400000000000001
  1
W2
 11
0.08
 21
-5.272
 31
0.0
100
AcDbText
  0
TEXT
  5
46F
330
42E
100
AcDbEntity
 67
1
  8
A-ANNO-SCHD
100
AcDbText
 10
1.3800000000000001
 20
-5.272
 30
0.0
 40
0.10400000000000001
  1
1.20
 11
1.3800000000000001
 21
-5.272
 31
0.0
100
AcDbText
  0
TEXT
  5
470
330
42E
100
AcDbEntity
 67
1
  8
A-ANNO-SCHD
100
AcDbText
 10
2.88
 20
-5.272
 30
0.0
 40
0.10400000000000001
  1
1.20
 11
2.88
 21
-5.272
 31
0.0
100
AcDbText
  0
TEXT
  5
471
330
42E
100
AcDbEntity
 67
1
  8
A-ANNO-SCHD
100
AcDbText
 10
4.38
 20
-5.272
 30
0.0
 40
0.10400000000000001
  1
0.90
 11
4.38
 21
-5.272
 31
0.0
100
AcDbText
  0
TEXT
  5
472
330
42E
100
AcDbEntity
 67
1
  8
A-ANNO-SCHD
100
AcDbText
 10
5.98
 20
-5.272
 30
0.0
 40
0.10400000000000001
  1
2.10
 11
5.98
 21
-5.272
 31
0.0
100
AcDbText
  0
TEXT
  5
473
330
42E
100
AcDbEntity
 67
1
  8
A-ANNO-SCHD
100
AcDbText
 10
7.58
 20
-5.272
 30
0.0
 40
0.10400000000000001
  1
L2-WALL-REAR
 11
7.58
 21
-5.272
 31
0.0
100
AcDbText
  0
TEXT
  5
474
330
42E
100
AcDbEntity
 67
1
  8
A-ANNO-SCHD
100
AcDbText
 10
11.18
 20
-5.272
 30
0.0
 40
0.10400000000000001
  1
EXT
 11
11.18
 21
-5.272
 31
0.0
100
AcDbText
  0
LINE
  5
475
330
42E
100
AcDbEntity
 67
1
  8
A-ANNO-SCHD
100
AcDbLine
 10
0.0
 20
-5.4
 30
0.0
 11
12.5
 21
-5.4
 31
0.0
  0
TEXT
  5
476
330
42E
100
AcDbEntity
 67
1
  8
A-ANNO-SCHD
100
AcDbText
 10
0.08
 20
-5.672000000000001
 30
0.0
 40
0.10400000000000001
  1
W2
 11
0.08
 21
-5.672000000000001
 31
0.0
100
AcDbText
  0
TEXT
  5
477
330
42E
100
AcDbEntity
 67
1
  8
A-ANNO-SCHD
100
AcDbText
 10
1.3800000000000001
 20
-5.672000000000001
 30
0.0
 40
0.10400000000000001
  1
1.20
 11
1.3800000000000001
 21
-5.672000000000001
 31
0.0
100
AcDbText
  0
TEXT
  5
478
330
42E
100
AcDbEntity
 67
1
  8
A-ANNO-SCHD
100
AcDbText
 10
2.88
 20
-5.672000000000001
 30
0.0
 40
0.10400000000000001
  1
1.20
 11
2.88
 21
-5.672000000000001
 31
0.0
100
AcDbText
  0
TEXT
  5
479
330
42E
100
AcDbEntity
 67
1
  8
A-ANNO-SCHD
100
AcDbText
 10
4.38
 20
-5.672000000000001
 30
0.0
 40
0.10400000000000001
  1
0.90
 11
4.38
 21
-5.672000000000001
 31
0.0
100
AcDbText
  0
TEXT
  5
47A
330
42E
100
AcDbEntity
 67
1
  8
A-ANNO-SCHD
100
AcDbText
 10
5.98
 20
-5.672000000000001
 30
0.0
 40
0.10400000000000001
  1
2.10
 11
5.98
 21
-5.672000000000001
 31
0.0
100
AcDbText
  0
TEXT
  5
47B
330
42E
100
AcDbEntity
 67
1
  8
A-ANNO-SCHD
100
AcDbText
 10
7.58
 20
-5.672000000000001
 30
0.0
 40
0.10400000000000001
  1
L2-WALL-REAR
 11
7.58
 21
-5.672000000000001
 31
0.0
100
AcDbText
  0
TEXT
  5
47C
330
42E
100
AcDbEntity
 67
1
  8
A-ANNO-SCHD
100
AcDbText
 10
11.18
 20
-5.672000000000001
 30
0.0
 40
0.10400000000000001
  1
EXT
 11
11.18
 21
-5.672000000000001
 31
0.0
100
AcDbText
  0
LINE
  5
47D
330
42E
100
AcDbEntity
 67
1
  8
A-ANNO-SCHD
100
AcDbLine
 10
0.0
 20
-5.800000000000001
 30
0.0
 11
12.5
 21
-5.800000000000001
 31
0.0
  0
TEXT
  5
47E
330
42E
100
AcDbEntity
 67
1
  8
A-ANNO-SCHD
100
AcDbText
 10
0.08
 20
-6.072000000000001
 30
0.0
 40
0.10400000000000001
  1
W3
 11
0.08
 21
-6.072000000000001
 31
0.0
100
AcDbText
  0
TEXT
  5
47F
330
42E
100
AcDbEntity
 67
1
  8
A-ANNO-SCHD
100
AcDbText
 10
1.3800000000000001
 20
-6.072000000000001
 30
0.0
 40
0.10400000000000001
  1
1.20
 11
1.3800000000000001
 21
-6.072000000000001
 31
0.0
100
AcDbText
  0
TEXT
  5
480
330
42E
100
AcDbEntity
 67
1
  8
A-ANNO-SCHD
100
AcDbText
 10
2.88
 20
-6.072000000000001
 30
0.0
 40
0.10400000000000001
  1
1.20
 11
2.88
 21
-6.072000000000001
 31
0.0
100
AcDbText
  0
TEXT
  5
481
330
42E
100
AcDbEntity
 67
1
  8
A-ANNO-SCHD
100
AcDbText
 10
4.38
 20
-6.072000000000001
 30
0.0
 40
0.10400000000000001
  1
0.90
 11
4.38
 21
-6.072000000000001
 31
0.0
100
AcDbText
  0
TEXT
  5
482
330
42E
100
AcDbEntity
 67
1
  8
A-ANNO-SCHD
100
AcDbText
 10
5.98
 20
-6.072000000000001
 30
0.0
 40
0.10400000000000001
  1
2.10
 11
5.98
 21
-6.072000000000001
 31
0.0
100
AcDbText
  0
TEXT
  5
483
330
42E
100
AcDbEntity
 67
1
  8
A-ANNO-SCHD
100
AcDbText
 10
7.58
 20
-6.072000000000001
 30
0.0
 40
0.10400000000000001
  1
L2-WALL-REAR
 11
7.58
 21
-6.072000000000001
 31
0.0
100
AcDbText
  0
TEXT
  5
484
330
42E
100
AcDbEntity
 67
1
  8
A-ANNO-SCHD
100
AcDbText
 10
11.18
 20
-6.072000000000001
 30
0.0
 40
0.10400000000000001
  1
EXT
 11
11.18
 21
-6.072000000000001
 31
0.0
100
AcDbText
  0
LINE
  5
485
330
42E
100
AcDbEntity
 67
1
  8
A-ANNO-SCHD
100
AcDbLine
 10
0.0
 20
-6.2
 30
0.0
 11
12.5
 21
-6.2
 31
0.0
  0
TEXT
  5
486
330
42E
100
AcDbEntity
 67
1
  8
A-ANNO-SCHD
100
AcDbText
 10
0.08
 20
-6.472
 30
0.0
 40
0.10400000000000001
  1
W3
 11
0.08
 21
-6.472
 31
0.0
100
AcDbText
  0
TEXT
  5
487
330
42E
100
AcDbEntity
 67
1
  8
A-ANNO-SCHD
100
AcDbText
 10
1.3800000000000001
 20
-6.472
 30
0.0
 40
0.10400000000000001
  1
1.20
 11
1.3800000000000001
 21
-6.472
 31
0.0
100
AcDbText
  0
TEXT
  5
488
330
42E
100
AcDbEntity
 67
1
  8
A-ANNO-SCHD
100
AcDbText
 10
2.88
 20
-6.472
 30
0.0
 40
0.10400000000000001
  1
1.20
 11
2.88
 21
-6.472
 31
0.0
100
AcDbText
  0
TEXT
  5
489
330
42E
100
AcDbEntity
 67
1
  8
A-ANNO-SCHD
100
AcDbText
 10
4.38
 20
-6.472
 30
0.0
 40
0.10400000000000001
  1
0.90
 11
4.38
 21
-6.472
 31
0.0
100
AcDbText
  0
TEXT
  5
48A
330
42E
100
AcDbEntity
 67
1
  8
A-ANNO-SCHD
100
AcDbText
 10
5.98
 20
-6.472
 30
0.0
 40
0.10400000000000001
  1
2.10
 11
5.98
 21
-6.472
 31
0.0
100
AcDbText
  0
TEXT
  5
48B
330
42E
100
AcDbEntity
 67
1
  8
A-ANNO-SCHD
100
AcDbText
 10
7.58
 20
-6.472
 30
0.0
 40
0.10400000000000001
  1
L2-WALL-REAR
 11
7.58
 21
-6.472
 31
0.0
100
AcDbText
  0
TEXT
  5
48C
330
42E
100
AcDbEntity
 67
1
  8
A-ANNO-SCHD
100
AcDbText
 10
11.18
 20
-6.472
 30
0.0
 40
0.10400000000000001
  1
EXT
 11
11.18
 21
-6.472
 31
0.0
100
AcDbText
  0
LINE
  5
48D
330
42E
100
AcDbEntity
 67
1
  8
A-ANNO-SCHD
100
AcDbLine
 10
0.0
 20
-6.6000000000000005
 30
0.0
 11
12.5
 21
-6.6000000000000005
 31
0.0
  0
TEXT
  5
48E
330
42E
100
AcDbEntity
 67
1
  8
A-ANNO-SCHD
100
AcDbText
 10
0.08
 20
-6.872000000000001
 30
0.0
 40
0.10400000000000001
  1
W4
 11
0.08
 21
-6.872000000000001
 31
0.0
100
AcDbText
  0
TEXT
  5
48F
330
42E
100
AcDbEntity
 67
1
  8
A-ANNO-SCHD
100
AcDbText
 10
1.3800000000000001
 20
-6.872000000000001
 30
0.0
 40
0.10400000000000001
  1
1.20
 11
1.3800000000000001
 21
-6.872000000000001
 31
0.0
100
AcDbText
  0
TEXT
  5
490
330
42E
100
AcDbEntity
 67
1
  8
A-ANNO-SCHD
100
AcDbText
 10
2.88
 20
-6.872000000000001
 30
0.0
 40
0.10400000000000001
  1
1.20
 11
2.88
 21
-6.872000000000001
 31
0.0
100
AcDbText
  0
TEXT
  5
491
330
42E
100
AcDbEntity
 67
1
  8
A-ANNO-SCHD
100
AcDbText
 10
4.38
 20
-6.872000000000001
 30
0.0
 40
0.10400000000000001
  1
0.90
 11
4.38
 21
-6.872000000000001
 31
0.0
100
AcDbText
  0
TEXT
  5
492
330
42E
100
AcDbEntity
 67
1
  8
A-ANNO-SCHD
100
AcDbText
 10
5.98
 20
-6.872000000000001
 30
0.0
 40
0.10400000000000001
  1
2.10
 11
5.98
 21
-6.872000000000001
 31
0.0
100
AcDbText
  0
TEXT
  5
493
330
42E
100
AcDbEntity
 67
1
  8
A-ANNO-SCHD
100
AcDbText
 10
7.58
 20
-6.872000000000001
 30
0.0
 40
0.10400000000000001
  1
L2-WALL-REAR
 11
7.58
 21
-6.872000000000001
 31
0.0
100
AcDbText
  0
TEXT
  5
494
330
42E
100
AcDbEntity
 67
1
  8
A-ANNO-SCHD
100
AcDbText
 10
11.18
 20
-6.872000000000001
 30
0.0
 40
0.10400000000000001
  1
EXT
 11
11.18
 21
-6.872000000000001
 31
0.0
100
AcDbText
  0
LINE
  5
495
330
42E
100
AcDbEntity
 67
1
  8
A-ANNO-SCHD
100
AcDbLine
 10
0.0
 20
-7.0
 30
0.0
 11
12.5
 21
-7.0
 31
0.0
  0
TEXT
  5
496
330
42E
100
AcDbEntity
 67
1
  8
A-ANNO-SCHD
100
AcDbText
 10
0.08
 20
-7.272
 30
0.0
 40
0.10400000000000001
  1
W4
 11
0.08
 21
-7.272
 31
0.0
100
AcDbText
  0
TEXT
  5
497
330
42E
100
AcDbEntity
 67
1
  8
A-ANNO-SCHD
100
AcDbText
 10
1.3800000000000001
 20
-7.272
 30
0.0
 40
0.10400000000000001
  1
1.20
 11
1.3800000000000001
 21
-7.272
 31
0.0
100
AcDbText
  0
TEXT
  5
498
330
42E
100
AcDbEntity
 67
1
  8
A-ANNO-SCHD
100
AcDbText
 10
2.88
 20
-7.272
 30
0.0
 40
0.10400000000000001
  1
1.20
 11
2.88
 21
-7.272
 31
0.0
100
AcDbText
  0
TEXT
  5
499
330
42E
100
AcDbEntity
 67
1
  8
A-ANNO-SCHD
100
AcDbText
 10
4.38
 20
-7.272
 30
0.0
 40
0.10400000000000001
  1
0.90
 11
4.38
 21
-7.272
 31
0.0
100
AcDbText
  0
TEXT
  5
49A
330
42E
100
AcDbEntity
 67
1
  8
A-ANNO-SCHD
100
AcDbText
 10
5.98
 20
-7.272
 30
0.0
 40
0.10400000000000001
  1
2.10
 11
5.98
 21
-7.272
 31
0.0
100
AcDbText
  0
TEXT
  5
49B
330
42E
100
AcDbEntity
 67
1
  8
A-ANNO-SCHD
100
AcDbText
 10
7.58
 20
-7.272
 30
0.0
 40
0.10400000000000001
  1
L2-WALL-REAR
 11
7.58
 21
-7.272
 31
0.0
100
AcDbText
  0
TEXT
  5
49C
330
42E
100
AcDbEntity
 67
1
  8
A-ANNO-SCHD
100
AcDbText
 10
11.18
 20
-7.272
 30
0.0
 40
0.10400000000000001
  1
EXT
 11
11.18
 21
-7.272
 31
0.0
100
AcDbText
  0
LINE
  5
49D
330
42E
100
AcDbEntity
 67
1
  8
A-ANNO-SCHD
100
AcDbLine
 10
0.0
 20
-7.4
 30
0.0
 11
12.5
 21
-7.4
 31
0.0
  0
TEXT
  5
49E
330
42E
100
AcDbEntity
 67
1
  8
A-ANNO-SCHD
100
AcDbText
 10
0.08
 20
-7.672000000000001
 30
0.0
 40
0.10400000000000001
  1
W5
 11
0.08
 21
-7.672000000000001
 31
0.0
100
AcDbText
  0
TEXT
  5
49F
330
42E
100
AcDbEntity
 67
1
  8
A-ANNO-SCHD
100
AcDbText
 10
1.3800000000000001
 20
-7.672000000000001
 30
0.0
 40
0.10400000000000001
  1
0.57
 11
1.3800000000000001
 21
-7.672000000000001
 31
0.0
100
AcDbText
  0
TEXT
  5
4A0
330
42E
100
AcDbEntity
 67
1
  8
A-ANNO-SCHD
100
AcDbText
 10
2.88
 20
-7.672000000000001
 30
0.0
 40
0.10400000000000001
  1
1.20
 11
2.88
 21
-7.672000000000001
 31
0.0
100
AcDbText
  0
TEXT
  5
4A1
330
42E
100
AcDbEntity
 67
1
  8
A-ANNO-SCHD
100
AcDbText
 10
4.38
 20
-7.672000000000001
 30
0.0
 40
0.10400000000000001
  1
0.90
 11
4.38
 21
-7.672000000000001
 31
0.0
100
AcDbText
  0
TEXT
  5
4A2
330
42E
100
AcDbEntity
 67
1
  8
A-ANNO-SCHD
100
AcDbText
 10
5.98
 20
-7.672000000000001
 30
0.0
 40
0.10400000000000001
  1
2.10
 11
5.98
 21
-7.672000000000001
 31
0.0
100
AcDbText
  0
TEXT
  5
4A3
330
42E
100
AcDbEntity
 67
1
  8
A-ANNO-SCHD
100
AcDbText
 10
7.58
 20
-7.672000000000001
 30
0.0
 40
0.10400000000000001
  1
L2-WALL-REAR
 11
7.58
 21
-7.672000000000001
 31
0.0
100
AcDbText
  0
TEXT
  5
4A4
330
42E
100
AcDbEntity
 67
1
  8
A-ANNO-SCHD
100
AcDbText
 10
11.18
 20
-7.672000000000001
 30
0.0
 40
0.10400000000000001
  1
EXT
 11
11.18
 21
-7.672000000000001
 31
0.0
100
AcDbText
  0
LINE
  5
4A5
330
42E
100
AcDbEntity
 67
1
  8
A-ANNO-SCHD
100
AcDbLine
 10
0.0
 20
-7.800000000000001
 30
0.0
 11
12.5
 21
-7.800000000000001
 31
0.0
  0
TEXT
  5
4A6
330
42E
100
AcDbEntity
 67
1
  8
A-ANNO-SCHD
100
AcDbText
 10
0.08
 20
-8.072000000000001
 30
0.0
 40
0.10400000000000001
  1
W5
 11
0.08
 21
-8.072000000000001
 31
0.0
100
AcDbText
  0
TEXT
  5
4A7
330
42E
100
AcDbEntity
 67
1
  8
A-ANNO-SCHD
100
AcDbText
 10
1.3800000000000001
 20
-8.072000000000001
 30
0.0
 40
0.10400000000000001
  1
0.57
 11
1.3800000000000001
 21
-8.072000000000001
 31
0.0
100
AcDbText
  0
TEXT
  5
4A8
330
42E
100
AcDbEntity
 67
1
  8
A-ANNO-SCHD
100
AcDbText
 10
2.88
 20
-8.072000000000001
 30
0.0
 40
0.10400000000000001
  1
1.20
 11
2.88
 21
-8.072000000000001
 31
0.0
100
AcDbText
  0
TEXT
  5
4A9
330
42E
100
AcDbEntity
 67
1
  8
A-ANNO-SCHD
100
AcDbText
 10
4.38
 20
-8.072000000000001
 30
0.0
 40
0.10400000000000001
  1
0.90
 11
4.38
 21
-8.072000000000001
 31
0.0
100
AcDbText
  0
TEXT
  5
4AA
330
42E
100
AcDbEntity
 67
1
  8
A-ANNO-SCHD
100
AcDbText
 10
5.98
 20
-8.072000000000001
 30
0.0
 40
0.10400000000000001
  1
2.10
 11
5.98
 21
-8.072000000000001
 31
0.0
100
AcDbText
  0
TEXT
  5
4AB
330
42E
100
AcDbEntity
 67
1
  8
A-ANNO-SCHD
100
AcDbText
 10
7.58
 20
-8.072000000000001
 30
0.0
 40
0.10400000000000001
  1
L2-WALL-REAR
 11
7.58
 21
-8.072000000000001
 31
0.0
100
AcDbText
  0
TEXT
  5
4AC
330
42E
100
AcDbEntity
 67
1
  8
A-ANNO-SCHD
100
AcDbText
 10
11.18
 20
-8.072000000000001
 30
0.0
 40
0.10400000000000001
  1
EXT
 11
11.18
 21
-8.072000000000001
 31
0.0
100
AcDbText
  0
LINE
  5
4AD
330
42E
100
AcDbEntity
 67
1
  8
A-ANNO-SCHD
100
AcDbLine
 10
1.3
 20
-4.2
 30
0.0
 11
1.3
 21
-8.200000000000001
 31
0.0
  0
LINE
  5
4AE
330
42E
100
AcDbEntity
 67
1
  8
A-ANNO-SCHD
100
AcDbLine
 10
2.8
 20
-4.2
 30
0.0
 11
2.8
 21
-8.200000000000001
 31
0.0
  0
LINE
  5
4AF
330
42E
100
AcDbEntity
 67
1
  8
A-ANNO-SCHD
100
AcDbLine
 10
4.3
 20
-4.2
 30
0.0
 11
4.3
 21
-8.200000000000001
 31
0.0
  0
LINE
  5
4B0
330
42E
100
AcDbEntity
 67
1
  8
A-ANNO-SCHD
100
AcDbLine
 10
5.9
 20
-4.2
 30
0.0
 11
5.9
 21
-8.200000000000001
 31
0.0
  0
LINE
  5
4B1
330
42E
100
AcDbEntity
 67
1
  8
A-ANNO-SCHD
100
AcDbLine
 10
7.5
 20
-4.2
 30
0.0
 11
7.5
 21
-8.200000000000001
 31
0.0
  0
LINE
  5
4B2
330
42E
100
AcDbEntity
 67
1
  8
A-ANNO-SCHD
100
AcDbLine
 10
11.1
 20
-4.2
 30
0.0
 11
11.1
 21
-8.200000000000001
 31
0.0
  0
POINT
  5
4B3
330
42E
100
AcDbEntity
 67
1
  8
Z-DATA-NOPLOT
100
AcDbPoint
 10
0.0
 20
0.0
 30
0.0
  0
MTEXT
  5
4B4
330
42E
100
AcDbEntity
 67
1
  8
A-ANNO-NOTE
100
AcDbMText
 10
0.0
 20
-8.700000000000001
 30
0.0
 40
0.14
 41
12.5
 71
1
  3
Schedule derived directly from Building.openings for 2. Normal Kat (level index 2) -- one row per opening, keyed by its own Opening.mark (matches the mark label drawn on the corresponding plan.py floor-plan sheet for this level).\PWidths/heights/sill
  3
 heights are read directly from the source Building model, not re-typed -- see cadgen.schedule.verify_schedule_fidelity() for the mandatory re-derivation check against a freshly re-read copy of this file.\PSill/head heights are measured above this le
  1
vel's own finished floor (host wall base_elevation), per model.py's documented convention -- not above the red grade datum directly.\POne row per physical opening, NOT grouped by matching door/window type -- see module docstring.
  0
MTEXT
  5
4B5
330
42E
100
AcDbEntity
 67
1
  8
A-ANNO-NOTE
100
AcDbMText
 10
0.0
 20
-10.600000000000001
 30
0.0
 40
0.14
 41
12.5
 71
1
  3
SCHEMATIC DRAWING -- NOT FOR PERMIT OR CONSTRUCTION. Requires review, revision and stamp by a licensed architect before permitting or construction. Not a substitute for a structural/MEP engineer's calculations. No governmental review or approval impl
  1
ied or granted by this drawing.
  0
LWPOLYLINE
  5
4B6
330
42E
100
AcDbEntity
 67
1
  8
A-ANNO-TTLB
100
AcDbPolyline
 90
4
 70
1
 10
0.0
 20
-16.700000000000003
 10
9.0
 20
-16.700000000000003
 10
9.0
 20
-11.300000000000002
 10
0.0
 20
-11.300000000000002
  0
TEXT
  5
4B7
330
42E
100
AcDbEntity
 67
1
  8
A-ANNO-TTLB
100
AcDbText
 10
0.12
 20
-11.759000000000004
 30
0.0
 40
0.21600000000000003
  1
PROJECT: Parcel 377/1 -- Ereğli Mah., Karamursel, Kocaeli (maximized footprint, reverse + roof duplex)
 11
0.12
 21
-11.759000000000004
 31
0.0
100
AcDbText
  0
LINE
  5
4B8
330
42E
100
AcDbEntity
 67
1
  8
A-ANNO-TTLB
100
AcDbLine
 10
0.0
 20
-11.975000000000003
 30
0.0
 11
9.0
 21
-11.975000000000003
 31
0.0
  0
TEXT
  5
4B9
330
42E
100
AcDbEntity
 67
1
  8
A-ANNO-TTLB
100
AcDbText
 10
0.12
 20
-12.434000000000005
 30
0.0
 40
0.21600000000000003
  1
PARCEL: Ada 377 / Parsel 1, Tapu Kutugu Eregli, Pafta G23D04D3D
 11
0.12
 21
-12.434000000000005
 31
0.0
100
AcDbText
  0
LINE
  5
4BA
330
42E
100
AcDbEntity
 67
1
  8
A-ANNO-TTLB
100
AcDbLine
 10
0.0
 20
-12.650000000000002
 30
0.0
 11
9.0
 21
-12.650000000000002
 31
0.0
  0
TEXT
  5
4BB
330
42E
100
AcDbEntity
 67
1
  8
A-ANNO-TTLB
100
AcDbText
 10
0.12
 20
-13.109000000000004
 30
0.0
 40
0.21600000000000003
  1
DATE: 2026-08-21
 11
0.12
 21
-13.109000000000004
 31
0.0
100
AcDbText
  0
LINE
  5
4BC
330
42E
100
AcDbEntity
 67
1
  8
A-ANNO-TTLB
100
AcDbLine
 10
0.0
 20
-13.325000000000003
 30
0.0
 11
9.0
 21
-13.325000000000003
 31
0.0
  0
TEXT
  5
4BD
330
42E
100
AcDbEntity
 67
1
  8
A-ANNO-TTLB
100
AcDbText
 10
0.12
 20
-13.784000000000004
 30
0.0
 40
0.21600000000000003
  1
SCALE: N/A (schedule table)
 11
0.12
 21
-13.784000000000004
 31
0.0
100
AcDbText
  0
LINE
  5
4BE
330
42E
100
AcDbEntity
 67
1
  8
A-ANNO-TTLB
100
AcDbLine
 10
0.0
 20
-14.000000000000004
 30
0.0
 11
9.0
 21
-14.000000000000004
 31
0.0
  0
TEXT
  5
4BF
330
42E
100
AcDbEntity
 67
1
  8
A-ANNO-TTLB
100
AcDbText
 10
0.12
 20
-14.459000000000005
 30
0.0
 40
0.21600000000000003
  1
SHEET: A-204 -- 2. Normal Kat Plani -- Door/Window Schedule
 11
0.12
 21
-14.459000000000005
 31
0.0
100
AcDbText
  0
LINE
  5
4C0
330
42E
100
AcDbEntity
 67
1
  8
A-ANNO-TTLB
100
AcDbLine
 10
0.0
 20
-14.675000000000002
 30
0.0
 11
9.0
 21
-14.675000000000002
 31
0.0
  0
TEXT
  5
4C1
330
42E
100
AcDbEntity
 67
1
  8
A-ANNO-TTLB
100
AcDbText
 10
0.12
 20
-15.134000000000004
 30
0.0
 40
0.21600000000000003
  1
PREPARED BY: Sirketim -- Architecture department (schematic, AI-assisted)
 11
0.12
 21
-15.134000000000004
 31
0.0
100
AcDbText
  0
LINE
  5
4C2
330
42E
100
AcDbEntity
 67
1
  8
A-ANNO-TTLB
100
AcDbLine
 10
0.0
 20
-15.350000000000003
 30
0.0
 11
9.0
 21
-15.350000000000003
 31
0.0
  0
MTEXT
  5
4C3
330
42E
100
AcDbEntity
 67
1
  8
A-ANNO-TTLB
100
AcDbMText
 10
0.12
 20
-15.450000000000003
 30
0.0
 40
0.162
 41
8.76
 71
1
  3
SCHEMATIC DRAWING -- NOT FOR PERMIT OR CONSTRUCTION. Requires review, revision and stamp by a licensed architect before permitting or construction. Not a substitute for a structural/MEP engineer's calculations. No governmental review or approval impl
  1
ied or granted by this drawing.
  0
ENDBLK
  5
430
330
42E
100
AcDbEntity
  8
0
100
AcDbBlockEnd
  0
BLOCK
  5
4C5
330
4C4
100
AcDbEntity
  8
0
100
AcDbBlockBegin
  2
*Paper_Space11
 70
0
 10
0.0
 20
0.0
 30
0.0
  3
*Paper_Space11
  1

  0
TEXT
  5
4C8
330
4C4
100
AcDbEntity
 67
1
  8
A-ANNO-NOTE
100
AcDbText
 10
0.0
 20
0.0
 30
0.0
 40
0.3
  1
Parcel 377-1 -- Maximized Footprint, Reverse + Roof Duplex (schematic) -- 3. Normal Kat -- DOOR & WINDOW SCHEDULE (schematic)
 11
0.0
 21
0.0
 31
0.0
100
AcDbText
  0
LWPOLYLINE
  5
4C9
330
4C4
100
AcDbEntity
 67
1
  8
A-ANNO-SCHD
100
AcDbPolyline
 90
4
 70
1
 10
0.0
 20
-1.0
 10
12.5
 20
-1.0
 10
12.5
 20
-2.6
 10
0.0
 20
-2.6
  0
LINE
  5
4CA
330
4C4
100
AcDbEntity
 67
1
  8
A-ANNO-SCHD
100
AcDbLine
 10
0.0
 20
-1.4
 30
0.0
 11
12.5
 21
-1.4
 31
0.0
  0
TEXT
  5
4CB
330
4C4
100
AcDbEntity
 67
1
  8
A-ANNO-SCHD
100
AcDbText
 10
0.1
 20
-1.2799999999999998
 30
0.0
 40
0.16000000000000003
  1
DOOR SCHEDULE
 11
0.1
 21
-1.2799999999999998
 31
0.0
100
AcDbText
  0
LINE
  5
4CC
330
4C4
100
AcDbEntity
 67
1
  8
A-ANNO-SCHD
100
AcDbLine
 10
0.0
 20
-1.7999999999999998
 30
0.0
 11
12.5
 21
-1.7999999999999998
 31
0.0
  0
TEXT
  5
4CD
330
4C4
100
AcDbEntity
 67
1
  8
A-ANNO-SCHD
100
AcDbText
 10
0.08
 20
-1.6719999999999997
 30
0.0
 40
0.10400000000000001
  1
MARK
 11
0.08
 21
-1.6719999999999997
 31
0.0
100
AcDbText
  0
TEXT
  5
4CE
330
4C4
100
AcDbEntity
 67
1
  8
A-ANNO-SCHD
100
AcDbText
 10
1.3800000000000001
 20
-1.6719999999999997
 30
0.0
 40
0.10400000000000001
  1
WIDTH (m)
 11
1.3800000000000001
 21
-1.6719999999999997
 31
0.0
100
AcDbText
  0
TEXT
  5
4CF
330
4C4
100
AcDbEntity
 67
1
  8
A-ANNO-SCHD
100
AcDbText
 10
2.88
 20
-1.6719999999999997
 30
0.0
 40
0.10400000000000001
  1
HEIGHT (m)
 11
2.88
 21
-1.6719999999999997
 31
0.0
100
AcDbText
  0
TEXT
  5
4D0
330
4C4
100
AcDbEntity
 67
1
  8
A-ANNO-SCHD
100
AcDbText
 10
4.38
 20
-1.6719999999999997
 30
0.0
 40
0.10400000000000001
  1
SILL HT (m)
 11
4.38
 21
-1.6719999999999997
 31
0.0
100
AcDbText
  0
TEXT
  5
4D1
330
4C4
100
AcDbEntity
 67
1
  8
A-ANNO-SCHD
100
AcDbText
 10
5.98
 20
-1.6719999999999997
 30
0.0
 40
0.10400000000000001
  1
HEAD HT (m)
 11
5.98
 21
-1.6719999999999997
 31
0.0
100
AcDbText
  0
TEXT
  5
4D2
330
4C4
100
AcDbEntity
 67
1
  8
A-ANNO-SCHD
100
AcDbText
 10
7.58
 20
-1.6719999999999997
 30
0.0
 40
0.10400000000000001
  1
HOST WALL
 11
7.58
 21
-1.6719999999999997
 31
0.0
100
AcDbText
  0
TEXT
  5
4D3
330
4C4
100
AcDbEntity
 67
1
  8
A-ANNO-SCHD
100
AcDbText
 10
11.18
 20
-1.6719999999999997
 30
0.0
 40
0.10400000000000001
  1
EXT/INT
 11
11.18
 21
-1.6719999999999997
 31
0.0
100
AcDbText
  0
TEXT
  5
4D4
330
4C4
100
AcDbEntity
 67
1
  8
A-ANNO-SCHD
100
AcDbText
 10
0.08
 20
-2.0719999999999996
 30
0.0
 40
0.10400000000000001
  1
D1
 11
0.08
 21
-2.0719999999999996
 31
0.0
100
AcDbText
  0
TEXT
  5
4D5
330
4C4
100
AcDbEntity
 67
1
  8
A-ANNO-SCHD
100
AcDbText
 10
1.3800000000000001
 20
-2.0719999999999996
 30
0.0
 40
0.10400000000000001
  1
1.00
 11
1.3800000000000001
 21
-2.0719999999999996
 31
0.0
100
AcDbText
  0
TEXT
  5
4D6
330
4C4
100
AcDbEntity
 67
1
  8
A-ANNO-SCHD
100
AcDbText
 10
2.88
 20
-2.0719999999999996
 30
0.0
 40
0.10400000000000001
  1
2.10
 11
2.88
 21
-2.0719999999999996
 31
0.0
100
AcDbText
  0
TEXT
  5
4D7
330
4C4
100
AcDbEntity
 67
1
  8
A-ANNO-SCHD
100
AcDbText
 10
4.38
 20
-2.0719999999999996
 30
0.0
 40
0.10400000000000001
  1
0.00
 11
4.38
 21
-2.0719999999999996
 31
0.0
100
AcDbText
  0
TEXT
  5
4D8
330
4C4
100
AcDbEntity
 67
1
  8
A-ANNO-SCHD
100
AcDbText
 10
5.98
 20
-2.0719999999999996
 30
0.0
 40
0.10400000000000001
  1
2.10
 11
5.98
 21
-2.0719999999999996
 31
0.0
100
AcDbText
  0
TEXT
  5
4D9
330
4C4
100
AcDbEntity
 67
1
  8
A-ANNO-SCHD
100
AcDbText
 10
7.58
 20
-2.0719999999999996
 30
0.0
 40
0.10400000000000001
  1
L3-WALL-CORRIDOR-REAR
 11
7.58
 21
-2.0719999999999996
 31
0.0
100
AcDbText
  0
TEXT
  5
4DA
330
4C4
100
AcDbEntity
 67
1
  8
A-ANNO-SCHD
100
AcDbText
 10
11.18
 20
-2.0719999999999996
 30
0.0
 40
0.10400000000000001
  1
INT
 11
11.18
 21
-2.0719999999999996
 31
0.0
100
AcDbText
  0
LINE
  5
4DB
330
4C4
100
AcDbEntity
 67
1
  8
A-ANNO-SCHD
100
AcDbLine
 10
0.0
 20
-2.1999999999999997
 30
0.0
 11
12.5
 21
-2.1999999999999997
 31
0.0
  0
TEXT
  5
4DC
330
4C4
100
AcDbEntity
 67
1
  8
A-ANNO-SCHD
100
AcDbText
 10
0.08
 20
-2.4719999999999995
 30
0.0
 40
0.10400000000000001
  1
D2
 11
0.08
 21
-2.4719999999999995
 31
0.0
100
AcDbText
  0
TEXT
  5
4DD
330
4C4
100
AcDbEntity
 67
1
  8
A-ANNO-SCHD
100
AcDbText
 10
1.3800000000000001
 20
-2.4719999999999995
 30
0.0
 40
0.10400000000000001
  1
1.00
 11
1.3800000000000001
 21
-2.4719999999999995
 31
0.0
100
AcDbText
  0
TEXT
  5
4DE
330
4C4
100
AcDbEntity
 67
1
  8
A-ANNO-SCHD
100
AcDbText
 10
2.88
 20
-2.4719999999999995
 30
0.0
 40
0.10400000000000001
  1
2.10
 11
2.88
 21
-2.4719999999999995
 31
0.0
100
AcDbText
  0
TEXT
  5
4DF
330
4C4
100
AcDbEntity
 67
1
  8
A-ANNO-SCHD
100
AcDbText
 10
4.38
 20
-2.4719999999999995
 30
0.0
 40
0.10400000000000001
  1
0.00
 11
4.38
 21
-2.4719999999999995
 31
0.0
100
AcDbText
  0
TEXT
  5
4E0
330
4C4
100
AcDbEntity
 67
1
  8
A-ANNO-SCHD
100
AcDbText
 10
5.98
 20
-2.4719999999999995
 30
0.0
 40
0.10400000000000001
  1
2.10
 11
5.98
 21
-2.4719999999999995
 31
0.0
100
AcDbText
  0
TEXT
  5
4E1
330
4C4
100
AcDbEntity
 67
1
  8
A-ANNO-SCHD
100
AcDbText
 10
7.58
 20
-2.4719999999999995
 30
0.0
 40
0.10400000000000001
  1
L3-WALL-CORRIDOR-REAR
 11
7.58
 21
-2.4719999999999995
 31
0.0
100
AcDbText
  0
TEXT
  5
4E2
330
4C4
100
AcDbEntity
 67
1
  8
A-ANNO-SCHD
100
AcDbText
 10
11.18
 20
-2.4719999999999995
 30
0.0
 40
0.10400000000000001
  1
INT
 11
11.18
 21
-2.4719999999999995
 31
0.0
100
AcDbText
  0
LINE
  5
4E3
330
4C4
100
AcDbEntity
 67
1
  8
A-ANNO-SCHD
100
AcDbLine
 10
1.3
 20
-1.7999999999999998
 30
0.0
 11
1.3
 21
-2.6
 31
0.0
  0
LINE
  5
4E4
330
4C4
100
AcDbEntity
 67
1
  8
A-ANNO-SCHD
100
AcDbLine
 10
2.8
 20
-1.7999999999999998
 30
0.0
 11
2.8
 21
-2.6
 31
0.0
  0
LINE
  5
4E5
330
4C4
100
AcDbEntity
 67
1
  8
A-ANNO-SCHD
100
AcDbLine
 10
4.3
 20
-1.7999999999999998
 30
0.0
 11
4.3
 21
-2.6
 31
0.0
  0
LINE
  5
4E6
330
4C4
100
AcDbEntity
 67
1
  8
A-ANNO-SCHD
100
AcDbLine
 10
5.9
 20
-1.7999999999999998
 30
0.0
 11
5.9
 21
-2.6
 31
0.0
  0
LINE
  5
4E7
330
4C4
100
AcDbEntity
 67
1
  8
A-ANNO-SCHD
100
AcDbLine
 10
7.5
 20
-1.7999999999999998
 30
0.0
 11
7.5
 21
-2.6
 31
0.0
  0
LINE
  5
4E8
330
4C4
100
AcDbEntity
 67
1
  8
A-ANNO-SCHD
100
AcDbLine
 10
11.1
 20
-1.7999999999999998
 30
0.0
 11
11.1
 21
-2.6
 31
0.0
  0
LWPOLYLINE
  5
4E9
330
4C4
100
AcDbEntity
 67
1
  8
A-ANNO-SCHD
100
AcDbPolyline
 90
4
 70
1
 10
0.0
 20
-3.4000000000000004
 10
12.5
 20
-3.4000000000000004
 10
12.5
 20
-8.200000000000001
 10
0.0
 20
-8.200000000000001
  0
LINE
  5
4EA
330
4C4
100
AcDbEntity
 67
1
  8
A-ANNO-SCHD
100
AcDbLine
 10
0.0
 20
-3.8000000000000003
 30
0.0
 11
12.5
 21
-3.8000000000000003
 31
0.0
  0
TEXT
  5
4EB
330
4C4
100
AcDbEntity
 67
1
  8
A-ANNO-SCHD
100
AcDbText
 10
0.1
 20
-3.68
 30
0.0
 40
0.16000000000000003
  1
WINDOW SCHEDULE
 11
0.1
 21
-3.68
 31
0.0
100
AcDbText
  0
LINE
  5
4EC
330
4C4
100
AcDbEntity
 67
1
  8
A-ANNO-SCHD
100
AcDbLine
 10
0.0
 20
-4.2
 30
0.0
 11
12.5
 21
-4.2
 31
0.0
  0
TEXT
  5
4ED
330
4C4
100
AcDbEntity
 67
1
  8
A-ANNO-SCHD
100
AcDbText
 10
0.08
 20
-4.072
 30
0.0
 40
0.10400000000000001
  1
MARK
 11
0.08
 21
-4.072
 31
0.0
100
AcDbText
  0
TEXT
  5
4EE
330
4C4
100
AcDbEntity
 67
1
  8
A-ANNO-SCHD
100
AcDbText
 10
1.3800000000000001
 20
-4.072
 30
0.0
 40
0.10400000000000001
  1
WIDTH (m)
 11
1.3800000000000001
 21
-4.072
 31
0.0
100
AcDbText
  0
TEXT
  5
4EF
330
4C4
100
AcDbEntity
 67
1
  8
A-ANNO-SCHD
100
AcDbText
 10
2.88
 20
-4.072
 30
0.0
 40
0.10400000000000001
  1
HEIGHT (m)
 11
2.88
 21
-4.072
 31
0.0
100
AcDbText
  0
TEXT
  5
4F0
330
4C4
100
AcDbEntity
 67
1
  8
A-ANNO-SCHD
100
AcDbText
 10
4.38
 20
-4.072
 30
0.0
 40
0.10400000000000001
  1
SILL HT (m)
 11
4.38
 21
-4.072
 31
0.0
100
AcDbText
  0
TEXT
  5
4F1
330
4C4
100
AcDbEntity
 67
1
  8
A-ANNO-SCHD
100
AcDbText
 10
5.98
 20
-4.072
 30
0.0
 40
0.10400000000000001
  1
HEAD HT (m)
 11
5.98
 21
-4.072
 31
0.0
100
AcDbText
  0
TEXT
  5
4F2
330
4C4
100
AcDbEntity
 67
1
  8
A-ANNO-SCHD
100
AcDbText
 10
7.58
 20
-4.072
 30
0.0
 40
0.10400000000000001
  1
HOST WALL
 11
7.58
 21
-4.072
 31
0.0
100
AcDbText
  0
TEXT
  5
4F3
330
4C4
100
AcDbEntity
 67
1
  8
A-ANNO-SCHD
100
AcDbText
 10
11.18
 20
-4.072
 30
0.0
 40
0.10400000000000001
  1
EXT/INT
 11
11.18
 21
-4.072
 31
0.0
100
AcDbText
  0
TEXT
  5
4F4
330
4C4
100
AcDbEntity
 67
1
  8
A-ANNO-SCHD
100
AcDbText
 10
0.08
 20
-4.472
 30
0.0
 40
0.10400000000000001
  1
W1
 11
0.08
 21
-4.472
 31
0.0
100
AcDbText
  0
TEXT
  5
4F5
330
4C4
100
AcDbEntity
 67
1
  8
A-ANNO-SCHD
100
AcDbText
 10
1.3800000000000001
 20
-4.472
 30
0.0
 40
0.10400000000000001
  1
1.20
 11
1.3800000000000001
 21
-4.472
 31
0.0
100
AcDbText
  0
TEXT
  5
4F6
330
4C4
100
AcDbEntity
 67
1
  8
A-ANNO-SCHD
100
AcDbText
 10
2.88
 20
-4.472
 30
0.0
 40
0.10400000000000001
  1
1.20
 11
2.88
 21
-4.472
 31
0.0
100
AcDbText
  0
TEXT
  5
4F7
330
4C4
100
AcDbEntity
 67
1
  8
A-ANNO-SCHD
100
AcDbText
 10
4.38
 20
-4.472
 30
0.0
 40
0.10400000000000001
  1
0.90
 11
4.38
 21
-4.472
 31
0.0
100
AcDbText
  0
TEXT
  5
4F8
330
4C4
100
AcDbEntity
 67
1
  8
A-ANNO-SCHD
100
AcDbText
 10
5.98
 20
-4.472
 30
0.0
 40
0.10400000000000001
  1
2.10
 11
5.98
 21
-4.472
 31
0.0
100
AcDbText
  0
TEXT
  5
4F9
330
4C4
100
AcDbEntity
 67
1
  8
A-ANNO-SCHD
100
AcDbText
 10
7.58
 20
-4.472
 30
0.0
 40
0.10400000000000001
  1
L3-WALL-REAR
 11
7.58
 21
-4.472
 31
0.0
100
AcDbText
  0
TEXT
  5
4FA
330
4C4
100
AcDbEntity
 67
1
  8
A-ANNO-SCHD
100
AcDbText
 10
11.18
 20
-4.472
 30
0.0
 40
0.10400000000000001
  1
EXT
 11
11.18
 21
-4.472
 31
0.0
100
AcDbText
  0
LINE
  5
4FB
330
4C4
100
AcDbEntity
 67
1
  8
A-ANNO-SCHD
100
AcDbLine
 10
0.0
 20
-4.6000000000000005
 30
0.0
 11
12.5
 21
-4.6000000000000005
 31
0.0
  0
TEXT
  5
4FC
330
4C4
100
AcDbEntity
 67
1
  8
A-ANNO-SCHD
100
AcDbText
 10
0.08
 20
-4.872000000000001
 30
0.0
 40
0.10400000000000001
  1
W1
 11
0.08
 21
-4.872000000000001
 31
0.0
100
AcDbText
  0
TEXT
  5
4FD
330
4C4
100
AcDbEntity
 67
1
  8
A-ANNO-SCHD
100
AcDbText
 10
1.3800000000000001
 20
-4.872000000000001
 30
0.0
 40
0.10400000000000001
  1
1.20
 11
1.3800000000000001
 21
-4.872000000000001
 31
0.0
100
AcDbText
  0
TEXT
  5
4FE
330
4C4
100
AcDbEntity
 67
1
  8
A-ANNO-SCHD
100
AcDbText
 10
2.88
 20
-4.872000000000001
 30
0.0
 40
0.10400000000000001
  1
1.20
 11
2.88
 21
-4.872000000000001
 31
0.0
100
AcDbText
  0
TEXT
  5
4FF
330
4C4
100
AcDbEntity
 67
1
  8
A-ANNO-SCHD
100
AcDbText
 10
4.38
 20
-4.872000000000001
 30
0.0
 40
0.10400000000000001
  1
0.90
 11
4.38
 21
-4.872000000000001
 31
0.0
100
AcDbText
  0
TEXT
  5
500
330
4C4
100
AcDbEntity
 67
1
  8
A-ANNO-SCHD
100
AcDbText
 10
5.98
 20
-4.872000000000001
 30
0.0
 40
0.10400000000000001
  1
2.10
 11
5.98
 21
-4.872000000000001
 31
0.0
100
AcDbText
  0
TEXT
  5
501
330
4C4
100
AcDbEntity
 67
1
  8
A-ANNO-SCHD
100
AcDbText
 10
7.58
 20
-4.872000000000001
 30
0.0
 40
0.10400000000000001
  1
L3-WALL-REAR
 11
7.58
 21
-4.872000000000001
 31
0.0
100
AcDbText
  0
TEXT
  5
502
330
4C4
100
AcDbEntity
 67
1
  8
A-ANNO-SCHD
100
AcDbText
 10
11.18
 20
-4.872000000000001
 30
0.0
 40
0.10400000000000001
  1
EXT
 11
11.18
 21
-4.872000000000001
 31
0.0
100
AcDbText
  0
LINE
  5
503
330
4C4
100
AcDbEntity
 67
1
  8
A-ANNO-SCHD
100
AcDbLine
 10
0.0
 20
-5.0
 30
0.0
 11
12.5
 21
-5.0
 31
0.0
  0
TEXT
  5
504
330
4C4
100
AcDbEntity
 67
1
  8
A-ANNO-SCHD
100
AcDbText
 10
0.08
 20
-5.272
 30
0.0
 40
0.10400000000000001
  1
W2
 11
0.08
 21
-5.272
 31
0.0
100
AcDbText
  0
TEXT
  5
505
330
4C4
100
AcDbEntity
 67
1
  8
A-ANNO-SCHD
100
AcDbText
 10
1.3800000000000001
 20
-5.272
 30
0.0
 40
0.10400000000000001
  1
0.78
 11
1.3800000000000001
 21
-5.272
 31
0.0
100
AcDbText
  0
TEXT
  5
506
330
4C4
100
AcDbEntity
 67
1
  8
A-ANNO-SCHD
100
AcDbText
 10
2.88
 20
-5.272
 30
0.0
 40
0.10400000000000001
  1
1.20
 11
2.88
 21
-5.272
 31
0.0
100
AcDbText
  0
TEXT
  5
507
330
4C4
100
AcDbEntity
 67
1
  8
A-ANNO-SCHD
100
AcDbText
 10
4.38
 20
-5.272
 30
0.0
 40
0.10400000000000001
  1
0.90
 11
4.38
 21
-5.272
 31
0.0
100
AcDbText
  0
TEXT
  5
508
330
4C4
100
AcDbEntity
 67
1
  8
A-ANNO-SCHD
100
AcDbText
 10
5.98
 20
-5.272
 30
0.0
 40
0.10400000000000001
  1
2.10
 11
5.98
 21
-5.272
 31
0.0
100
AcDbText
  0
TEXT
  5
509
330
4C4
100
AcDbEntity
 67
1
  8
A-ANNO-SCHD
100
AcDbText
 10
7.58
 20
-5.272
 30
0.0
 40
0.10400000000000001
  1
L3-WALL-REAR
 11
7.58
 21
-5.272
 31
0.0
100
AcDbText
  0
TEXT
  5
50A
330
4C4
100
AcDbEntity
 67
1
  8
A-ANNO-SCHD
100
AcDbText
 10
11.18
 20
-5.272
 30
0.0
 40
0.10400000000000001
  1
EXT
 11
11.18
 21
-5.272
 31
0.0
100
AcDbText
  0
LINE
  5
50B
330
4C4
100
AcDbEntity
 67
1
  8
A-ANNO-SCHD
100
AcDbLine
 10
0.0
 20
-5.4
 30
0.0
 11
12.5
 21
-5.4
 31
0.0
  0
TEXT
  5
50C
330
4C4
100
AcDbEntity
 67
1
  8
A-ANNO-SCHD
100
AcDbText
 10
0.08
 20
-5.672000000000001
 30
0.0
 40
0.10400000000000001
  1
W2
 11
0.08
 21
-5.672000000000001
 31
0.0
100
AcDbText
  0
TEXT
  5
50D
330
4C4
100
AcDbEntity
 67
1
  8
A-ANNO-SCHD
100
AcDbText
 10
1.3800000000000001
 20
-5.672000000000001
 30
0.0
 40
0.10400000000000001
  1
0.78
 11
1.3800000000000001
 21
-5.672000000000001
 31
0.0
100
AcDbText
  0
TEXT
  5
50E
330
4C4
100
AcDbEntity
 67
1
  8
A-ANNO-SCHD
100
AcDbText
 10
2.88
 20
-5.672000000000001
 30
0.0
 40
0.10400000000000001
  1
1.20
 11
2.88
 21
-5.672000000000001
 31
0.0
100
AcDbText
  0
TEXT
  5
50F
330
4C4
100
AcDbEntity
 67
1
  8
A-ANNO-SCHD
100
AcDbText
 10
4.38
 20
-5.672000000000001
 30
0.0
 40
0.10400000000000001
  1
0.90
 11
4.38
 21
-5.672000000000001
 31
0.0
100
AcDbText
  0
TEXT
  5
510
330
4C4
100
AcDbEntity
 67
1
  8
A-ANNO-SCHD
100
AcDbText
 10
5.98
 20
-5.672000000000001
 30
0.0
 40
0.10400000000000001
  1
2.10
 11
5.98
 21
-5.672000000000001
 31
0.0
100
AcDbText
  0
TEXT
  5
511
330
4C4
100
AcDbEntity
 67
1
  8
A-ANNO-SCHD
100
AcDbText
 10
7.58
 20
-5.672000000000001
 30
0.0
 40
0.10400000000000001
  1
L3-WALL-REAR
 11
7.58
 21
-5.672000000000001
 31
0.0
100
AcDbText
  0
TEXT
  5
512
330
4C4
100
AcDbEntity
 67
1
  8
A-ANNO-SCHD
100
AcDbText
 10
11.18
 20
-5.672000000000001
 30
0.0
 40
0.10400000000000001
  1
EXT
 11
11.18
 21
-5.672000000000001
 31
0.0
100
AcDbText
  0
LINE
  5
513
330
4C4
100
AcDbEntity
 67
1
  8
A-ANNO-SCHD
100
AcDbLine
 10
0.0
 20
-5.800000000000001
 30
0.0
 11
12.5
 21
-5.800000000000001
 31
0.0
  0
TEXT
  5
514
330
4C4
100
AcDbEntity
 67
1
  8
A-ANNO-SCHD
100
AcDbText
 10
0.08
 20
-6.072000000000001
 30
0.0
 40
0.10400000000000001
  1
W3
 11
0.08
 21
-6.072000000000001
 31
0.0
100
AcDbText
  0
TEXT
  5
515
330
4C4
100
AcDbEntity
 67
1
  8
A-ANNO-SCHD
100
AcDbText
 10
1.3800000000000001
 20
-6.072000000000001
 30
0.0
 40
0.10400000000000001
  1
1.20
 11
1.3800000000000001
 21
-6.072000000000001
 31
0.0
100
AcDbText
  0
TEXT
  5
516
330
4C4
100
AcDbEntity
 67
1
  8
A-ANNO-SCHD
100
AcDbText
 10
2.88
 20
-6.072000000000001
 30
0.0
 40
0.10400000000000001
  1
1.20
 11
2.88
 21
-6.072000000000001
 31
0.0
100
AcDbText
  0
TEXT
  5
517
330
4C4
100
AcDbEntity
 67
1
  8
A-ANNO-SCHD
100
AcDbText
 10
4.38
 20
-6.072000000000001
 30
0.0
 40
0.10400000000000001
  1
0.90
 11
4.38
 21
-6.072000000000001
 31
0.0
100
AcDbText
  0
TEXT
  5
518
330
4C4
100
AcDbEntity
 67
1
  8
A-ANNO-SCHD
100
AcDbText
 10
5.98
 20
-6.072000000000001
 30
0.0
 40
0.10400000000000001
  1
2.10
 11
5.98
 21
-6.072000000000001
 31
0.0
100
AcDbText
  0
TEXT
  5
519
330
4C4
100
AcDbEntity
 67
1
  8
A-ANNO-SCHD
100
AcDbText
 10
7.58
 20
-6.072000000000001
 30
0.0
 40
0.10400000000000001
  1
L3-WALL-REAR
 11
7.58
 21
-6.072000000000001
 31
0.0
100
AcDbText
  0
TEXT
  5
51A
330
4C4
100
AcDbEntity
 67
1
  8
A-ANNO-SCHD
100
AcDbText
 10
11.18
 20
-6.072000000000001
 30
0.0
 40
0.10400000000000001
  1
EXT
 11
11.18
 21
-6.072000000000001
 31
0.0
100
AcDbText
  0
LINE
  5
51B
330
4C4
100
AcDbEntity
 67
1
  8
A-ANNO-SCHD
100
AcDbLine
 10
0.0
 20
-6.2
 30
0.0
 11
12.5
 21
-6.2
 31
0.0
  0
TEXT
  5
51C
330
4C4
100
AcDbEntity
 67
1
  8
A-ANNO-SCHD
100
AcDbText
 10
0.08
 20
-6.472
 30
0.0
 40
0.10400000000000001
  1
W3
 11
0.08
 21
-6.472
 31
0.0
100
AcDbText
  0
TEXT
  5
51D
330
4C4
100
AcDbEntity
 67
1
  8
A-ANNO-SCHD
100
AcDbText
 10
1.3800000000000001
 20
-6.472
 30
0.0
 40
0.10400000000000001
  1
1.20
 11
1.3800000000000001
 21
-6.472
 31
0.0
100
AcDbText
  0
TEXT
  5
51E
330
4C4
100
AcDbEntity
 67
1
  8
A-ANNO-SCHD
100
AcDbText
 10
2.88
 20
-6.472
 30
0.0
 40
0.10400000000000001
  1
1.20
 11
2.88
 21
-6.472
 31
0.0
100
AcDbText
  0
TEXT
  5
51F
330
4C4
100
AcDbEntity
 67
1
  8
A-ANNO-SCHD
100
AcDbText
 10
4.38
 20
-6.472
 30
0.0
 40
0.10400000000000001
  1
0.90
 11
4.38
 21
-6.472
 31
0.0
100
AcDbText
  0
TEXT
  5
520
330
4C4
100
AcDbEntity
 67
1
  8
A-ANNO-SCHD
100
AcDbText
 10
5.98
 20
-6.472
 30
0.0
 40
0.10400000000000001
  1
2.10
 11
5.98
 21
-6.472
 31
0.0
100
AcDbText
  0
TEXT
  5
521
330
4C4
100
AcDbEntity
 67
1
  8
A-ANNO-SCHD
100
AcDbText
 10
7.58
 20
-6.472
 30
0.0
 40
0.10400000000000001
  1
L3-WALL-REAR
 11
7.58
 21
-6.472
 31
0.0
100
AcDbText
  0
TEXT
  5
522
330
4C4
100
AcDbEntity
 67
1
  8
A-ANNO-SCHD
100
AcDbText
 10
11.18
 20
-6.472
 30
0.0
 40
0.10400000000000001
  1
EXT
 11
11.18
 21
-6.472
 31
0.0
100
AcDbText
  0
LINE
  5
523
330
4C4
100
AcDbEntity
 67
1
  8
A-ANNO-SCHD
100
AcDbLine
 10
0.0
 20
-6.6000000000000005
 30
0.0
 11
12.5
 21
-6.6000000000000005
 31
0.0
  0
TEXT
  5
524
330
4C4
100
AcDbEntity
 67
1
  8
A-ANNO-SCHD
100
AcDbText
 10
0.08
 20
-6.872000000000001
 30
0.0
 40
0.10400000000000001
  1
W4
 11
0.08
 21
-6.872000000000001
 31
0.0
100
AcDbText
  0
TEXT
  5
525
330
4C4
100
AcDbEntity
 67
1
  8
A-ANNO-SCHD
100
AcDbText
 10
1.3800000000000001
 20
-6.872000000000001
 30
0.0
 40
0.10400000000000001
  1
1.08
 11
1.3800000000000001
 21
-6.872000000000001
 31
0.0
100
AcDbText
  0
TEXT
  5
526
330
4C4
100
AcDbEntity
 67
1
  8
A-ANNO-SCHD
100
AcDbText
 10
2.88
 20
-6.872000000000001
 30
0.0
 40
0.10400000000000001
  1
1.20
 11
2.88
 21
-6.872000000000001
 31
0.0
100
AcDbText
  0
TEXT
  5
527
330
4C4
100
AcDbEntity
 67
1
  8
A-ANNO-SCHD
100
AcDbText
 10
4.38
 20
-6.872000000000001
 30
0.0
 40
0.10400000000000001
  1
0.90
 11
4.38
 21
-6.872000000000001
 31
0.0
100
AcDbText
  0
TEXT
  5
528
330
4C4
100
AcDbEntity
 67
1
  8
A-ANNO-SCHD
100
AcDbText
 10
5.98
 20
-6.872000000000001
 30
0.0
 40
0.10400000000000001
  1
2.10
 11
5.98
 21
-6.872000000000001
 31
0.0
100
AcDbText
  0
TEXT
  5
529
330
4C4
100
AcDbEntity
 67
1
  8
A-ANNO-SCHD
100
AcDbText
 10
7.58
 20
-6.872000000000001
 30
0.0
 40
0.10400000000000001
  1
L3-WALL-REAR
 11
7.58
 21
-6.872000000000001
 31
0.0
100
AcDbText
  0
TEXT
  5
52A
330
4C4
100
AcDbEntity
 67
1
  8
A-ANNO-SCHD
100
AcDbText
 10
11.18
 20
-6.872000000000001
 30
0.0
 40
0.10400000000000001
  1
EXT
 11
11.18
 21
-6.872000000000001
 31
0.0
100
AcDbText
  0
LINE
  5
52B
330
4C4
100
AcDbEntity
 67
1
  8
A-ANNO-SCHD
100
AcDbLine
 10
0.0
 20
-7.0
 30
0.0
 11
12.5
 21
-7.0
 31
0.0
  0
TEXT
  5
52C
330
4C4
100
AcDbEntity
 67
1
  8
A-ANNO-SCHD
100
AcDbText
 10
0.08
 20
-7.272
 30
0.0
 40
0.10400000000000001
  1
W4
 11
0.08
 21
-7.272
 31
0.0
100
AcDbText
  0
TEXT
  5
52D
330
4C4
100
AcDbEntity
 67
1
  8
A-ANNO-SCHD
100
AcDbText
 10
1.3800000000000001
 20
-7.272
 30
0.0
 40
0.10400000000000001
  1
1.08
 11
1.3800000000000001
 21
-7.272
 31
0.0
100
AcDbText
  0
TEXT
  5
52E
330
4C4
100
AcDbEntity
 67
1
  8
A-ANNO-SCHD
100
AcDbText
 10
2.88
 20
-7.272
 30
0.0
 40
0.10400000000000001
  1
1.20
 11
2.88
 21
-7.272
 31
0.0
100
AcDbText
  0
TEXT
  5
52F
330
4C4
100
AcDbEntity
 67
1
  8
A-ANNO-SCHD
100
AcDbText
 10
4.38
 20
-7.272
 30
0.0
 40
0.10400000000000001
  1
0.90
 11
4.38
 21
-7.272
 31
0.0
100
AcDbText
  0
TEXT
  5
530
330
4C4
100
AcDbEntity
 67
1
  8
A-ANNO-SCHD
100
AcDbText
 10
5.98
 20
-7.272
 30
0.0
 40
0.10400000000000001
  1
2.10
 11
5.98
 21
-7.272
 31
0.0
100
AcDbText
  0
TEXT
  5
531
330
4C4
100
AcDbEntity
 67
1
  8
A-ANNO-SCHD
100
AcDbText
 10
7.58
 20
-7.272
 30
0.0
 40
0.10400000000000001
  1
L3-WALL-REAR
 11
7.58
 21
-7.272
 31
0.0
100
AcDbText
  0
TEXT
  5
532
330
4C4
100
AcDbEntity
 67
1
  8
A-ANNO-SCHD
100
AcDbText
 10
11.18
 20
-7.272
 30
0.0
 40
0.10400000000000001
  1
EXT
 11
11.18
 21
-7.272
 31
0.0
100
AcDbText
  0
LINE
  5
533
330
4C4
100
AcDbEntity
 67
1
  8
A-ANNO-SCHD
100
AcDbLine
 10
0.0
 20
-7.4
 30
0.0
 11
12.5
 21
-7.4
 31
0.0
  0
TEXT
  5
534
330
4C4
100
AcDbEntity
 67
1
  8
A-ANNO-SCHD
100
AcDbText
 10
0.08
 20
-7.672000000000001
 30
0.0
 40
0.10400000000000001
  1
W5
 11
0.08
 21
-7.672000000000001
 31
0.0
100
AcDbText
  0
TEXT
  5
535
330
4C4
100
AcDbEntity
 67
1
  8
A-ANNO-SCHD
100
AcDbText
 10
1.3800000000000001
 20
-7.672000000000001
 30
0.0
 40
0.10400000000000001
  1
0.32
 11
1.3800000000000001
 21
-7.672000000000001
 31
0.0
100
AcDbText
  0
TEXT
  5
536
330
4C4
100
AcDbEntity
 67
1
  8
A-ANNO-SCHD
100
AcDbText
 10
2.88
 20
-7.672000000000001
 30
0.0
 40
0.10400000000000001
  1
1.20
 11
2.88
 21
-7.672000000000001
 31
0.0
100
AcDbText
  0
TEXT
  5
537
330
4C4
100
AcDbEntity
 67
1
  8
A-ANNO-SCHD
100
AcDbText
 10
4.38
 20
-7.672000000000001
 30
0.0
 40
0.10400000000000001
  1
0.90
 11
4.38
 21
-7.672000000000001
 31
0.0
100
AcDbText
  0
TEXT
  5
538
330
4C4
100
AcDbEntity
 67
1
  8
A-ANNO-SCHD
100
AcDbText
 10
5.98
 20
-7.672000000000001
 30
0.0
 40
0.10400000000000001
  1
2.10
 11
5.98
 21
-7.672000000000001
 31
0.0
100
AcDbText
  0
TEXT
  5
539
330
4C4
100
AcDbEntity
 67
1
  8
A-ANNO-SCHD
100
AcDbText
 10
7.58
 20
-7.672000000000001
 30
0.0
 40
0.10400000000000001
  1
L3-WALL-REAR
 11
7.58
 21
-7.672000000000001
 31
0.0
100
AcDbText
  0
TEXT
  5
53A
330
4C4
100
AcDbEntity
 67
1
  8
A-ANNO-SCHD
100
AcDbText
 10
11.18
 20
-7.672000000000001
 30
0.0
 40
0.10400000000000001
  1
EXT
 11
11.18
 21
-7.672000000000001
 31
0.0
100
AcDbText
  0
LINE
  5
53B
330
4C4
100
AcDbEntity
 67
1
  8
A-ANNO-SCHD
100
AcDbLine
 10
0.0
 20
-7.800000000000001
 30
0.0
 11
12.5
 21
-7.800000000000001
 31
0.0
  0
TEXT
  5
53C
330
4C4
100
AcDbEntity
 67
1
  8
A-ANNO-SCHD
100
AcDbText
 10
0.08
 20
-8.072000000000001
 30
0.0
 40
0.10400000000000001
  1
W5
 11
0.08
 21
-8.072000000000001
 31
0.0
100
AcDbText
  0
TEXT
  5
53D
330
4C4
100
AcDbEntity
 67
1
  8
A-ANNO-SCHD
100
AcDbText
 10
1.3800000000000001
 20
-8.072000000000001
 30
0.0
 40
0.10400000000000001
  1
0.32
 11
1.3800000000000001
 21
-8.072000000000001
 31
0.0
100
AcDbText
  0
TEXT
  5
53E
330
4C4
100
AcDbEntity
 67
1
  8
A-ANNO-SCHD
100
AcDbText
 10
2.88
 20
-8.072000000000001
 30
0.0
 40
0.10400000000000001
  1
1.20
 11
2.88
 21
-8.072000000000001
 31
0.0
100
AcDbText
  0
TEXT
  5
53F
330
4C4
100
AcDbEntity
 67
1
  8
A-ANNO-SCHD
100
AcDbText
 10
4.38
 20
-8.072000000000001
 30
0.0
 40
0.10400000000000001
  1
0.90
 11
4.38
 21
-8.072000000000001
 31
0.0
100
AcDbText
  0
TEXT
  5
540
330
4C4
100
AcDbEntity
 67
1
  8
A-ANNO-SCHD
100
AcDbText
 10
5.98
 20
-8.072000000000001
 30
0.0
 40
0.10400000000000001
  1
2.10
 11
5.98
 21
-8.072000000000001
 31
0.0
100
AcDbText
  0
TEXT
  5
541
330
4C4
100
AcDbEntity
 67
1
  8
A-ANNO-SCHD
100
AcDbText
 10
7.58
 20
-8.072000000000001
 30
0.0
 40
0.10400000000000001
  1
L3-WALL-REAR
 11
7.58
 21
-8.072000000000001
 31
0.0
100
AcDbText
  0
TEXT
  5
542
330
4C4
100
AcDbEntity
 67
1
  8
A-ANNO-SCHD
100
AcDbText
 10
11.18
 20
-8.072000000000001
 30
0.0
 40
0.10400000000000001
  1
EXT
 11
11.18
 21
-8.072000000000001
 31
0.0
100
AcDbText
  0
LINE
  5
543
330
4C4
100
AcDbEntity
 67
1
  8
A-ANNO-SCHD
100
AcDbLine
 10
1.3
 20
-4.2
 30
0.0
 11
1.3
 21
-8.200000000000001
 31
0.0
  0
LINE
  5
544
330
4C4
100
AcDbEntity
 67
1
  8
A-ANNO-SCHD
100
AcDbLine
 10
2.8
 20
-4.2
 30
0.0
 11
2.8
 21
-8.200000000000001
 31
0.0
  0
LINE
  5
545
330
4C4
100
AcDbEntity
 67
1
  8
A-ANNO-SCHD
100
AcDbLine
 10
4.3
 20
-4.2
 30
0.0
 11
4.3
 21
-8.200000000000001
 31
0.0
  0
LINE
  5
546
330
4C4
100
AcDbEntity
 67
1
  8
A-ANNO-SCHD
100
AcDbLine
 10
5.9
 20
-4.2
 30
0.0
 11
5.9
 21
-8.200000000000001
 31
0.0
  0
LINE
  5
547
330
4C4
100
AcDbEntity
 67
1
  8
A-ANNO-SCHD
100
AcDbLine
 10
7.5
 20
-4.2
 30
0.0
 11
7.5
 21
-8.200000000000001
 31
0.0
  0
LINE
  5
548
330
4C4
100
AcDbEntity
 67
1
  8
A-ANNO-SCHD
100
AcDbLine
 10
11.1
 20
-4.2
 30
0.0
 11
11.1
 21
-8.200000000000001
 31
0.0
  0
POINT
  5
549
330
4C4
100
AcDbEntity
 67
1
  8
Z-DATA-NOPLOT
100
AcDbPoint
 10
0.0
 20
0.0
 30
0.0
  0
MTEXT
  5
54A
330
4C4
100
AcDbEntity
 67
1
  8
A-ANNO-NOTE
100
AcDbMText
 10
0.0
 20
-8.700000000000001
 30
0.0
 40
0.14
 41
12.5
 71
1
  3
Schedule derived directly from Building.openings for 3. Normal Kat (level index 3) -- one row per opening, keyed by its own Opening.mark (matches the mark label drawn on the corresponding plan.py floor-plan sheet for this level).\PWidths/heights/sill
  3
 heights are read directly from the source Building model, not re-typed -- see cadgen.schedule.verify_schedule_fidelity() for the mandatory re-derivation check against a freshly re-read copy of this file.\PSill/head heights are measured above this le
  1
vel's own finished floor (host wall base_elevation), per model.py's documented convention -- not above the red grade datum directly.\POne row per physical opening, NOT grouped by matching door/window type -- see module docstring.
  0
MTEXT
  5
54B
330
4C4
100
AcDbEntity
 67
1
  8
A-ANNO-NOTE
100
AcDbMText
 10
0.0
 20
-10.600000000000001
 30
0.0
 40
0.14
 41
12.5
 71
1
  3
SCHEMATIC DRAWING -- NOT FOR PERMIT OR CONSTRUCTION. Requires review, revision and stamp by a licensed architect before permitting or construction. Not a substitute for a structural/MEP engineer's calculations. No governmental review or approval impl
  1
ied or granted by this drawing.
  0
LWPOLYLINE
  5
54C
330
4C4
100
AcDbEntity
 67
1
  8
A-ANNO-TTLB
100
AcDbPolyline
 90
4
 70
1
 10
0.0
 20
-16.700000000000003
 10
9.0
 20
-16.700000000000003
 10
9.0
 20
-11.300000000000002
 10
0.0
 20
-11.300000000000002
  0
TEXT
  5
54D
330
4C4
100
AcDbEntity
 67
1
  8
A-ANNO-TTLB
100
AcDbText
 10
0.12
 20
-11.759000000000004
 30
0.0
 40
0.21600000000000003
  1
PROJECT: Parcel 377/1 -- Ereğli Mah., Karamursel, Kocaeli (maximized footprint, reverse + roof duplex)
 11
0.12
 21
-11.759000000000004
 31
0.0
100
AcDbText
  0
LINE
  5
54E
330
4C4
100
AcDbEntity
 67
1
  8
A-ANNO-TTLB
100
AcDbLine
 10
0.0
 20
-11.975000000000003
 30
0.0
 11
9.0
 21
-11.975000000000003
 31
0.0
  0
TEXT
  5
54F
330
4C4
100
AcDbEntity
 67
1
  8
A-ANNO-TTLB
100
AcDbText
 10
0.12
 20
-12.434000000000005
 30
0.0
 40
0.21600000000000003
  1
PARCEL: Ada 377 / Parsel 1, Tapu Kutugu Eregli, Pafta G23D04D3D
 11
0.12
 21
-12.434000000000005
 31
0.0
100
AcDbText
  0
LINE
  5
550
330
4C4
100
AcDbEntity
 67
1
  8
A-ANNO-TTLB
100
AcDbLine
 10
0.0
 20
-12.650000000000002
 30
0.0
 11
9.0
 21
-12.650000000000002
 31
0.0
  0
TEXT
  5
551
330
4C4
100
AcDbEntity
 67
1
  8
A-ANNO-TTLB
100
AcDbText
 10
0.12
 20
-13.109000000000004
 30
0.0
 40
0.21600000000000003
  1
DATE: 2026-08-21
 11
0.12
 21
-13.109000000000004
 31
0.0
100
AcDbText
  0
LINE
  5
552
330
4C4
100
AcDbEntity
 67
1
  8
A-ANNO-TTLB
100
AcDbLine
 10
0.0
 20
-13.325000000000003
 30
0.0
 11
9.0
 21
-13.325000000000003
 31
0.0
  0
TEXT
  5
553
330
4C4
100
AcDbEntity
 67
1
  8
A-ANNO-TTLB
100
AcDbText
 10
0.12
 20
-13.784000000000004
 30
0.0
 40
0.21600000000000003
  1
SCALE: N/A (schedule table)
 11
0.12
 21
-13.784000000000004
 31
0.0
100
AcDbText
  0
LINE
  5
554
330
4C4
100
AcDbEntity
 67
1
  8
A-ANNO-TTLB
100
AcDbLine
 10
0.0
 20
-14.000000000000004
 30
0.0
 11
9.0
 21
-14.000000000000004
 31
0.0
  0
TEXT
  5
555
330
4C4
100
AcDbEntity
 67
1
  8
A-ANNO-TTLB
100
AcDbText
 10
0.12
 20
-14.459000000000005
 30
0.0
 40
0.21600000000000003
  1
SHEET: A-205 -- 3. Normal Kat Plani (Cati Dubleks Giris Kati) -- Door/Window Schedule
 11
0.12
 21
-14.459000000000005
 31
0.0
100
AcDbText
  0
LINE
  5
556
330
4C4
100
AcDbEntity
 67
1
  8
A-ANNO-TTLB
100
AcDbLine
 10
0.0
 20
-14.675000000000002
 30
0.0
 11
9.0
 21
-14.675000000000002
 31
0.0
  0
TEXT
  5
557
330
4C4
100
AcDbEntity
 67
1
  8
A-ANNO-TTLB
100
AcDbText
 10
0.12
 20
-15.134000000000004
 30
0.0
 40
0.21600000000000003
  1
PREPARED BY: Sirketim -- Architecture department (schematic, AI-assisted)
 11
0.12
 21
-15.134000000000004
 31
0.0
100
AcDbText
  0
LINE
  5
558
330
4C4
100
AcDbEntity
 67
1
  8
A-ANNO-TTLB
100
AcDbLine
 10
0.0
 20
-15.350000000000003
 30
0.0
 11
9.0
 21
-15.350000000000003
 31
0.0
  0
MTEXT
  5
559
330
4C4
100
AcDbEntity
 67
1
  8
A-ANNO-TTLB
100
AcDbMText
 10
0.12
 20
-15.450000000000003
 30
0.0
 40
0.162
 41
8.76
 71
1
  3
SCHEMATIC DRAWING -- NOT FOR PERMIT OR CONSTRUCTION. Requires review, revision and stamp by a licensed architect before permitting or construction. Not a substitute for a structural/MEP engineer's calculations. No governmental review or approval impl
  1
ied or granted by this drawing.
  0
ENDBLK
  5
4C6
330
4C4
100
AcDbEntity
  8
0
100
AcDbBlockEnd
  0
BLOCK
  5
55B
330
55A
100
AcDbEntity
  8
0
100
AcDbBlockBegin
  2
*Paper_Space12
 70
0
 10
0.0
 20
0.0
 30
0.0
  3
*Paper_Space12
  1

  0
TEXT
  5
55E
330
55A
100
AcDbEntity
 67
1
  8
A-ANNO-NOTE
100
AcDbText
 10
0.0
 20
0.0
 30
0.0
 40
0.3
  1
Parcel 377-1 -- Maximized Footprint, Reverse + Roof Duplex (schematic) -- Cati Piyesi -- DOOR & WINDOW SCHEDULE (schematic)
 11
0.0
 21
0.0
 31
0.0
100
AcDbText
  0
LWPOLYLINE
  5
55F
330
55A
100
AcDbEntity
 67
1
  8
A-ANNO-SCHD
100
AcDbPolyline
 90
4
 70
1
 10
0.0
 20
-1.0
 10
12.5
 20
-1.0
 10
12.5
 20
-2.6
 10
0.0
 20
-2.6
  0
LINE
  5
560
330
55A
100
AcDbEntity
 67
1
  8
A-ANNO-SCHD
100
AcDbLine
 10
0.0
 20
-1.4
 30
0.0
 11
12.5
 21
-1.4
 31
0.0
  0
TEXT
  5
561
330
55A
100
AcDbEntity
 67
1
  8
A-ANNO-SCHD
100
AcDbText
 10
0.1
 20
-1.2799999999999998
 30
0.0
 40
0.16000000000000003
  1
DOOR SCHEDULE
 11
0.1
 21
-1.2799999999999998
 31
0.0
100
AcDbText
  0
LINE
  5
562
330
55A
100
AcDbEntity
 67
1
  8
A-ANNO-SCHD
100
AcDbLine
 10
0.0
 20
-1.7999999999999998
 30
0.0
 11
12.5
 21
-1.7999999999999998
 31
0.0
  0
TEXT
  5
563
330
55A
100
AcDbEntity
 67
1
  8
A-ANNO-SCHD
100
AcDbText
 10
0.08
 20
-1.6719999999999997
 30
0.0
 40
0.10400000000000001
  1
MARK
 11
0.08
 21
-1.6719999999999997
 31
0.0
100
AcDbText
  0
TEXT
  5
564
330
55A
100
AcDbEntity
 67
1
  8
A-ANNO-SCHD
100
AcDbText
 10
1.3800000000000001
 20
-1.6719999999999997
 30
0.0
 40
0.10400000000000001
  1
WIDTH (m)
 11
1.3800000000000001
 21
-1.6719999999999997
 31
0.0
100
AcDbText
  0
TEXT
  5
565
330
55A
100
AcDbEntity
 67
1
  8
A-ANNO-SCHD
100
AcDbText
 10
2.88
 20
-1.6719999999999997
 30
0.0
 40
0.10400000000000001
  1
HEIGHT (m)
 11
2.88
 21
-1.6719999999999997
 31
0.0
100
AcDbText
  0
TEXT
  5
566
330
55A
100
AcDbEntity
 67
1
  8
A-ANNO-SCHD
100
AcDbText
 10
4.38
 20
-1.6719999999999997
 30
0.0
 40
0.10400000000000001
  1
SILL HT (m)
 11
4.38
 21
-1.6719999999999997
 31
0.0
100
AcDbText
  0
TEXT
  5
567
330
55A
100
AcDbEntity
 67
1
  8
A-ANNO-SCHD
100
AcDbText
 10
5.98
 20
-1.6719999999999997
 30
0.0
 40
0.10400000000000001
  1
HEAD HT (m)
 11
5.98
 21
-1.6719999999999997
 31
0.0
100
AcDbText
  0
TEXT
  5
568
330
55A
100
AcDbEntity
 67
1
  8
A-ANNO-SCHD
100
AcDbText
 10
7.58
 20
-1.6719999999999997
 30
0.0
 40
0.10400000000000001
  1
HOST WALL
 11
7.58
 21
-1.6719999999999997
 31
0.0
100
AcDbText
  0
TEXT
  5
569
330
55A
100
AcDbEntity
 67
1
  8
A-ANNO-SCHD
100
AcDbText
 10
11.18
 20
-1.6719999999999997
 30
0.0
 40
0.10400000000000001
  1
EXT/INT
 11
11.18
 21
-1.6719999999999997
 31
0.0
100
AcDbText
  0
TEXT
  5
56A
330
55A
100
AcDbEntity
 67
1
  8
A-ANNO-SCHD
100
AcDbText
 10
0.08
 20
-2.0719999999999996
 30
0.0
 40
0.10400000000000001
  1
D1S
 11
0.08
 21
-2.0719999999999996
 31
0.0
100
AcDbText
  0
TEXT
  5
56B
330
55A
100
AcDbEntity
 67
1
  8
A-ANNO-SCHD
100
AcDbText
 10
1.3800000000000001
 20
-2.0719999999999996
 30
0.0
 40
0.10400000000000001
  1
0.90
 11
1.3800000000000001
 21
-2.0719999999999996
 31
0.0
100
AcDbText
  0
TEXT
  5
56C
330
55A
100
AcDbEntity
 67
1
  8
A-ANNO-SCHD
100
AcDbText
 10
2.88
 20
-2.0719999999999996
 30
0.0
 40
0.10400000000000001
  1
2.10
 11
2.88
 21
-2.0719999999999996
 31
0.0
100
AcDbText
  0
TEXT
  5
56D
330
55A
100
AcDbEntity
 67
1
  8
A-ANNO-SCHD
100
AcDbText
 10
4.38
 20
-2.0719999999999996
 30
0.0
 40
0.10400000000000001
  1
0.00
 11
4.38
 21
-2.0719999999999996
 31
0.0
100
AcDbText
  0
TEXT
  5
56E
330
55A
100
AcDbEntity
 67
1
  8
A-ANNO-SCHD
100
AcDbText
 10
5.98
 20
-2.0719999999999996
 30
0.0
 40
0.10400000000000001
  1
2.10
 11
5.98
 21
-2.0719999999999996
 31
0.0
100
AcDbText
  0
TEXT
  5
56F
330
55A
100
AcDbEntity
 67
1
  8
A-ANNO-SCHD
100
AcDbText
 10
7.58
 20
-2.0719999999999996
 30
0.0
 40
0.10400000000000001
  1
L4-WALL-STAIR-0-REAR
 11
7.58
 21
-2.0719999999999996
 31
0.0
100
AcDbText
  0
TEXT
  5
570
330
55A
100
AcDbEntity
 67
1
  8
A-ANNO-SCHD
100
AcDbText
 10
11.18
 20
-2.0719999999999996
 30
0.0
 40
0.10400000000000001
  1
INT
 11
11.18
 21
-2.0719999999999996
 31
0.0
100
AcDbText
  0
LINE
  5
571
330
55A
100
AcDbEntity
 67
1
  8
A-ANNO-SCHD
100
AcDbLine
 10
0.0
 20
-2.1999999999999997
 30
0.0
 11
12.5
 21
-2.1999999999999997
 31
0.0
  0
TEXT
  5
572
330
55A
100
AcDbEntity
 67
1
  8
A-ANNO-SCHD
100
AcDbText
 10
0.08
 20
-2.4719999999999995
 30
0.0
 40
0.10400000000000001
  1
D2S
 11
0.08
 21
-2.4719999999999995
 31
0.0
100
AcDbText
  0
TEXT
  5
573
330
55A
100
AcDbEntity
 67
1
  8
A-ANNO-SCHD
100
AcDbText
 10
1.3800000000000001
 20
-2.4719999999999995
 30
0.0
 40
0.10400000000000001
  1
0.90
 11
1.3800000000000001
 21
-2.4719999999999995
 31
0.0
100
AcDbText
  0
TEXT
  5
574
330
55A
100
AcDbEntity
 67
1
  8
A-ANNO-SCHD
100
AcDbText
 10
2.88
 20
-2.4719999999999995
 30
0.0
 40
0.10400000000000001
  1
2.10
 11
2.88
 21
-2.4719999999999995
 31
0.0
100
AcDbText
  0
TEXT
  5
575
330
55A
100
AcDbEntity
 67
1
  8
A-ANNO-SCHD
100
AcDbText
 10
4.38
 20
-2.4719999999999995
 30
0.0
 40
0.10400000000000001
  1
0.00
 11
4.38
 21
-2.4719999999999995
 31
0.0
100
AcDbText
  0
TEXT
  5
576
330
55A
100
AcDbEntity
 67
1
  8
A-ANNO-SCHD
100
AcDbText
 10
5.98
 20
-2.4719999999999995
 30
0.0
 40
0.10400000000000001
  1
2.10
 11
5.98
 21
-2.4719999999999995
 31
0.0
100
AcDbText
  0
TEXT
  5
577
330
55A
100
AcDbEntity
 67
1
  8
A-ANNO-SCHD
100
AcDbText
 10
7.58
 20
-2.4719999999999995
 30
0.0
 40
0.10400000000000001
  1
L4-WALL-STAIR-1-REAR
 11
7.58
 21
-2.4719999999999995
 31
0.0
100
AcDbText
  0
TEXT
  5
578
330
55A
100
AcDbEntity
 67
1
  8
A-ANNO-SCHD
100
AcDbText
 10
11.18
 20
-2.4719999999999995
 30
0.0
 40
0.10400000000000001
  1
INT
 11
11.18
 21
-2.4719999999999995
 31
0.0
100
AcDbText
  0
LINE
  5
579
330
55A
100
AcDbEntity
 67
1
  8
A-ANNO-SCHD
100
AcDbLine
 10
1.3
 20
-1.7999999999999998
 30
0.0
 11
1.3
 21
-2.6
 31
0.0
  0
LINE
  5
57A
330
55A
100
AcDbEntity
 67
1
  8
A-ANNO-SCHD
100
AcDbLine
 10
2.8
 20
-1.7999999999999998
 30
0.0
 11
2.8
 21
-2.6
 31
0.0
  0
LINE
  5
57B
330
55A
100
AcDbEntity
 67
1
  8
A-ANNO-SCHD
100
AcDbLine
 10
4.3
 20
-1.7999999999999998
 30
0.0
 11
4.3
 21
-2.6
 31
0.0
  0
LINE
  5
57C
330
55A
100
AcDbEntity
 67
1
  8
A-ANNO-SCHD
100
AcDbLine
 10
5.9
 20
-1.7999999999999998
 30
0.0
 11
5.9
 21
-2.6
 31
0.0
  0
LINE
  5
57D
330
55A
100
AcDbEntity
 67
1
  8
A-ANNO-SCHD
100
AcDbLine
 10
7.5
 20
-1.7999999999999998
 30
0.0
 11
7.5
 21
-2.6
 31
0.0
  0
LINE
  5
57E
330
55A
100
AcDbEntity
 67
1
  8
A-ANNO-SCHD
100
AcDbLine
 10
11.1
 20
-1.7999999999999998
 30
0.0
 11
11.1
 21
-2.6
 31
0.0
  0
LWPOLYLINE
  5
57F
330
55A
100
AcDbEntity
 67
1
  8
A-ANNO-SCHD
100
AcDbPolyline
 90
4
 70
1
 10
0.0
 20
-3.4000000000000004
 10
12.5
 20
-3.4000000000000004
 10
12.5
 20
-5.4
 10
0.0
 20
-5.4
  0
LINE
  5
580
330
55A
100
AcDbEntity
 67
1
  8
A-ANNO-SCHD
100
AcDbLine
 10
0.0
 20
-3.8000000000000003
 30
0.0
 11
12.5
 21
-3.8000000000000003
 31
0.0
  0
TEXT
  5
581
330
55A
100
AcDbEntity
 67
1
  8
A-ANNO-SCHD
100
AcDbText
 10
0.1
 20
-3.68
 30
0.0
 40
0.16000000000000003
  1
WINDOW SCHEDULE
 11
0.1
 21
-3.68
 31
0.0
100
AcDbText
  0
LINE
  5
582
330
55A
100
AcDbEntity
 67
1
  8
A-ANNO-SCHD
100
AcDbLine
 10
0.0
 20
-4.2
 30
0.0
 11
12.5
 21
-4.2
 31
0.0
  0
TEXT
  5
583
330
55A
100
AcDbEntity
 67
1
  8
A-ANNO-SCHD
100
AcDbText
 10
0.08
 20
-4.072
 30
0.0
 40
0.10400000000000001
  1
MARK
 11
0.08
 21
-4.072
 31
0.0
100
AcDbText
  0
TEXT
  5
584
330
55A
100
AcDbEntity
 67
1
  8
A-ANNO-SCHD
100
AcDbText
 10
1.3800000000000001
 20
-4.072
 30
0.0
 40
0.10400000000000001
  1
WIDTH (m)
 11
1.3800000000000001
 21
-4.072
 31
0.0
100
AcDbText
  0
TEXT
  5
585
330
55A
100
AcDbEntity
 67
1
  8
A-ANNO-SCHD
100
AcDbText
 10
2.88
 20
-4.072
 30
0.0
 40
0.10400000000000001
  1
HEIGHT (m)
 11
2.88
 21
-4.072
 31
0.0
100
AcDbText
  0
TEXT
  5
586
330
55A
100
AcDbEntity
 67
1
  8
A-ANNO-SCHD
100
AcDbText
 10
4.38
 20
-4.072
 30
0.0
 40
0.10400000000000001
  1
SILL HT (m)
 11
4.38
 21
-4.072
 31
0.0
100
AcDbText
  0
TEXT
  5
587
330
55A
100
AcDbEntity
 67
1
  8
A-ANNO-SCHD
100
AcDbText
 10
5.98
 20
-4.072
 30
0.0
 40
0.10400000000000001
  1
HEAD HT (m)
 11
5.98
 21
-4.072
 31
0.0
100
AcDbText
  0
TEXT
  5
588
330
55A
100
AcDbEntity
 67
1
  8
A-ANNO-SCHD
100
AcDbText
 10
7.58
 20
-4.072
 30
0.0
 40
0.10400000000000001
  1
HOST WALL
 11
7.58
 21
-4.072
 31
0.0
100
AcDbText
  0
TEXT
  5
589
330
55A
100
AcDbEntity
 67
1
  8
A-ANNO-SCHD
100
AcDbText
 10
11.18
 20
-4.072
 30
0.0
 40
0.10400000000000001
  1
EXT/INT
 11
11.18
 21
-4.072
 31
0.0
100
AcDbText
  0
TEXT
  5
58A
330
55A
100
AcDbEntity
 67
1
  8
A-ANNO-SCHD
100
AcDbText
 10
0.08
 20
-4.472
 30
0.0
 40
0.10400000000000001
  1
W1
 11
0.08
 21
-4.472
 31
0.0
100
AcDbText
  0
TEXT
  5
58B
330
55A
100
AcDbEntity
 67
1
  8
A-ANNO-SCHD
100
AcDbText
 10
1.3800000000000001
 20
-4.472
 30
0.0
 40
0.10400000000000001
  1
1.20
 11
1.3800000000000001
 21
-4.472
 31
0.0
100
AcDbText
  0
TEXT
  5
58C
330
55A
100
AcDbEntity
 67
1
  8
A-ANNO-SCHD
100
AcDbText
 10
2.88
 20
-4.472
 30
0.0
 40
0.10400000000000001
  1
1.20
 11
2.88
 21
-4.472
 31
0.0
100
AcDbText
  0
TEXT
  5
58D
330
55A
100
AcDbEntity
 67
1
  8
A-ANNO-SCHD
100
AcDbText
 10
4.38
 20
-4.472
 30
0.0
 40
0.10400000000000001
  1
0.90
 11
4.38
 21
-4.472
 31
0.0
100
AcDbText
  0
TEXT
  5
58E
330
55A
100
AcDbEntity
 67
1
  8
A-ANNO-SCHD
100
AcDbText
 10
5.98
 20
-4.472
 30
0.0
 40
0.10400000000000001
  1
2.10
 11
5.98
 21
-4.472
 31
0.0
100
AcDbText
  0
TEXT
  5
58F
330
55A
100
AcDbEntity
 67
1
  8
A-ANNO-SCHD
100
AcDbText
 10
7.58
 20
-4.472
 30
0.0
 40
0.10400000000000001
  1
L4-WALL-REAR
 11
7.58
 21
-4.472
 31
0.0
100
AcDbText
  0
TEXT
  5
590
330
55A
100
AcDbEntity
 67
1
  8
A-ANNO-SCHD
100
AcDbText
 10
11.18
 20
-4.472
 30
0.0
 40
0.10400000000000001
  1
EXT
 11
11.18
 21
-4.472
 31
0.0
100
AcDbText
  0
LINE
  5
591
330
55A
100
AcDbEntity
 67
1
  8
A-ANNO-SCHD
100
AcDbLine
 10
0.0
 20
-4.6000000000000005
 30
0.0
 11
12.5
 21
-4.6000000000000005
 31
0.0
  0
TEXT
  5
592
330
55A
100
AcDbEntity
 67
1
  8
A-ANNO-SCHD
100
AcDbText
 10
0.08
 20
-4.872000000000001
 30
0.0
 40
0.10400000000000001
  1
W1
 11
0.08
 21
-4.872000000000001
 31
0.0
100
AcDbText
  0
TEXT
  5
593
330
55A
100
AcDbEntity
 67
1
  8
A-ANNO-SCHD
100
AcDbText
 10
1.3800000000000001
 20
-4.872000000000001
 30
0.0
 40
0.10400000000000001
  1
1.20
 11
1.3800000000000001
 21
-4.872000000000001
 31
0.0
100
AcDbText
  0
TEXT
  5
594
330
55A
100
AcDbEntity
 67
1
  8
A-ANNO-SCHD
100
AcDbText
 10
2.88
 20
-4.872000000000001
 30
0.0
 40
0.10400000000000001
  1
1.20
 11
2.88
 21
-4.872000000000001
 31
0.0
100
AcDbText
  0
TEXT
  5
595
330
55A
100
AcDbEntity
 67
1
  8
A-ANNO-SCHD
100
AcDbText
 10
4.38
 20
-4.872000000000001
 30
0.0
 40
0.10400000000000001
  1
0.90
 11
4.38
 21
-4.872000000000001
 31
0.0
100
AcDbText
  0
TEXT
  5
596
330
55A
100
AcDbEntity
 67
1
  8
A-ANNO-SCHD
100
AcDbText
 10
5.98
 20
-4.872000000000001
 30
0.0
 40
0.10400000000000001
  1
2.10
 11
5.98
 21
-4.872000000000001
 31
0.0
100
AcDbText
  0
TEXT
  5
597
330
55A
100
AcDbEntity
 67
1
  8
A-ANNO-SCHD
100
AcDbText
 10
7.58
 20
-4.872000000000001
 30
0.0
 40
0.10400000000000001
  1
L4-WALL-REAR
 11
7.58
 21
-4.872000000000001
 31
0.0
100
AcDbText
  0
TEXT
  5
598
330
55A
100
AcDbEntity
 67
1
  8
A-ANNO-SCHD
100
AcDbText
 10
11.18
 20
-4.872000000000001
 30
0.0
 40
0.10400000000000001
  1
EXT
 11
11.18
 21
-4.872000000000001
 31
0.0
100
AcDbText
  0
LINE
  5
599
330
55A
100
AcDbEntity
 67
1
  8
A-ANNO-SCHD
100
AcDbLine
 10
0.0
 20
-5.0
 30
0.0
 11
12.5
 21
-5.0
 31
0.0
  0
TEXT
  5
59A
330
55A
100
AcDbEntity
 67
1
  8
A-ANNO-SCHD
100
AcDbText
 10
0.08
 20
-5.272
 30
0.0
 40
0.10400000000000001
  1
W1
 11
0.08
 21
-5.272
 31
0.0
100
AcDbText
  0
TEXT
  5
59B
330
55A
100
AcDbEntity
 67
1
  8
A-ANNO-SCHD
100
AcDbText
 10
1.3800000000000001
 20
-5.272
 30
0.0
 40
0.10400000000000001
  1
1.20
 11
1.3800000000000001
 21
-5.272
 31
0.0
100
AcDbText
  0
TEXT
  5
59C
330
55A
100
AcDbEntity
 67
1
  8
A-ANNO-SCHD
100
AcDbText
 10
2.88
 20
-5.272
 30
0.0
 40
0.10400000000000001
  1
1.20
 11
2.88
 21
-5.272
 31
0.0
100
AcDbText
  0
TEXT
  5
59D
330
55A
100
AcDbEntity
 67
1
  8
A-ANNO-SCHD
100
AcDbText
 10
4.38
 20
-5.272
 30
0.0
 40
0.10400000000000001
  1
0.90
 11
4.38
 21
-5.272
 31
0.0
100
AcDbText
  0
TEXT
  5
59E
330
55A
100
AcDbEntity
 67
1
  8
A-ANNO-SCHD
100
AcDbText
 10
5.98
 20
-5.272
 30
0.0
 40
0.10400000000000001
  1
2.10
 11
5.98
 21
-5.272
 31
0.0
100
AcDbText
  0
TEXT
  5
59F
330
55A
100
AcDbEntity
 67
1
  8
A-ANNO-SCHD
100
AcDbText
 10
7.58
 20
-5.272
 30
0.0
 40
0.10400000000000001
  1
L4-WALL-REAR
 11
7.58
 21
-5.272
 31
0.0
100
AcDbText
  0
TEXT
  5
5A0
330
55A
100
AcDbEntity
 67
1
  8
A-ANNO-SCHD
100
AcDbText
 10
11.18
 20
-5.272
 30
0.0
 40
0.10400000000000001
  1
EXT
 11
11.18
 21
-5.272
 31
0.0
100
AcDbText
  0
LINE
  5
5A1
330
55A
100
AcDbEntity
 67
1
  8
A-ANNO-SCHD
100
AcDbLine
 10
1.3
 20
-4.2
 30
0.0
 11
1.3
 21
-5.4
 31
0.0
  0
LINE
  5
5A2
330
55A
100
AcDbEntity
 67
1
  8
A-ANNO-SCHD
100
AcDbLine
 10
2.8
 20
-4.2
 30
0.0
 11
2.8
 21
-5.4
 31
0.0
  0
LINE
  5
5A3
330
55A
100
AcDbEntity
 67
1
  8
A-ANNO-SCHD
100
AcDbLine
 10
4.3
 20
-4.2
 30
0.0
 11
4.3
 21
-5.4
 31
0.0
  0
LINE
  5
5A4
330
55A
100
AcDbEntity
 67
1
  8
A-ANNO-SCHD
100
AcDbLine
 10
5.9
 20
-4.2
 30
0.0
 11
5.9
 21
-5.4
 31
0.0
  0
LINE
  5
5A5
330
55A
100
AcDbEntity
 67
1
  8
A-ANNO-SCHD
100
AcDbLine
 10
7.5
 20
-4.2
 30
0.0
 11
7.5
 21
-5.4
 31
0.0
  0
LINE
  5
5A6
330
55A
100
AcDbEntity
 67
1
  8
A-ANNO-SCHD
100
AcDbLine
 10
11.1
 20
-4.2
 30
0.0
 11
11.1
 21
-5.4
 31
0.0
  0
POINT
  5
5A7
330
55A
100
AcDbEntity
 67
1
  8
Z-DATA-NOPLOT
100
AcDbPoint
 10
0.0
 20
0.0
 30
0.0
  0
MTEXT
  5
5A8
330
55A
100
AcDbEntity
 67
1
  8
A-ANNO-NOTE
100
AcDbMText
 10
0.0
 20
-5.9
 30
0.0
 40
0.14
 41
12.5
 71
1
  3
Schedule derived directly from Building.openings for Cati Piyesi (level index 4) -- one row per opening, keyed by its own Opening.mark (matches the mark label drawn on the corresponding plan.py floor-plan sheet for this level).\PWidths/heights/sill h
  3
eights are read directly from the source Building model, not re-typed -- see cadgen.schedule.verify_schedule_fidelity() for the mandatory re-derivation check against a freshly re-read copy of this file.\PSill/head heights are measured above this leve
  1
l's own finished floor (host wall base_elevation), per model.py's documented convention -- not above the red grade datum directly.\POne row per physical opening, NOT grouped by matching door/window type -- see module docstring.
  0
MTEXT
  5
5A9
330
55A
100
AcDbEntity
 67
1
  8
A-ANNO-NOTE
100
AcDbMText
 10
0.0
 20
-7.800000000000001
 30
0.0
 40
0.14
 41
12.5
 71
1
  3
SCHEMATIC DRAWING -- NOT FOR PERMIT OR CONSTRUCTION. Requires review, revision and stamp by a licensed architect before permitting or construction. Not a substitute for a structural/MEP engineer's calculations. No governmental review or approval impl
  1
ied or granted by this drawing.
  0
LWPOLYLINE
  5
5AA
330
55A
100
AcDbEntity
 67
1
  8
A-ANNO-TTLB
100
AcDbPolyline
 90
4
 70
1
 10
0.0
 20
-13.9
 10
9.0
 20
-13.9
 10
9.0
 20
-8.5
 10
0.0
 20
-8.5
  0
TEXT
  5
5AB
330
55A
100
AcDbEntity
 67
1
  8
A-ANNO-TTLB
100
AcDbText
 10
0.12
 20
-8.959000000000001
 30
0.0
 40
0.21600000000000003
  1
PROJECT: Parcel 377/1 -- Ereğli Mah., Karamursel, Kocaeli (maximized footprint, reverse + roof duplex)
 11
0.12
 21
-8.959000000000001
 31
0.0
100
AcDbText
  0
LINE
  5
5AC
330
55A
100
AcDbEntity
 67
1
  8
A-ANNO-TTLB
100
AcDbLine
 10
0.0
 20
-9.175
 30
0.0
 11
9.0
 21
-9.175
 31
0.0
  0
TEXT
  5
5AD
330
55A
100
AcDbEntity
 67
1
  8
A-ANNO-TTLB
100
AcDbText
 10
0.12
 20
-9.634000000000002
 30
0.0
 40
0.21600000000000003
  1
PARCEL: Ada 377 / Parsel 1, Tapu Kutugu Eregli, Pafta G23D04D3D
 11
0.12
 21
-9.634000000000002
 31
0.0
100
AcDbText
  0
LINE
  5
5AE
330
55A
100
AcDbEntity
 67
1
  8
A-ANNO-TTLB
100
AcDbLine
 10
0.0
 20
-9.85
 30
0.0
 11
9.0
 21
-9.85
 31
0.0
  0
TEXT
  5
5AF
330
55A
100
AcDbEntity
 67
1
  8
A-ANNO-TTLB
100
AcDbText
 10
0.12
 20
-10.309000000000001
 30
0.0
 40
0.21600000000000003
  1
DATE: 2026-08-21
 11
0.12
 21
-10.309000000000001
 31
0.0
100
AcDbText
  0
LINE
  5
5B0
330
55A
100
AcDbEntity
 67
1
  8
A-ANNO-TTLB
100
AcDbLine
 10
0.0
 20
-10.525
 30
0.0
 11
9.0
 21
-10.525
 31
0.0
  0
TEXT
  5
5B1
330
55A
100
AcDbEntity
 67
1
  8
A-ANNO-TTLB
100
AcDbText
 10
0.12
 20
-10.984000000000002
 30
0.0
 40
0.21600000000000003
  1
SCALE: N/A (schedule table)
 11
0.12
 21
-10.984000000000002
 31
0.0
100
AcDbText
  0
LINE
  5
5B2
330
55A
100
AcDbEntity
 67
1
  8
A-ANNO-TTLB
100
AcDbLine
 10
0.0
 20
-11.2
 30
0.0
 11
9.0
 21
-11.2
 31
0.0
  0
TEXT
  5
5B3
330
55A
100
AcDbEntity
 67
1
  8
A-ANNO-TTLB
100
AcDbText
 10
0.12
 20
-11.659
 30
0.0
 40
0.21600000000000003
  1
SHEET: A-206 -- Cati Piyesi Plani (Cati Dubleks Ust Kat) -- Door/Window Schedule
 11
0.12
 21
-11.659
 31
0.0
100
AcDbText
  0
LINE
  5
5B4
330
55A
100
AcDbEntity
 67
1
  8
A-ANNO-TTLB
100
AcDbLine
 10
0.0
 20
-11.875
 30
0.0
 11
9.0
 21
-11.875
 31
0.0
  0
TEXT
  5
5B5
330
55A
100
AcDbEntity
 67
1
  8
A-ANNO-TTLB
100
AcDbText
 10
0.12
 20
-12.334000000000001
 30
0.0
 40
0.21600000000000003
  1
PREPARED BY: Sirketim -- Architecture department (schematic, AI-assisted)
 11
0.12
 21
-12.334000000000001
 31
0.0
100
AcDbText
  0
LINE
  5
5B6
330
55A
100
AcDbEntity
 67
1
  8
A-ANNO-TTLB
100
AcDbLine
 10
0.0
 20
-12.55
 30
0.0
 11
9.0
 21
-12.55
 31
0.0
  0
MTEXT
  5
5B7
330
55A
100
AcDbEntity
 67
1
  8
A-ANNO-TTLB
100
AcDbMText
 10
0.12
 20
-12.65
 30
0.0
 40
0.162
 41
8.76
 71
1
  3
SCHEMATIC DRAWING -- NOT FOR PERMIT OR CONSTRUCTION. Requires review, revision and stamp by a licensed architect before permitting or construction. Not a substitute for a structural/MEP engineer's calculations. No governmental review or approval impl
  1
ied or granted by this drawing.
  0
ENDBLK
  5
55C
330
55A
100
AcDbEntity
  8
0
100
AcDbBlockEnd
  0
BLOCK
  5
5B9
330
5B8
100
AcDbEntity
  8
0
100
AcDbBlockBegin
  2
*Paper_Space13
 70
0
 10
0.0
 20
0.0
 30
0.0
  3
*Paper_Space13
  1

  0
LINE
  5
5BC
330
5B8
100
AcDbEntity
 67
1
  8
C-TOPO
100
AcDbLine
 10
2.0
 20
0.0
 30
0.0
 11
34.02
 21
0.0
 31
0.0
  0
TEXT
  5
5BD
330
5B8
100
AcDbEntity
 67
1
  8
C-TOPO
100
AcDbText
 10
2.0
 20
-0.3
 30
0.0
 40
0.14
  1
Kirmizi kot (red grade) datum, 0.00 m absolute -- PLACEHOLDER, see rationale.md
 11
2.0
 21
-0.3
 31
0.0
100
AcDbText
  0
LWPOLYLINE
  5
5BE
330
5B8
100
AcDbEntity
 67
1
  8
A-ELEV-WALL
100
AcDbPolyline
 90
4
 70
1
 10
3.0
 20
-4.6499999999999995
 10
33.02
 20
-4.6499999999999995
 10
33.02
 20
0.15000000000000036
 10
3.0
 20
0.15000000000000036
  0
TEXT
  5
5BF
330
5B8
100
AcDbEntity
 67
1
  8
A-ANNO-NOTE
100
AcDbText
 10
33.32
 20
-4.55
 30
0.0
 40
0.16
  1
Bodrum Kat -- FFE -4.65 m
 11
33.32
 21
-4.55
 31
0.0
100
AcDbText
  0
LINE
  5
5C0
330
5B8
100
AcDbEntity
 67
1
  8
A-ELEV-WALL
100
AcDbLine
 10
3.0
 20
-4.6499999999999995
 30
0.0
 11
33.02
 21
-4.6499999999999995
 31
0.0
  0
LWPOLYLINE
  5
5C1
330
5B8
100
AcDbEntity
 67
1
  8
A-ELEV-WALL
100
AcDbPolyline
 90
4
 70
1
 10
3.0
 20
0.15
 10
33.02
 20
0.15
 10
33.02
 20
4.15
 10
3.0
 20
4.15
  0
TEXT
  5
5C2
330
5B8
100
AcDbEntity
 67
1
  8
A-ANNO-NOTE
100
AcDbText
 10
33.32
 20
0.25
 30
0.0
 40
0.16
  1
Zemin Kat -- FFE +0.15 m
 11
33.32
 21
0.25
 31
0.0
100
AcDbText
  0
LINE
  5
5C3
330
5B8
100
AcDbEntity
 67
1
  8
A-ELEV-WALL
100
AcDbLine
 10
3.0
 20
0.15
 30
0.0
 11
33.02
 21
0.15
 31
0.0
  0
LWPOLYLINE
  5
5C4
330
5B8
100
AcDbEntity
 67
1
  8
A-ELEV-WALL
100
AcDbPolyline
 90
4
 70
1
 10
3.0
 20
4.15
 10
33.02
 20
4.15
 10
33.02
 20
7.65
 10
3.0
 20
7.65
  0
TEXT
  5
5C5
330
5B8
100
AcDbEntity
 67
1
  8
A-ANNO-NOTE
100
AcDbText
 10
33.32
 20
4.25
 30
0.0
 40
0.16
  1
1. Normal Kat -- FFE +4.15 m
 11
33.32
 21
4.25
 31
0.0
100
AcDbText
  0
LINE
  5
5C6
330
5B8
100
AcDbEntity
 67
1
  8
A-ELEV-WALL
100
AcDbLine
 10
3.0
 20
4.15
 30
0.0
 11
33.02
 21
4.15
 31
0.0
  0
LWPOLYLINE
  5
5C7
330
5B8
100
AcDbEntity
 67
1
  8
A-ELEV-WALL
100
AcDbPolyline
 90
4
 70
1
 10
3.0
 20
7.65
 10
33.02
 20
7.65
 10
33.02
 20
11.15
 10
3.0
 20
11.15
  0
TEXT
  5
5C8
330
5B8
100
AcDbEntity
 67
1
  8
A-ANNO-NOTE
100
AcDbText
 10
33.32
 20
7.75
 30
0.0
 40
0.16
  1
2. Normal Kat -- FFE +7.65 m
 11
33.32
 21
7.75
 31
0.0
100
AcDbText
  0
LINE
  5
5C9
330
5B8
100
AcDbEntity
 67
1
  8
A-ELEV-WALL
100
AcDbLine
 10
3.0
 20
7.65
 30
0.0
 11
33.02
 21
7.65
 31
0.0
  0
LWPOLYLINE
  5
5CA
330
5B8
100
AcDbEntity
 67
1
  8
A-ELEV-WALL
100
AcDbPolyline
 90
4
 70
1
 10
3.0
 20
11.15
 10
30.0
 20
11.15
 10
30.0
 20
14.65
 10
3.0
 20
14.65
  0
TEXT
  5
5CB
330
5B8
100
AcDbEntity
 67
1
  8
A-ANNO-NOTE
100
AcDbText
 10
33.32
 20
11.25
 30
0.0
 40
0.16
  1
3. Normal Kat -- FFE +11.15 m
 11
33.32
 21
11.25
 31
0.0
100
AcDbText
  0
LINE
  5
5CC
330
5B8
100
AcDbEntity
 67
1
  8
A-ELEV-WALL
100
AcDbLine
 10
3.0
 20
11.15
 30
0.0
 11
33.02
 21
11.15
 31
0.0
  0
LWPOLYLINE
  5
5CD
330
5B8
100
AcDbEntity
 67
1
  8
A-ELEV-WALL
100
AcDbPolyline
 90
4
 70
1
 10
3.0
 20
14.65
 10
30.0
 20
14.65
 10
30.0
 20
17.25
 10
3.0
 20
17.25
  0
TEXT
  5
5CE
330
5B8
100
AcDbEntity
 67
1
  8
A-ANNO-NOTE
100
AcDbText
 10
33.32
 20
14.75
 30
0.0
 40
0.16
  1
Cati Piyesi -- FFE +14.65 m
 11
33.32
 21
14.75
 31
0.0
100
AcDbText
  0
LINE
  5
5CF
330
5B8
100
AcDbEntity
 67
1
  8
A-ELEV-WALL
100
AcDbLine
 10
3.0
 20
14.65
 30
0.0
 11
33.02
 21
14.65
 31
0.0
  0
LWPOLYLINE
  5
5D0
330
5B8
100
AcDbEntity
 67
1
  8
A-ELEV-GLAZ
100
AcDbPolyline
 90
4
 70
1
 10
3.875
 20
0.15
 10
5.375
 20
0.15
 10
5.375
 20
2.25
 10
3.875
 20
2.25
  0
TEXT
  5
5D1
330
5B8
100
AcDbEntity
 67
1
  8
A-ELEV-GLAZ
100
AcDbText
 10
4.525
 20
0.2
 30
0.0
 40
0.12
  1
D0
 11
4.525
 21
0.2
 31
0.0
100
AcDbText
  0
DIMENSION
  5
5D2
330
5B8
100
AcDbEntity
 67
1
  8
A-ANNO-DIMS
100
AcDbDimension
280
0
  3
Standard
 10
1.0
 20
-4.6499999999999995
 30
0.0
 11
1.0
 21
6.3
 31
0.0
 70
32
 71
5
  1
<>
100
AcDbAlignedDimension
 13
1.5
 23
-4.6499999999999995
 33
0.0
 14
1.5
 24
17.25
 34
0.0
 50
90.0
100
AcDbRotatedDimension
  0
POINT
  5
5D3
330
5B8
100
AcDbEntity
 67
1
  8
Z-DATA-NOPLOT
100
AcDbPoint
 10
0.0
 20
0.0
 30
0.0
  0
MTEXT
  5
5D4
330
5B8
100
AcDbEntity
 67
1
  8
A-ANNO-NOTE
100
AcDbMText
 10
3.0
 20
18.25
 30
0.0
 40
0.16
 71
1
  3
Parcel 377-1 -- Maximized Footprint, Reverse + Roof Duplex (schematic) -- FRONT ELEVATION (schematic, derived from plan geometry)\POverall height above red grade: 21.90 m (placeholder red-grade datum, see rationale.md)\POrthographic 2D elevation only
  1
 -- no 3D/render output in this pass.
  0
LWPOLYLINE
  5
5D5
330
5B8
100
AcDbEntity
 67
1
  8
A-ANNO-TTLB
100
AcDbPolyline
 90
4
 70
1
 10
35.52
 20
11.85
 10
44.52
 20
11.85
 10
44.52
 20
17.25
 10
35.52
 20
17.25
  0
TEXT
  5
5D6
330
5B8
100
AcDbEntity
 67
1
  8
A-ANNO-TTLB
100
AcDbText
 10
35.64
 20
16.791
 30
0.0
 40
0.21600000000000003
  1
PROJECT: Parcel 377/1 -- Ereğli Mah., Karamursel, Kocaeli (maximized footprint, reverse + roof duplex)
 11
35.64
 21
16.791
 31
0.0
100
AcDbText
  0
LINE
  5
5D7
330
5B8
100
AcDbEntity
 67
1
  8
A-ANNO-TTLB
100
AcDbLine
 10
35.52
 20
16.575
 30
0.0
 11
44.52
 21
16.575
 31
0.0
  0
TEXT
  5
5D8
330
5B8
100
AcDbEntity
 67
1
  8
A-ANNO-TTLB
100
AcDbText
 10
35.64
 20
16.116
 30
0.0
 40
0.21600000000000003
  1
PARCEL: Ada 377 / Parsel 1, Tapu Kutugu Eregli, Pafta G23D04D3D
 11
35.64
 21
16.116
 31
0.0
100
AcDbText
  0
LINE
  5
5D9
330
5B8
100
AcDbEntity
 67
1
  8
A-ANNO-TTLB
100
AcDbLine
 10
35.52
 20
15.9
 30
0.0
 11
44.52
 21
15.9
 31
0.0
  0
TEXT
  5
5DA
330
5B8
100
AcDbEntity
 67
1
  8
A-ANNO-TTLB
100
AcDbText
 10
35.64
 20
15.440999999999999
 30
0.0
 40
0.21600000000000003
  1
DATE: 2026-08-21
 11
35.64
 21
15.440999999999999
 31
0.0
100
AcDbText
  0
LINE
  5
5DB
330
5B8
100
AcDbEntity
 67
1
  8
A-ANNO-TTLB
100
AcDbLine
 10
35.52
 20
15.225
 30
0.0
 11
44.52
 21
15.225
 31
0.0
  0
TEXT
  5
5DC
330
5B8
100
AcDbEntity
 67
1
  8
A-ANNO-TTLB
100
AcDbText
 10
35.64
 20
14.765999999999998
 30
0.0
 40
0.21600000000000003
  1
SCALE: 1:100 (schematic)
 11
35.64
 21
14.765999999999998
 31
0.0
100
AcDbText
  0
LINE
  5
5DD
330
5B8
100
AcDbEntity
 67
1
  8
A-ANNO-TTLB
100
AcDbLine
 10
35.52
 20
14.55
 30
0.0
 11
44.52
 21
14.55
 31
0.0
  0
TEXT
  5
5DE
330
5B8
100
AcDbEntity
 67
1
  8
A-ANNO-TTLB
100
AcDbText
 10
35.64
 20
14.091
 30
0.0
 40
0.21600000000000003
  1
SHEET: A-301 -- Govde Gorunusu -- On (Kuzey / Selcuk Bey Caddesi Cephesi)
 11
35.64
 21
14.091
 31
0.0
100
AcDbText
  0
LINE
  5
5DF
330
5B8
100
AcDbEntity
 67
1
  8
A-ANNO-TTLB
100
AcDbLine
 10
35.52
 20
13.875
 30
0.0
 11
44.52
 21
13.875
 31
0.0
  0
TEXT
  5
5E0
330
5B8
100
AcDbEntity
 67
1
  8
A-ANNO-TTLB
100
AcDbText
 10
35.64
 20
13.415999999999999
 30
0.0
 40
0.21600000000000003
  1
PREPARED BY: Sirketim -- Architecture department (schematic, AI-assisted)
 11
35.64
 21
13.415999999999999
 31
0.0
100
AcDbText
  0
LINE
  5
5E1
330
5B8
100
AcDbEntity
 67
1
  8
A-ANNO-TTLB
100
AcDbLine
 10
35.52
 20
13.2
 30
0.0
 11
44.52
 21
13.2
 31
0.0
  0
MTEXT
  5
5E2
330
5B8
100
AcDbEntity
 67
1
  8
A-ANNO-TTLB
100
AcDbMText
 10
35.64
 20
13.1
 30
0.0
 40
0.162
 41
8.76
 71
1
  3
SCHEMATIC DRAWING -- NOT FOR PERMIT OR CONSTRUCTION. Requires review, revision and stamp by a licensed architect before permitting or construction. Not a substitute for a structural/MEP engineer's calculations. No governmental review or approval impl
  1
ied or granted by this drawing.
  0
ENDBLK
  5
5BA
330
5B8
100
AcDbEntity
  8
0
100
AcDbBlockEnd
  0
BLOCK
  5
5E7
330
5E6
100
AcDbEntity
  8
0
100
AcDbBlockBegin
  2
*Paper_Space14
 70
0
 10
0.0
 20
0.0
 30
0.0
  3
*Paper_Space14
  1

  0
LINE
  5
5EA
330
5E6
100
AcDbEntity
 67
1
  8
C-TOPO
100
AcDbLine
 10
2.0
 20
0.0
 30
0.0
 11
34.02
 21
0.0
 31
0.0
  0
TEXT
  5
5EB
330
5E6
100
AcDbEntity
 67
1
  8
C-TOPO
100
AcDbText
 10
2.0
 20
-0.3
 30
0.0
 40
0.14
  1
Kirmizi kot (red grade) datum, 0.00 m absolute -- PLACEHOLDER, see rationale.md
 11
2.0
 21
-0.3
 31
0.0
100
AcDbText
  0
LWPOLYLINE
  5
5EC
330
5E6
100
AcDbEntity
 67
1
  8
A-ELEV-WALL
100
AcDbPolyline
 90
4
 70
1
 10
3.0
 20
-4.6499999999999995
 10
33.02
 20
-4.6499999999999995
 10
33.02
 20
0.15000000000000036
 10
3.0
 20
0.15000000000000036
  0
TEXT
  5
5ED
330
5E6
100
AcDbEntity
 67
1
  8
A-ANNO-NOTE
100
AcDbText
 10
33.32
 20
-4.55
 30
0.0
 40
0.16
  1
Bodrum Kat -- FFE -4.65 m
 11
33.32
 21
-4.55
 31
0.0
100
AcDbText
  0
LINE
  5
5EE
330
5E6
100
AcDbEntity
 67
1
  8
A-ELEV-WALL
100
AcDbLine
 10
3.0
 20
-4.6499999999999995
 30
0.0
 11
33.02
 21
-4.6499999999999995
 31
0.0
  0
LWPOLYLINE
  5
5EF
330
5E6
100
AcDbEntity
 67
1
  8
A-ELEV-WALL
100
AcDbPolyline
 90
4
 70
1
 10
3.0
 20
0.15
 10
33.02
 20
0.15
 10
33.02
 20
4.15
 10
3.0
 20
4.15
  0
TEXT
  5
5F0
330
5E6
100
AcDbEntity
 67
1
  8
A-ANNO-NOTE
100
AcDbText
 10
33.32
 20
0.25
 30
0.0
 40
0.16
  1
Zemin Kat -- FFE +0.15 m
 11
33.32
 21
0.25
 31
0.0
100
AcDbText
  0
LINE
  5
5F1
330
5E6
100
AcDbEntity
 67
1
  8
A-ELEV-WALL
100
AcDbLine
 10
3.0
 20
0.15
 30
0.0
 11
33.02
 21
0.15
 31
0.0
  0
LWPOLYLINE
  5
5F2
330
5E6
100
AcDbEntity
 67
1
  8
A-ELEV-WALL
100
AcDbPolyline
 90
4
 70
1
 10
3.0
 20
4.15
 10
33.02
 20
4.15
 10
33.02
 20
7.65
 10
3.0
 20
7.65
  0
TEXT
  5
5F3
330
5E6
100
AcDbEntity
 67
1
  8
A-ANNO-NOTE
100
AcDbText
 10
33.32
 20
4.25
 30
0.0
 40
0.16
  1
1. Normal Kat -- FFE +4.15 m
 11
33.32
 21
4.25
 31
0.0
100
AcDbText
  0
LINE
  5
5F4
330
5E6
100
AcDbEntity
 67
1
  8
A-ELEV-WALL
100
AcDbLine
 10
3.0
 20
4.15
 30
0.0
 11
33.02
 21
4.15
 31
0.0
  0
LWPOLYLINE
  5
5F5
330
5E6
100
AcDbEntity
 67
1
  8
A-ELEV-WALL
100
AcDbPolyline
 90
4
 70
1
 10
3.0
 20
7.65
 10
33.02
 20
7.65
 10
33.02
 20
11.15
 10
3.0
 20
11.15
  0
TEXT
  5
5F6
330
5E6
100
AcDbEntity
 67
1
  8
A-ANNO-NOTE
100
AcDbText
 10
33.32
 20
7.75
 30
0.0
 40
0.16
  1
2. Normal Kat -- FFE +7.65 m
 11
33.32
 21
7.75
 31
0.0
100
AcDbText
  0
LINE
  5
5F7
330
5E6
100
AcDbEntity
 67
1
  8
A-ELEV-WALL
100
AcDbLine
 10
3.0
 20
7.65
 30
0.0
 11
33.02
 21
7.65
 31
0.0
  0
LWPOLYLINE
  5
5F8
330
5E6
100
AcDbEntity
 67
1
  8
A-ELEV-WALL
100
AcDbPolyline
 90
4
 70
1
 10
3.0
 20
11.15
 10
30.0
 20
11.15
 10
30.0
 20
14.65
 10
3.0
 20
14.65
  0
TEXT
  5
5F9
330
5E6
100
AcDbEntity
 67
1
  8
A-ANNO-NOTE
100
AcDbText
 10
33.32
 20
11.25
 30
0.0
 40
0.16
  1
3. Normal Kat -- FFE +11.15 m
 11
33.32
 21
11.25
 31
0.0
100
AcDbText
  0
LINE
  5
5FA
330
5E6
100
AcDbEntity
 67
1
  8
A-ELEV-WALL
100
AcDbLine
 10
3.0
 20
11.15
 30
0.0
 11
33.02
 21
11.15
 31
0.0
  0
LWPOLYLINE
  5
5FB
330
5E6
100
AcDbEntity
 67
1
  8
A-ELEV-WALL
100
AcDbPolyline
 90
4
 70
1
 10
3.0
 20
14.65
 10
30.0
 20
14.65
 10
30.0
 20
17.25
 10
3.0
 20
17.25
  0
TEXT
  5
5FC
330
5E6
100
AcDbEntity
 67
1
  8
A-ANNO-NOTE
100
AcDbText
 10
33.32
 20
14.75
 30
0.0
 40
0.16
  1
Cati Piyesi -- FFE +14.65 m
 11
33.32
 21
14.75
 31
0.0
100
AcDbText
  0
LINE
  5
5FD
330
5E6
100
AcDbEntity
 67
1
  8
A-ELEV-WALL
100
AcDbLine
 10
3.0
 20
14.65
 30
0.0
 11
33.02
 21
14.65
 31
0.0
  0
LWPOLYLINE
  5
5FE
330
5E6
100
AcDbEntity
 67
1
  8
A-ELEV-GLAZ
100
AcDbPolyline
 90
4
 70
1
 10
7.637499999999999
 20
-3.7499999999999996
 10
8.837499999999999
 20
-3.7499999999999996
 10
8.837499999999999
 20
-2.5499999999999994
 10
7.637499999999999
 20
-2.5499999999999994
  0
TEXT
  5
5FF
330
5E6
100
AcDbEntity
 67
1
  8
A-ELEV-GLAZ
100
AcDbText
 10
8.1375
 20
-3.6999999999999997
 30
0.0
 40
0.12
  1
W1
 11
8.1375
 21
-3.6999999999999997
 31
0.0
100
AcDbText
  0
LWPOLYLINE
  5
600
330
5E6
100
AcDbEntity
 67
1
  8
A-ELEV-GLAZ
100
AcDbPolyline
 90
4
 70
1
 10
10.6375
 20
-3.7499999999999996
 10
11.837499999999999
 20
-3.7499999999999996
 10
11.837499999999999
 20
-2.5499999999999994
 10
10.6375
 20
-2.5499999999999994
  0
TEXT
  5
601
330
5E6
100
AcDbEntity
 67
1
  8
A-ELEV-GLAZ
100
AcDbText
 10
11.1375
 20
-3.6999999999999997
 30
0.0
 40
0.12
  1
W2
 11
11.1375
 21
-3.6999999999999997
 31
0.0
100
AcDbText
  0
LWPOLYLINE
  5
602
330
5E6
100
AcDbEntity
 67
1
  8
A-ELEV-GLAZ
100
AcDbPolyline
 90
4
 70
1
 10
13.075
 20
-3.7499999999999996
 10
14.274999999999999
 20
-3.7499999999999996
 10
14.274999999999999
 20
-2.5499999999999994
 10
13.075
 20
-2.5499999999999994
  0
TEXT
  5
603
330
5E6
100
AcDbEntity
 67
1
  8
A-ELEV-GLAZ
100
AcDbText
 10
13.575
 20
-3.6999999999999997
 30
0.0
 40
0.12
  1
W3
 11
13.575
 21
-3.6999999999999997
 31
0.0
100
AcDbText
  0
LWPOLYLINE
  5
604
330
5E6
100
AcDbEntity
 67
1
  8
A-ELEV-GLAZ
100
AcDbPolyline
 90
4
 70
1
 10
23.350000000000005
 20
-3.7499999999999996
 10
24.550000000000004
 20
-3.7499999999999996
 10
24.550000000000004
 20
-2.5499999999999994
 10
23.350000000000005
 20
-2.5499999999999994
  0
TEXT
  5
605
330
5E6
100
AcDbEntity
 67
1
  8
A-ELEV-GLAZ
100
AcDbText
 10
23.85
 20
-3.6999999999999997
 30
0.0
 40
0.12
  1
W1
 11
23.85
 21
-3.6999999999999997
 31
0.0
100
AcDbText
  0
LWPOLYLINE
  5
606
330
5E6
100
AcDbEntity
 67
1
  8
A-ELEV-GLAZ
100
AcDbPolyline
 90
4
 70
1
 10
7.775000000000002
 20
1.05
 10
8.975000000000001
 20
1.05
 10
8.975000000000001
 20
2.25
 10
7.775000000000002
 20
2.25
  0
TEXT
  5
607
330
5E6
100
AcDbEntity
 67
1
  8
A-ELEV-GLAZ
100
AcDbText
 10
8.275000000000002
 20
1.1
 30
0.0
 40
0.12
  1
W1
 11
8.275000000000002
 21
1.1
 31
0.0
100
AcDbText
  0
LWPOLYLINE
  5
608
330
5E6
100
AcDbEntity
 67
1
  8
A-ELEV-GLAZ
100
AcDbPolyline
 90
4
 70
1
 10
10.974999999999998
 20
1.05
 10
12.174999999999997
 20
1.05
 10
12.174999999999997
 20
2.25
 10
10.974999999999998
 20
2.25
  0
TEXT
  5
609
330
5E6
100
AcDbEntity
 67
1
  8
A-ELEV-GLAZ
100
AcDbText
 10
11.474999999999998
 20
1.1
 30
0.0
 40
0.12
  1
W2
 11
11.474999999999998
 21
1.1
 31
0.0
100
AcDbText
  0
LWPOLYLINE
  5
60A
330
5E6
100
AcDbEntity
 67
1
  8
A-ELEV-GLAZ
100
AcDbPolyline
 90
4
 70
1
 10
13.275000000000002
 20
1.05
 10
14.475000000000001
 20
1.05
 10
14.475000000000001
 20
2.25
 10
13.275000000000002
 20
2.25
  0
TEXT
  5
60B
330
5E6
100
AcDbEntity
 67
1
  8
A-ELEV-GLAZ
100
AcDbText
 10
13.775000000000002
 20
1.1
 30
0.0
 40
0.12
  1
W3
 11
13.775000000000002
 21
1.1
 31
0.0
100
AcDbText
  0
LWPOLYLINE
  5
60C
330
5E6
100
AcDbEntity
 67
1
  8
A-ELEV-GLAZ
100
AcDbPolyline
 90
4
 70
1
 10
21.053947368421056
 20
1.05
 10
22.253947368421056
 20
1.05
 10
22.253947368421056
 20
2.25
 10
21.053947368421056
 20
2.25
  0
TEXT
  5
60D
330
5E6
100
AcDbEntity
 67
1
  8
A-ELEV-GLAZ
100
AcDbText
 10
21.553947368421056
 20
1.1
 30
0.0
 40
0.12
  1
W1
 11
21.553947368421056
 21
1.1
 31
0.0
100
AcDbText
  0
LWPOLYLINE
  5
60E
330
5E6
100
AcDbEntity
 67
1
  8
A-ELEV-GLAZ
100
AcDbPolyline
 90
4
 70
1
 10
29.778947368421058
 20
1.05
 10
30.978947368421057
 20
1.05
 10
30.978947368421057
 20
2.25
 10
29.778947368421058
 20
2.25
  0
TEXT
  5
60F
330
5E6
100
AcDbEntity
 67
1
  8
A-ELEV-GLAZ
100
AcDbText
 10
30.278947368421058
 20
1.1
 30
0.0
 40
0.12
  1
W2
 11
30.278947368421058
 21
1.1
 31
0.0
100
AcDbText
  0
LWPOLYLINE
  5
610
330
5E6
100
AcDbEntity
 67
1
  8
A-ELEV-GLAZ
100
AcDbPolyline
 90
4
 70
1
 10
8.11
 20
5.050000000000001
 10
9.309999999999999
 20
5.050000000000001
 10
9.309999999999999
 20
6.25
 10
8.11
 20
6.25
  0
TEXT
  5
611
330
5E6
100
AcDbEntity
 67
1
  8
A-ELEV-GLAZ
100
AcDbText
 10
8.61
 20
5.1000000000000005
 30
0.0
 40
0.12
  1
W1
 11
8.61
 21
5.1000000000000005
 31
0.0
100
AcDbText
  0
LWPOLYLINE
  5
612
330
5E6
100
AcDbEntity
 67
1
  8
A-ELEV-GLAZ
100
AcDbPolyline
 90
4
 70
1
 10
11.717499999999998
 20
5.050000000000001
 10
12.917499999999997
 20
5.050000000000001
 10
12.917499999999997
 20
6.25
 10
11.717499999999998
 20
6.25
  0
TEXT
  5
613
330
5E6
100
AcDbEntity
 67
1
  8
A-ELEV-GLAZ
100
AcDbText
 10
12.217499999999998
 20
5.1000000000000005
 30
0.0
 40
0.12
  1
W2
 11
12.217499999999998
 21
5.1000000000000005
 31
0.0
100
AcDbText
  0
LWPOLYLINE
  5
614
330
5E6
100
AcDbEntity
 67
1
  8
A-ELEV-GLAZ
100
AcDbPolyline
 90
4
 70
1
 10
14.154999999999998
 20
5.050000000000001
 10
15.354999999999997
 20
5.050000000000001
 10
15.354999999999997
 20
6.25
 10
14.154999999999998
 20
6.25
  0
TEXT
  5
615
330
5E6
100
AcDbEntity
 67
1
  8
A-ELEV-GLAZ
100
AcDbText
 10
14.654999999999998
 20
5.1000000000000005
 30
0.0
 40
0.12
  1
W3
 11
14.654999999999998
 21
5.1000000000000005
 31
0.0
100
AcDbText
  0
LWPOLYLINE
  5
616
330
5E6
100
AcDbEntity
 67
1
  8
A-ELEV-GLAZ
100
AcDbPolyline
 90
4
 70
1
 10
16.592499999999998
 20
5.050000000000001
 10
17.792499999999997
 20
5.050000000000001
 10
17.792499999999997
 20
6.25
 10
16.592499999999998
 20
6.25
  0
TEXT
  5
617
330
5E6
100
AcDbEntity
 67
1
  8
A-ELEV-GLAZ
100
AcDbText
 10
17.092499999999994
 20
5.1000000000000005
 30
0.0
 40
0.12
  1
W4
 11
17.092499999999994
 21
5.1000000000000005
 31
0.0
100
AcDbText
  0
LWPOLYLINE
  5
618
330
5E6
100
AcDbEntity
 67
1
  8
A-ELEV-GLAZ
100
AcDbPolyline
 90
4
 70
1
 10
18.564999999999998
 20
5.050000000000001
 10
19.134999999999998
 20
5.050000000000001
 10
19.134999999999998
 20
6.25
 10
18.564999999999998
 20
6.25
  0
TEXT
  5
619
330
5E6
100
AcDbEntity
 67
1
  8
A-ELEV-GLAZ
100
AcDbText
 10
18.749999999999996
 20
5.1000000000000005
 30
0.0
 40
0.12
  1
W5
 11
18.749999999999996
 21
5.1000000000000005
 31
0.0
100
AcDbText
  0
LWPOLYLINE
  5
61A
330
5E6
100
AcDbEntity
 67
1
  8
A-ELEV-GLAZ
100
AcDbPolyline
 90
4
 70
1
 10
21.570000000000004
 20
5.050000000000001
 10
22.770000000000003
 20
5.050000000000001
 10
22.770000000000003
 20
6.25
 10
21.570000000000004
 20
6.25
  0
TEXT
  5
61B
330
5E6
100
AcDbEntity
 67
1
  8
A-ELEV-GLAZ
100
AcDbText
 10
22.07
 20
5.1000000000000005
 30
0.0
 40
0.12
  1
W1
 11
22.07
 21
5.1000000000000005
 31
0.0
100
AcDbText
  0
LWPOLYLINE
  5
61C
330
5E6
100
AcDbEntity
 67
1
  8
A-ELEV-GLAZ
100
AcDbPolyline
 90
4
 70
1
 10
25.177500000000006
 20
5.050000000000001
 10
26.377500000000005
 20
5.050000000000001
 10
26.377500000000005
 20
6.25
 10
25.177500000000006
 20
6.25
  0
TEXT
  5
61D
330
5E6
100
AcDbEntity
 67
1
  8
A-ELEV-GLAZ
100
AcDbText
 10
25.677500000000002
 20
5.1000000000000005
 30
0.0
 40
0.12
  1
W2
 11
25.677500000000002
 21
5.1000000000000005
 31
0.0
100
AcDbText
  0
LWPOLYLINE
  5
61E
330
5E6
100
AcDbEntity
 67
1
  8
A-ELEV-GLAZ
100
AcDbPolyline
 90
4
 70
1
 10
27.615000000000006
 20
5.050000000000001
 10
28.815000000000005
 20
5.050000000000001
 10
28.815000000000005
 20
6.25
 10
27.615000000000006
 20
6.25
  0
TEXT
  5
61F
330
5E6
100
AcDbEntity
 67
1
  8
A-ELEV-GLAZ
100
AcDbText
 10
28.115000000000002
 20
5.1000000000000005
 30
0.0
 40
0.12
  1
W3
 11
28.115000000000002
 21
5.1000000000000005
 31
0.0
100
AcDbText
  0
LWPOLYLINE
  5
620
330
5E6
100
AcDbEntity
 67
1
  8
A-ELEV-GLAZ
100
AcDbPolyline
 90
4
 70
1
 10
30.052500000000006
 20
5.050000000000001
 10
31.252500000000005
 20
5.050000000000001
 10
31.252500000000005
 20
6.25
 10
30.052500000000006
 20
6.25
  0
TEXT
  5
621
330
5E6
100
AcDbEntity
 67
1
  8
A-ELEV-GLAZ
100
AcDbText
 10
30.552500000000002
 20
5.1000000000000005
 30
0.0
 40
0.12
  1
W4
 11
30.552500000000002
 21
5.1000000000000005
 31
0.0
100
AcDbText
  0
LWPOLYLINE
  5
622
330
5E6
100
AcDbEntity
 67
1
  8
A-ELEV-GLAZ
100
AcDbPolyline
 90
4
 70
1
 10
32.025000000000006
 20
5.050000000000001
 10
32.595000000000006
 20
5.050000000000001
 10
32.595000000000006
 20
6.25
 10
32.025000000000006
 20
6.25
  0
TEXT
  5
623
330
5E6
100
AcDbEntity
 67
1
  8
A-ELEV-GLAZ
100
AcDbText
 10
32.21
 20
5.1000000000000005
 30
0.0
 40
0.12
  1
W5
 11
32.21
 21
5.1000000000000005
 31
0.0
100
AcDbText
  0
LWPOLYLINE
  5
624
330
5E6
100
AcDbEntity
 67
1
  8
A-ELEV-GLAZ
100
AcDbPolyline
 90
4
 70
1
 10
8.11
 20
8.55
 10
9.309999999999999
 20
8.55
 10
9.309999999999999
 20
9.75
 10
8.11
 20
9.75
  0
TEXT
  5
625
330
5E6
100
AcDbEntity
 67
1
  8
A-ELEV-GLAZ
100
AcDbText
 10
8.61
 20
8.600000000000001
 30
0.0
 40
0.12
  1
W1
 11
8.61
 21
8.600000000000001
 31
0.0
100
AcDbText
  0
LWPOLYLINE
  5
626
330
5E6
100
AcDbEntity
 67
1
  8
A-ELEV-GLAZ
100
AcDbPolyline
 90
4
 70
1
 10
11.717499999999998
 20
8.55
 10
12.917499999999997
 20
8.55
 10
12.917499999999997
 20
9.75
 10
11.717499999999998
 20
9.75
  0
TEXT
  5
627
330
5E6
100
AcDbEntity
 67
1
  8
A-ELEV-GLAZ
100
AcDbText
 10
12.217499999999998
 20
8.600000000000001
 30
0.0
 40
0.12
  1
W2
 11
12.217499999999998
 21
8.600000000000001
 31
0.0
100
AcDbText
  0
LWPOLYLINE
  5
628
330
5E6
100
AcDbEntity
 67
1
  8
A-ELEV-GLAZ
100
AcDbPolyline
 90
4
 70
1
 10
14.154999999999998
 20
8.55
 10
15.354999999999997
 20
8.55
 10
15.354999999999997
 20
9.75
 10
14.154999999999998
 20
9.75
  0
TEXT
  5
629
330
5E6
100
AcDbEntity
 67
1
  8
A-ELEV-GLAZ
100
AcDbText
 10
14.654999999999998
 20
8.600000000000001
 30
0.0
 40
0.12
  1
W3
 11
14.654999999999998
 21
8.600000000000001
 31
0.0
100
AcDbText
  0
LWPOLYLINE
  5
62A
330
5E6
100
AcDbEntity
 67
1
  8
A-ELEV-GLAZ
100
AcDbPolyline
 90
4
 70
1
 10
16.592499999999998
 20
8.55
 10
17.792499999999997
 20
8.55
 10
17.792499999999997
 20
9.75
 10
16.592499999999998
 20
9.75
  0
TEXT
  5
62B
330
5E6
100
AcDbEntity
 67
1
  8
A-ELEV-GLAZ
100
AcDbText
 10
17.092499999999994
 20
8.600000000000001
 30
0.0
 40
0.12
  1
W4
 11
17.092499999999994
 21
8.600000000000001
 31
0.0
100
AcDbText
  0
LWPOLYLINE
  5
62C
330
5E6
100
AcDbEntity
 67
1
  8
A-ELEV-GLAZ
100
AcDbPolyline
 90
4
 70
1
 10
18.564999999999998
 20
8.55
 10
19.134999999999998
 20
8.55
 10
19.134999999999998
 20
9.75
 10
18.564999999999998
 20
9.75
  0
TEXT
  5
62D
330
5E6
100
AcDbEntity
 67
1
  8
A-ELEV-GLAZ
100
AcDbText
 10
18.749999999999996
 20
8.600000000000001
 30
0.0
 40
0.12
  1
W5
 11
18.749999999999996
 21
8.600000000000001
 31
0.0
100
AcDbText
  0
LWPOLYLINE
  5
62E
330
5E6
100
AcDbEntity
 67
1
  8
A-ELEV-GLAZ
100
AcDbPolyline
 90
4
 70
1
 10
21.570000000000004
 20
8.55
 10
22.770000000000003
 20
8.55
 10
22.770000000000003
 20
9.75
 10
21.570000000000004
 20
9.75
  0
TEXT
  5
62F
330
5E6
100
AcDbEntity
 67
1
  8
A-ELEV-GLAZ
100
AcDbText
 10
22.07
 20
8.600000000000001
 30
0.0
 40
0.12
  1
W1
 11
22.07
 21
8.600000000000001
 31
0.0
100
AcDbText
  0
LWPOLYLINE
  5
630
330
5E6
100
AcDbEntity
 67
1
  8
A-ELEV-GLAZ
100
AcDbPolyline
 90
4
 70
1
 10
25.177500000000006
 20
8.55
 10
26.377500000000005
 20
8.55
 10
26.377500000000005
 20
9.75
 10
25.177500000000006
 20
9.75
  0
TEXT
  5
631
330
5E6
100
AcDbEntity
 67
1
  8
A-ELEV-GLAZ
100
AcDbText
 10
25.677500000000002
 20
8.600000000000001
 30
0.0
 40
0.12
  1
W2
 11
25.677500000000002
 21
8.600000000000001
 31
0.0
100
AcDbText
  0
LWPOLYLINE
  5
632
330
5E6
100
AcDbEntity
 67
1
  8
A-ELEV-GLAZ
100
AcDbPolyline
 90
4
 70
1
 10
27.615000000000006
 20
8.55
 10
28.815000000000005
 20
8.55
 10
28.815000000000005
 20
9.75
 10
27.615000000000006
 20
9.75
  0
TEXT
  5
633
330
5E6
100
AcDbEntity
 67
1
  8
A-ELEV-GLAZ
100
AcDbText
 10
28.115000000000002
 20
8.600000000000001
 30
0.0
 40
0.12
  1
W3
 11
28.115000000000002
 21
8.600000000000001
 31
0.0
100
AcDbText
  0
LWPOLYLINE
  5
634
330
5E6
100
AcDbEntity
 67
1
  8
A-ELEV-GLAZ
100
AcDbPolyline
 90
4
 70
1
 10
30.052500000000006
 20
8.55
 10
31.252500000000005
 20
8.55
 10
31.252500000000005
 20
9.75
 10
30.052500000000006
 20
9.75
  0
TEXT
  5
635
330
5E6
100
AcDbEntity
 67
1
  8
A-ELEV-GLAZ
100
AcDbText
 10
30.552500000000002
 20
8.600000000000001
 30
0.0
 40
0.12
  1
W4
 11
30.552500000000002
 21
8.600000000000001
 31
0.0
100
AcDbText
  0
LWPOLYLINE
  5
636
330
5E6
100
AcDbEntity
 67
1
  8
A-ELEV-GLAZ
100
AcDbPolyline
 90
4
 70
1
 10
32.025000000000006
 20
8.55
 10
32.595000000000006
 20
8.55
 10
32.595000000000006
 20
9.75
 10
32.025000000000006
 20
9.75
  0
TEXT
  5
637
330
5E6
100
AcDbEntity
 67
1
  8
A-ELEV-GLAZ
100
AcDbText
 10
32.21
 20
8.600000000000001
 30
0.0
 40
0.12
  1
W5
 11
32.21
 21
8.600000000000001
 31
0.0
100
AcDbText
  0
LWPOLYLINE
  5
638
330
5E6
100
AcDbEntity
 67
1
  8
A-ELEV-GLAZ
100
AcDbPolyline
 90
4
 70
1
 10
7.563235294117646
 20
12.05
 10
8.763235294117646
 20
12.05
 10
8.763235294117646
 20
13.25
 10
7.563235294117646
 20
13.25
  0
TEXT
  5
639
330
5E6
100
AcDbEntity
 67
1
  8
A-ELEV-GLAZ
100
AcDbText
 10
8.063235294117646
 20
12.100000000000001
 30
0.0
 40
0.12
  1
W1
 11
8.063235294117646
 21
12.100000000000001
 31
0.0
100
AcDbText
  0
LWPOLYLINE
  5
63A
330
5E6
100
AcDbEntity
 67
1
  8
A-ELEV-GLAZ
100
AcDbPolyline
 90
4
 70
1
 10
10.451470588235292
 20
12.05
 10
11.227941176470587
 20
12.05
 10
11.227941176470587
 20
13.25
 10
10.451470588235292
 20
13.25
  0
TEXT
  5
63B
330
5E6
100
AcDbEntity
 67
1
  8
A-ELEV-GLAZ
100
AcDbText
 10
10.73970588235294
 20
12.100000000000001
 30
0.0
 40
0.12
  1
W2
 11
10.73970588235294
 21
12.100000000000001
 31
0.0
100
AcDbText
  0
LWPOLYLINE
  5
63C
330
5E6
100
AcDbEntity
 67
1
  8
A-ELEV-GLAZ
100
AcDbPolyline
 90
4
 70
1
 10
12.151470588235295
 20
12.05
 10
13.351470588235294
 20
12.05
 10
13.351470588235294
 20
13.25
 10
12.151470588235295
 20
13.25
  0
TEXT
  5
63D
330
5E6
100
AcDbEntity
 67
1
  8
A-ELEV-GLAZ
100
AcDbText
 10
12.651470588235295
 20
12.100000000000001
 30
0.0
 40
0.12
  1
W3
 11
12.651470588235295
 21
12.100000000000001
 31
0.0
100
AcDbText
  0
LWPOLYLINE
  5
63E
330
5E6
100
AcDbEntity
 67
1
  8
A-ELEV-GLAZ
100
AcDbPolyline
 90
4
 70
1
 10
14.274999999999997
 20
12.05
 10
15.357352941176469
 20
12.05
 10
15.357352941176469
 20
13.25
 10
14.274999999999997
 20
13.25
  0
TEXT
  5
63F
330
5E6
100
AcDbEntity
 67
1
  8
A-ELEV-GLAZ
100
AcDbText
 10
14.716176470588232
 20
12.100000000000001
 30
0.0
 40
0.12
  1
W4
 11
14.716176470588232
 21
12.100000000000001
 31
0.0
100
AcDbText
  0
LWPOLYLINE
  5
640
330
5E6
100
AcDbEntity
 67
1
  8
A-ELEV-GLAZ
100
AcDbPolyline
 90
4
 70
1
 10
15.957352941176472
 20
12.05
 10
16.275000000000002
 20
12.05
 10
16.275000000000002
 20
13.25
 10
15.957352941176472
 20
13.25
  0
TEXT
  5
641
330
5E6
100
AcDbEntity
 67
1
  8
A-ELEV-GLAZ
100
AcDbText
 10
16.016176470588235
 20
12.100000000000001
 30
0.0
 40
0.12
  1
W5
 11
16.016176470588235
 21
12.100000000000001
 31
0.0
100
AcDbText
  0
LWPOLYLINE
  5
642
330
5E6
100
AcDbEntity
 67
1
  8
A-ELEV-GLAZ
100
AcDbPolyline
 90
4
 70
1
 10
18.16323529411765
 20
12.05
 10
19.36323529411765
 20
12.05
 10
19.36323529411765
 20
13.25
 10
18.16323529411765
 20
13.25
  0
TEXT
  5
643
330
5E6
100
AcDbEntity
 67
1
  8
A-ELEV-GLAZ
100
AcDbText
 10
18.663235294117648
 20
12.100000000000001
 30
0.0
 40
0.12
  1
W1
 11
18.663235294117648
 21
12.100000000000001
 31
0.0
100
AcDbText
  0
LWPOLYLINE
  5
644
330
5E6
100
AcDbEntity
 67
1
  8
A-ELEV-GLAZ
100
AcDbPolyline
 90
4
 70
1
 10
21.051470588235297
 20
12.05
 10
21.82794117647059
 20
12.05
 10
21.82794117647059
 20
13.25
 10
21.051470588235297
 20
13.25
  0
TEXT
  5
645
330
5E6
100
AcDbEntity
 67
1
  8
A-ELEV-GLAZ
100
AcDbText
 10
21.33970588235294
 20
12.100000000000001
 30
0.0
 40
0.12
  1
W2
 11
21.33970588235294
 21
12.100000000000001
 31
0.0
100
AcDbText
  0
LWPOLYLINE
  5
646
330
5E6
100
AcDbEntity
 67
1
  8
A-ELEV-GLAZ
100
AcDbPolyline
 90
4
 70
1
 10
22.751470588235296
 20
12.05
 10
23.951470588235296
 20
12.05
 10
23.951470588235296
 20
13.25
 10
22.751470588235296
 20
13.25
  0
TEXT
  5
647
330
5E6
100
AcDbEntity
 67
1
  8
A-ELEV-GLAZ
100
AcDbText
 10
23.251470588235293
 20
12.100000000000001
 30
0.0
 40
0.12
  1
W3
 11
23.251470588235293
 21
12.100000000000001
 31
0.0
100
AcDbText
  0
LWPOLYLINE
  5
648
330
5E6
100
AcDbEntity
 67
1
  8
A-ELEV-GLAZ
100
AcDbPolyline
 90
4
 70
1
 10
24.875
 20
12.05
 10
25.95735294117647
 20
12.05
 10
25.95735294117647
 20
13.25
 10
24.875
 20
13.25
  0
TEXT
  5
649
330
5E6
100
AcDbEntity
 67
1
  8
A-ELEV-GLAZ
100
AcDbText
 10
25.316176470588232
 20
12.100000000000001
 30
0.0
 40
0.12
  1
W4
 11
25.316176470588232
 21
12.100000000000001
 31
0.0
100
AcDbText
  0
LWPOLYLINE
  5
64A
330
5E6
100
AcDbEntity
 67
1
  8
A-ELEV-GLAZ
100
AcDbPolyline
 90
4
 70
1
 10
26.557352941176475
 20
12.05
 10
26.875000000000004
 20
12.05
 10
26.875000000000004
 20
13.25
 10
26.557352941176475
 20
13.25
  0
TEXT
  5
64B
330
5E6
100
AcDbEntity
 67
1
  8
A-ELEV-GLAZ
100
AcDbText
 10
26.616176470588236
 20
12.100000000000001
 30
0.0
 40
0.12
  1
W5
 11
26.616176470588236
 21
12.100000000000001
 31
0.0
100
AcDbText
  0
LWPOLYLINE
  5
64C
330
5E6
100
AcDbEntity
 67
1
  8
A-ELEV-GLAZ
100
AcDbPolyline
 90
4
 70
1
 10
10.775000000000002
 20
15.55
 10
11.975000000000001
 20
15.55
 10
11.975000000000001
 20
16.75
 10
10.775000000000002
 20
16.75
  0
TEXT
  5
64D
330
5E6
100
AcDbEntity
 67
1
  8
A-ELEV-GLAZ
100
AcDbText
 10
11.275000000000002
 20
15.600000000000001
 30
0.0
 40
0.12
  1
W1
 11
11.275000000000002
 21
15.600000000000001
 31
0.0
100
AcDbText
  0
LWPOLYLINE
  5
64E
330
5E6
100
AcDbEntity
 67
1
  8
A-ELEV-GLAZ
100
AcDbPolyline
 90
4
 70
1
 10
21.375000000000004
 20
15.55
 10
22.575000000000003
 20
15.55
 10
22.575000000000003
 20
16.75
 10
21.375000000000004
 20
16.75
  0
TEXT
  5
64F
330
5E6
100
AcDbEntity
 67
1
  8
A-ELEV-GLAZ
100
AcDbText
 10
21.875
 20
15.600000000000001
 30
0.0
 40
0.12
  1
W1
 11
21.875
 21
15.600000000000001
 31
0.0
100
AcDbText
  0
LWPOLYLINE
  5
650
330
5E6
100
AcDbEntity
 67
1
  8
A-ELEV-GLAZ
100
AcDbPolyline
 90
4
 70
1
 10
27.900000000000002
 20
15.55
 10
29.1
 20
15.55
 10
29.1
 20
16.75
 10
27.900000000000002
 20
16.75
  0
TEXT
  5
651
330
5E6
100
AcDbEntity
 67
1
  8
A-ELEV-GLAZ
100
AcDbText
 10
28.4
 20
15.600000000000001
 30
0.0
 40
0.12
  1
W1
 11
28.4
 21
15.600000000000001
 31
0.0
100
AcDbText
  0
DIMENSION
  5
652
330
5E6
100
AcDbEntity
 67
1
  8
A-ANNO-DIMS
100
AcDbDimension
280
0
  3
Standard
 10
1.0
 20
-4.6499999999999995
 30
0.0
 11
1.0
 21
6.3
 31
0.0
 70
32
 71
5
  1
<>
100
AcDbAlignedDimension
 13
1.5
 23
-4.6499999999999995
 33
0.0
 14
1.5
 24
17.25
 34
0.0
 50
90.0
100
AcDbRotatedDimension
  0
POINT
  5
653
330
5E6
100
AcDbEntity
 67
1
  8
Z-DATA-NOPLOT
100
AcDbPoint
 10
0.0
 20
0.0
 30
0.0
  0
MTEXT
  5
654
330
5E6
100
AcDbEntity
 67
1
  8
A-ANNO-NOTE
100
AcDbMText
 10
3.0
 20
18.25
 30
0.0
 40
0.16
 71
1
  3
Parcel 377-1 -- Maximized Footprint, Reverse + Roof Duplex (schematic) -- REAR ELEVATION (schematic, derived from plan geometry)\POverall height above red grade: 21.90 m (placeholder red-grade datum, see rationale.md)\POrthographic 2D elevation only 
  1
-- no 3D/render output in this pass.
  0
LWPOLYLINE
  5
655
330
5E6
100
AcDbEntity
 67
1
  8
A-ANNO-TTLB
100
AcDbPolyline
 90
4
 70
1
 10
35.52
 20
11.85
 10
44.52
 20
11.85
 10
44.52
 20
17.25
 10
35.52
 20
17.25
  0
TEXT
  5
656
330
5E6
100
AcDbEntity
 67
1
  8
A-ANNO-TTLB
100
AcDbText
 10
35.64
 20
16.791
 30
0.0
 40
0.21600000000000003
  1
PROJECT: Parcel 377/1 -- Ereğli Mah., Karamursel, Kocaeli (maximized footprint, reverse + roof duplex)
 11
35.64
 21
16.791
 31
0.0
100
AcDbText
  0
LINE
  5
657
330
5E6
100
AcDbEntity
 67
1
  8
A-ANNO-TTLB
100
AcDbLine
 10
35.52
 20
16.575
 30
0.0
 11
44.52
 21
16.575
 31
0.0
  0
TEXT
  5
658
330
5E6
100
AcDbEntity
 67
1
  8
A-ANNO-TTLB
100
AcDbText
 10
35.64
 20
16.116
 30
0.0
 40
0.21600000000000003
  1
PARCEL: Ada 377 / Parsel 1, Tapu Kutugu Eregli, Pafta G23D04D3D
 11
35.64
 21
16.116
 31
0.0
100
AcDbText
  0
LINE
  5
659
330
5E6
100
AcDbEntity
 67
1
  8
A-ANNO-TTLB
100
AcDbLine
 10
35.52
 20
15.9
 30
0.0
 11
44.52
 21
15.9
 31
0.0
  0
TEXT
  5
65A
330
5E6
100
AcDbEntity
 67
1
  8
A-ANNO-TTLB
100
AcDbText
 10
35.64
 20
15.440999999999999
 30
0.0
 40
0.21600000000000003
  1
DATE: 2026-08-21
 11
35.64
 21
15.440999999999999
 31
0.0
100
AcDbText
  0
LINE
  5
65B
330
5E6
100
AcDbEntity
 67
1
  8
A-ANNO-TTLB
100
AcDbLine
 10
35.52
 20
15.225
 30
0.0
 11
44.52
 21
15.225
 31
0.0
  0
TEXT
  5
65C
330
5E6
100
AcDbEntity
 67
1
  8
A-ANNO-TTLB
100
AcDbText
 10
35.64
 20
14.765999999999998
 30
0.0
 40
0.21600000000000003
  1
SCALE: 1:100 (schematic)
 11
35.64
 21
14.765999999999998
 31
0.0
100
AcDbText
  0
LINE
  5
65D
330
5E6
100
AcDbEntity
 67
1
  8
A-ANNO-TTLB
100
AcDbLine
 10
35.52
 20
14.55
 30
0.0
 11
44.52
 21
14.55
 31
0.0
  0
TEXT
  5
65E
330
5E6
100
AcDbEntity
 67
1
  8
A-ANNO-TTLB
100
AcDbText
 10
35.64
 20
14.091
 30
0.0
 40
0.21600000000000003
  1
SHEET: A-302 -- Govde Gorunusu -- Arka (Guney)
 11
35.64
 21
14.091
 31
0.0
100
AcDbText
  0
LINE
  5
65F
330
5E6
100
AcDbEntity
 67
1
  8
A-ANNO-TTLB
100
AcDbLine
 10
35.52
 20
13.875
 30
0.0
 11
44.52
 21
13.875
 31
0.0
  0
TEXT
  5
660
330
5E6
100
AcDbEntity
 67
1
  8
A-ANNO-TTLB
100
AcDbText
 10
35.64
 20
13.415999999999999
 30
0.0
 40
0.21600000000000003
  1
PREPARED BY: Sirketim -- Architecture department (schematic, AI-assisted)
 11
35.64
 21
13.415999999999999
 31
0.0
100
AcDbText
  0
LINE
  5
661
330
5E6
100
AcDbEntity
 67
1
  8
A-ANNO-TTLB
100
AcDbLine
 10
35.52
 20
13.2
 30
0.0
 11
44.52
 21
13.2
 31
0.0
  0
MTEXT
  5
662
330
5E6
100
AcDbEntity
 67
1
  8
A-ANNO-TTLB
100
AcDbMText
 10
35.64
 20
13.1
 30
0.0
 40
0.162
 41
8.76
 71
1
  3
SCHEMATIC DRAWING -- NOT FOR PERMIT OR CONSTRUCTION. Requires review, revision and stamp by a licensed architect before permitting or construction. Not a substitute for a structural/MEP engineer's calculations. No governmental review or approval impl
  1
ied or granted by this drawing.
  0
ENDBLK
  5
5E8
330
5E6
100
AcDbEntity
  8
0
100
AcDbBlockEnd
  0
BLOCK
  5
664
330
663
100
AcDbEntity
  8
0
100
AcDbBlockBegin
  2
*Paper_Space15
 70
0
 10
0.0
 20
0.0
 30
0.0
  3
*Paper_Space15
  1

  0
LINE
  5
667
330
663
100
AcDbEntity
 67
1
  8
C-TOPO
100
AcDbLine
 10
4.0
 20
0.0
 30
0.0
 11
17.7
 21
0.0
 31
0.0
  0
TEXT
  5
668
330
663
100
AcDbEntity
 67
1
  8
C-TOPO
100
AcDbText
 10
4.0
 20
-0.3
 30
0.0
 40
0.14
  1
Kirmizi kot (red grade) datum, 0.00 m absolute -- PLACEHOLDER, see rationale.md
 11
4.0
 21
-0.3
 31
0.0
100
AcDbText
  0
LWPOLYLINE
  5
669
330
663
100
AcDbEntity
 67
1
  8
A-ELEV-WALL
100
AcDbPolyline
 90
4
 70
1
 10
5.0
 20
-4.6499999999999995
 10
16.7
 20
-4.6499999999999995
 10
16.7
 20
0.15000000000000036
 10
5.0
 20
0.15000000000000036
  0
TEXT
  5
66A
330
663
100
AcDbEntity
 67
1
  8
A-ANNO-NOTE
100
AcDbText
 10
17.0
 20
-4.55
 30
0.0
 40
0.16
  1
Bodrum Kat -- FFE -4.65 m
 11
17.0
 21
-4.55
 31
0.0
100
AcDbText
  0
LINE
  5
66B
330
663
100
AcDbEntity
 67
1
  8
A-ELEV-WALL
100
AcDbLine
 10
5.0
 20
-4.6499999999999995
 30
0.0
 11
16.7
 21
-4.6499999999999995
 31
0.0
  0
LWPOLYLINE
  5
66C
330
663
100
AcDbEntity
 67
1
  8
A-ELEV-WALL
100
AcDbPolyline
 90
4
 70
1
 10
5.0
 20
0.15
 10
10.93
 20
0.15
 10
10.93
 20
4.15
 10
5.0
 20
4.15
  0
TEXT
  5
66D
330
663
100
AcDbEntity
 67
1
  8
A-ANNO-NOTE
100
AcDbText
 10
17.0
 20
0.25
 30
0.0
 40
0.16
  1
Zemin Kat -- FFE +0.15 m
 11
17.0
 21
0.25
 31
0.0
100
AcDbText
  0
LINE
  5
66E
330
663
100
AcDbEntity
 67
1
  8
A-ELEV-WALL
100
AcDbLine
 10
5.0
 20
0.15
 30
0.0
 11
16.7
 21
0.15
 31
0.0
  0
LWPOLYLINE
  5
66F
330
663
100
AcDbEntity
 67
1
  8
A-ELEV-WALL
100
AcDbPolyline
 90
4
 70
1
 10
5.0
 20
4.15
 10
10.93
 20
4.15
 10
10.93
 20
7.65
 10
5.0
 20
7.65
  0
TEXT
  5
670
330
663
100
AcDbEntity
 67
1
  8
A-ANNO-NOTE
100
AcDbText
 10
17.0
 20
4.25
 30
0.0
 40
0.16
  1
1. Normal Kat -- FFE +4.15 m
 11
17.0
 21
4.25
 31
0.0
100
AcDbText
  0
LINE
  5
671
330
663
100
AcDbEntity
 67
1
  8
A-ELEV-WALL
100
AcDbLine
 10
5.0
 20
4.15
 30
0.0
 11
16.7
 21
4.15
 31
0.0
  0
LWPOLYLINE
  5
672
330
663
100
AcDbEntity
 67
1
  8
A-ELEV-WALL
100
AcDbPolyline
 90
4
 70
1
 10
5.0
 20
7.65
 10
10.93
 20
7.65
 10
10.93
 20
11.15
 10
5.0
 20
11.15
  0
TEXT
  5
673
330
663
100
AcDbEntity
 67
1
  8
A-ANNO-NOTE
100
AcDbText
 10
17.0
 20
7.75
 30
0.0
 40
0.16
  1
2. Normal Kat -- FFE +7.65 m
 11
17.0
 21
7.75
 31
0.0
100
AcDbText
  0
LINE
  5
674
330
663
100
AcDbEntity
 67
1
  8
A-ELEV-WALL
100
AcDbLine
 10
5.0
 20
7.65
 30
0.0
 11
16.7
 21
7.65
 31
0.0
  0
LWPOLYLINE
  5
675
330
663
100
AcDbEntity
 67
1
  8
A-ELEV-WALL
100
AcDbPolyline
 90
4
 70
1
 10
5.0
 20
11.15
 10
10.93
 20
11.15
 10
10.93
 20
14.65
 10
5.0
 20
14.65
  0
TEXT
  5
676
330
663
100
AcDbEntity
 67
1
  8
A-ANNO-NOTE
100
AcDbText
 10
17.0
 20
11.25
 30
0.0
 40
0.16
  1
3. Normal Kat -- FFE +11.15 m
 11
17.0
 21
11.25
 31
0.0
100
AcDbText
  0
LINE
  5
677
330
663
100
AcDbEntity
 67
1
  8
A-ELEV-WALL
100
AcDbLine
 10
5.0
 20
11.15
 30
0.0
 11
16.7
 21
11.15
 31
0.0
  0
LWPOLYLINE
  5
678
330
663
100
AcDbEntity
 67
1
  8
A-ELEV-WALL
100
AcDbPolyline
 90
4
 70
1
 10
5.0
 20
14.65
 10
10.0
 20
14.65
 10
10.0
 20
17.25
 10
5.0
 20
17.25
  0
TEXT
  5
679
330
663
100
AcDbEntity
 67
1
  8
A-ANNO-NOTE
100
AcDbText
 10
17.0
 20
14.75
 30
0.0
 40
0.16
  1
Cati Piyesi -- FFE +14.65 m
 11
17.0
 21
14.75
 31
0.0
100
AcDbText
  0
LINE
  5
67A
330
663
100
AcDbEntity
 67
1
  8
A-ELEV-WALL
100
AcDbLine
 10
5.0
 20
14.65
 30
0.0
 11
16.7
 21
14.65
 31
0.0
  0
DIMENSION
  5
67B
330
663
100
AcDbEntity
 67
1
  8
A-ANNO-DIMS
100
AcDbDimension
280
0
  3
Standard
 10
3.0
 20
-4.6499999999999995
 30
0.0
 11
3.0
 21
6.3
 31
0.0
 70
32
 71
5
  1
<>
100
AcDbAlignedDimension
 13
3.5
 23
-4.6499999999999995
 33
0.0
 14
3.5
 24
17.25
 34
0.0
 50
90.0
100
AcDbRotatedDimension
  0
POINT
  5
67C
330
663
100
AcDbEntity
 67
1
  8
Z-DATA-NOPLOT
100
AcDbPoint
 10
0.0
 20
0.0
 30
0.0
  0
MTEXT
  5
67D
330
663
100
AcDbEntity
 67
1
  8
A-ANNO-NOTE
100
AcDbMText
 10
5.0
 20
18.25
 30
0.0
 40
0.16
 71
1
  3
Parcel 377-1 -- Maximized Footprint, Reverse + Roof Duplex (schematic) -- LEFT ELEVATION (schematic, derived from plan geometry)\POverall height above red grade: 21.90 m (placeholder red-grade datum, see rationale.md)\POrthographic 2D elevation only 
  1
-- no 3D/render output in this pass.
  0
LWPOLYLINE
  5
67E
330
663
100
AcDbEntity
 67
1
  8
A-ANNO-TTLB
100
AcDbPolyline
 90
4
 70
1
 10
19.2
 20
11.85
 10
28.2
 20
11.85
 10
28.2
 20
17.25
 10
19.2
 20
17.25
  0
TEXT
  5
67F
330
663
100
AcDbEntity
 67
1
  8
A-ANNO-TTLB
100
AcDbText
 10
19.32
 20
16.791
 30
0.0
 40
0.21600000000000003
  1
PROJECT: Parcel 377/1 -- Ereğli Mah., Karamursel, Kocaeli (maximized footprint, reverse + roof duplex)
 11
19.32
 21
16.791
 31
0.0
100
AcDbText
  0
LINE
  5
680
330
663
100
AcDbEntity
 67
1
  8
A-ANNO-TTLB
100
AcDbLine
 10
19.2
 20
16.575
 30
0.0
 11
28.2
 21
16.575
 31
0.0
  0
TEXT
  5
681
330
663
100
AcDbEntity
 67
1
  8
A-ANNO-TTLB
100
AcDbText
 10
19.32
 20
16.116
 30
0.0
 40
0.21600000000000003
  1
PARCEL: Ada 377 / Parsel 1, Tapu Kutugu Eregli, Pafta G23D04D3D
 11
19.32
 21
16.116
 31
0.0
100
AcDbText
  0
LINE
  5
682
330
663
100
AcDbEntity
 67
1
  8
A-ANNO-TTLB
100
AcDbLine
 10
19.2
 20
15.9
 30
0.0
 11
28.2
 21
15.9
 31
0.0
  0
TEXT
  5
683
330
663
100
AcDbEntity
 67
1
  8
A-ANNO-TTLB
100
AcDbText
 10
19.32
 20
15.440999999999999
 30
0.0
 40
0.21600000000000003
  1
DATE: 2026-08-21
 11
19.32
 21
15.440999999999999
 31
0.0
100
AcDbText
  0
LINE
  5
684
330
663
100
AcDbEntity
 67
1
  8
A-ANNO-TTLB
100
AcDbLine
 10
19.2
 20
15.225
 30
0.0
 11
28.2
 21
15.225
 31
0.0
  0
TEXT
  5
685
330
663
100
AcDbEntity
 67
1
  8
A-ANNO-TTLB
100
AcDbText
 10
19.32
 20
14.765999999999998
 30
0.0
 40
0.21600000000000003
  1
SCALE: 1:100 (schematic)
 11
19.32
 21
14.765999999999998
 31
0.0
100
AcDbText
  0
LINE
  5
686
330
663
100
AcDbEntity
 67
1
  8
A-ANNO-TTLB
100
AcDbLine
 10
19.2
 20
14.55
 30
0.0
 11
28.2
 21
14.55
 31
0.0
  0
TEXT
  5
687
330
663
100
AcDbEntity
 67
1
  8
A-ANNO-TTLB
100
AcDbText
 10
19.32
 20
14.091
 30
0.0
 40
0.21600000000000003
  1
SHEET: A-303 -- Govde Gorunusu -- Sol
 11
19.32
 21
14.091
 31
0.0
100
AcDbText
  0
LINE
  5
688
330
663
100
AcDbEntity
 67
1
  8
A-ANNO-TTLB
100
AcDbLine
 10
19.2
 20
13.875
 30
0.0
 11
28.2
 21
13.875
 31
0.0
  0
TEXT
  5
689
330
663
100
AcDbEntity
 67
1
  8
A-ANNO-TTLB
100
AcDbText
 10
19.32
 20
13.415999999999999
 30
0.0
 40
0.21600000000000003
  1
PREPARED BY: Sirketim -- Architecture department (schematic, AI-assisted)
 11
19.32
 21
13.415999999999999
 31
0.0
100
AcDbText
  0
LINE
  5
68A
330
663
100
AcDbEntity
 67
1
  8
A-ANNO-TTLB
100
AcDbLine
 10
19.2
 20
13.2
 30
0.0
 11
28.2
 21
13.2
 31
0.0
  0
MTEXT
  5
68B
330
663
100
AcDbEntity
 67
1
  8
A-ANNO-TTLB
100
AcDbMText
 10
19.32
 20
13.1
 30
0.0
 40
0.162
 41
8.76
 71
1
  3
SCHEMATIC DRAWING -- NOT FOR PERMIT OR CONSTRUCTION. Requires review, revision and stamp by a licensed architect before permitting or construction. Not a substitute for a structural/MEP engineer's calculations. No governmental review or approval impl
  1
ied or granted by this drawing.
  0
ENDBLK
  5
665
330
663
100
AcDbEntity
  8
0
100
AcDbBlockEnd
  0
BLOCK
  5
68D
330
68C
100
AcDbEntity
  8
0
100
AcDbBlockBegin
  2
*Paper_Space16
 70
0
 10
0.0
 20
0.0
 30
0.0
  3
*Paper_Space16
  1

  0
LINE
  5
690
330
68C
100
AcDbEntity
 67
1
  8
C-TOPO
100
AcDbLine
 10
4.0
 20
0.0
 30
0.0
 11
17.7
 21
0.0
 31
0.0
  0
TEXT
  5
691
330
68C
100
AcDbEntity
 67
1
  8
C-TOPO
100
AcDbText
 10
4.0
 20
-0.3
 30
0.0
 40
0.14
  1
Kirmizi kot (red grade) datum, 0.00 m absolute -- PLACEHOLDER, see rationale.md
 11
4.0
 21
-0.3
 31
0.0
100
AcDbText
  0
LWPOLYLINE
  5
692
330
68C
100
AcDbEntity
 67
1
  8
A-ELEV-WALL
100
AcDbPolyline
 90
4
 70
1
 10
5.0
 20
-4.6499999999999995
 10
16.7
 20
-4.6499999999999995
 10
16.7
 20
0.15000000000000036
 10
5.0
 20
0.15000000000000036
  0
TEXT
  5
693
330
68C
100
AcDbEntity
 67
1
  8
A-ANNO-NOTE
100
AcDbText
 10
17.0
 20
-4.55
 30
0.0
 40
0.16
  1
Bodrum Kat -- FFE -4.65 m
 11
17.0
 21
-4.55
 31
0.0
100
AcDbText
  0
LINE
  5
694
330
68C
100
AcDbEntity
 67
1
  8
A-ELEV-WALL
100
AcDbLine
 10
5.0
 20
-4.6499999999999995
 30
0.0
 11
16.7
 21
-4.6499999999999995
 31
0.0
  0
LWPOLYLINE
  5
695
330
68C
100
AcDbEntity
 67
1
  8
A-ELEV-WALL
100
AcDbPolyline
 90
4
 70
1
 10
5.0
 20
0.15
 10
10.93
 20
0.15
 10
10.93
 20
4.15
 10
5.0
 20
4.15
  0
TEXT
  5
696
330
68C
100
AcDbEntity
 67
1
  8
A-ANNO-NOTE
100
AcDbText
 10
17.0
 20
0.25
 30
0.0
 40
0.16
  1
Zemin Kat -- FFE +0.15 m
 11
17.0
 21
0.25
 31
0.0
100
AcDbText
  0
LINE
  5
697
330
68C
100
AcDbEntity
 67
1
  8
A-ELEV-WALL
100
AcDbLine
 10
5.0
 20
0.15
 30
0.0
 11
16.7
 21
0.15
 31
0.0
  0
LWPOLYLINE
  5
698
330
68C
100
AcDbEntity
 67
1
  8
A-ELEV-WALL
100
AcDbPolyline
 90
4
 70
1
 10
5.0
 20
4.15
 10
10.93
 20
4.15
 10
10.93
 20
7.65
 10
5.0
 20
7.65
  0
TEXT
  5
699
330
68C
100
AcDbEntity
 67
1
  8
A-ANNO-NOTE
100
AcDbText
 10
17.0
 20
4.25
 30
0.0
 40
0.16
  1
1. Normal Kat -- FFE +4.15 m
 11
17.0
 21
4.25
 31
0.0
100
AcDbText
  0
LINE
  5
69A
330
68C
100
AcDbEntity
 67
1
  8
A-ELEV-WALL
100
AcDbLine
 10
5.0
 20
4.15
 30
0.0
 11
16.7
 21
4.15
 31
0.0
  0
LWPOLYLINE
  5
69B
330
68C
100
AcDbEntity
 67
1
  8
A-ELEV-WALL
100
AcDbPolyline
 90
4
 70
1
 10
5.0
 20
7.65
 10
10.93
 20
7.65
 10
10.93
 20
11.15
 10
5.0
 20
11.15
  0
TEXT
  5
69C
330
68C
100
AcDbEntity
 67
1
  8
A-ANNO-NOTE
100
AcDbText
 10
17.0
 20
7.75
 30
0.0
 40
0.16
  1
2. Normal Kat -- FFE +7.65 m
 11
17.0
 21
7.75
 31
0.0
100
AcDbText
  0
LINE
  5
69D
330
68C
100
AcDbEntity
 67
1
  8
A-ELEV-WALL
100
AcDbLine
 10
5.0
 20
7.65
 30
0.0
 11
16.7
 21
7.65
 31
0.0
  0
LWPOLYLINE
  5
69E
330
68C
100
AcDbEntity
 67
1
  8
A-ELEV-WALL
100
AcDbPolyline
 90
4
 70
1
 10
5.0
 20
11.15
 10
10.93
 20
11.15
 10
10.93
 20
14.65
 10
5.0
 20
14.65
  0
TEXT
  5
69F
330
68C
100
AcDbEntity
 67
1
  8
A-ANNO-NOTE
100
AcDbText
 10
17.0
 20
11.25
 30
0.0
 40
0.16
  1
3. Normal Kat -- FFE +11.15 m
 11
17.0
 21
11.25
 31
0.0
100
AcDbText
  0
LINE
  5
6A0
330
68C
100
AcDbEntity
 67
1
  8
A-ELEV-WALL
100
AcDbLine
 10
5.0
 20
11.15
 30
0.0
 11
16.7
 21
11.15
 31
0.0
  0
LWPOLYLINE
  5
6A1
330
68C
100
AcDbEntity
 67
1
  8
A-ELEV-WALL
100
AcDbPolyline
 90
4
 70
1
 10
5.0
 20
14.65
 10
10.0
 20
14.65
 10
10.0
 20
17.25
 10
5.0
 20
17.25
  0
TEXT
  5
6A2
330
68C
100
AcDbEntity
 67
1
  8
A-ANNO-NOTE
100
AcDbText
 10
17.0
 20
14.75
 30
0.0
 40
0.16
  1
Cati Piyesi -- FFE +14.65 m
 11
17.0
 21
14.75
 31
0.0
100
AcDbText
  0
LINE
  5
6A3
330
68C
100
AcDbEntity
 67
1
  8
A-ELEV-WALL
100
AcDbLine
 10
5.0
 20
14.65
 30
0.0
 11
16.7
 21
14.65
 31
0.0
  0
DIMENSION
  5
6A4
330
68C
100
AcDbEntity
 67
1
  8
A-ANNO-DIMS
100
AcDbDimension
280
0
  3
Standard
 10
3.0
 20
-4.6499999999999995
 30
0.0
 11
3.0
 21
6.3
 31
0.0
 70
32
 71
5
  1
<>
100
AcDbAlignedDimension
 13
3.5
 23
-4.6499999999999995
 33
0.0
 14
3.5
 24
17.25
 34
0.0
 50
90.0
100
AcDbRotatedDimension
  0
POINT
  5
6A5
330
68C
100
AcDbEntity
 67
1
  8
Z-DATA-NOPLOT
100
AcDbPoint
 10
0.0
 20
0.0
 30
0.0
  0
MTEXT
  5
6A6
330
68C
100
AcDbEntity
 67
1
  8
A-ANNO-NOTE
100
AcDbMText
 10
5.0
 20
18.25
 30
0.0
 40
0.16
 71
1
  3
Parcel 377-1 -- Maximized Footprint, Reverse + Roof Duplex (schematic) -- RIGHT ELEVATION (schematic, derived from plan geometry)\POverall height above red grade: 21.90 m (placeholder red-grade datum, see rationale.md)\POrthographic 2D elevation only
  1
 -- no 3D/render output in this pass.
  0
LWPOLYLINE
  5
6A7
330
68C
100
AcDbEntity
 67
1
  8
A-ANNO-TTLB
100
AcDbPolyline
 90
4
 70
1
 10
19.2
 20
11.85
 10
28.2
 20
11.85
 10
28.2
 20
17.25
 10
19.2
 20
17.25
  0
TEXT
  5
6A8
330
68C
100
AcDbEntity
 67
1
  8
A-ANNO-TTLB
100
AcDbText
 10
19.32
 20
16.791
 30
0.0
 40
0.21600000000000003
  1
PROJECT: Parcel 377/1 -- Ereğli Mah., Karamursel, Kocaeli (maximized footprint, reverse + roof duplex)
 11
19.32
 21
16.791
 31
0.0
100
AcDbText
  0
LINE
  5
6A9
330
68C
100
AcDbEntity
 67
1
  8
A-ANNO-TTLB
100
AcDbLine
 10
19.2
 20
16.575
 30
0.0
 11
28.2
 21
16.575
 31
0.0
  0
TEXT
  5
6AA
330
68C
100
AcDbEntity
 67
1
  8
A-ANNO-TTLB
100
AcDbText
 10
19.32
 20
16.116
 30
0.0
 40
0.21600000000000003
  1
PARCEL: Ada 377 / Parsel 1, Tapu Kutugu Eregli, Pafta G23D04D3D
 11
19.32
 21
16.116
 31
0.0
100
AcDbText
  0
LINE
  5
6AB
330
68C
100
AcDbEntity
 67
1
  8
A-ANNO-TTLB
100
AcDbLine
 10
19.2
 20
15.9
 30
0.0
 11
28.2
 21
15.9
 31
0.0
  0
TEXT
  5
6AC
330
68C
100
AcDbEntity
 67
1
  8
A-ANNO-TTLB
100
AcDbText
 10
19.32
 20
15.440999999999999
 30
0.0
 40
0.21600000000000003
  1
DATE: 2026-08-21
 11
19.32
 21
15.440999999999999
 31
0.0
100
AcDbText
  0
LINE
  5
6AD
330
68C
100
AcDbEntity
 67
1
  8
A-ANNO-TTLB
100
AcDbLine
 10
19.2
 20
15.225
 30
0.0
 11
28.2
 21
15.225
 31
0.0
  0
TEXT
  5
6AE
330
68C
100
AcDbEntity
 67
1
  8
A-ANNO-TTLB
100
AcDbText
 10
19.32
 20
14.765999999999998
 30
0.0
 40
0.21600000000000003
  1
SCALE: 1:100 (schematic)
 11
19.32
 21
14.765999999999998
 31
0.0
100
AcDbText
  0
LINE
  5
6AF
330
68C
100
AcDbEntity
 67
1
  8
A-ANNO-TTLB
100
AcDbLine
 10
19.2
 20
14.55
 30
0.0
 11
28.2
 21
14.55
 31
0.0
  0
TEXT
  5
6B0
330
68C
100
AcDbEntity
 67
1
  8
A-ANNO-TTLB
100
AcDbText
 10
19.32
 20
14.091
 30
0.0
 40
0.21600000000000003
  1
SHEET: A-304 -- Govde Gorunusu -- Sag
 11
19.32
 21
14.091
 31
0.0
100
AcDbText
  0
LINE
  5
6B1
330
68C
100
AcDbEntity
 67
1
  8
A-ANNO-TTLB
100
AcDbLine
 10
19.2
 20
13.875
 30
0.0
 11
28.2
 21
13.875
 31
0.0
  0
TEXT
  5
6B2
330
68C
100
AcDbEntity
 67
1
  8
A-ANNO-TTLB
100
AcDbText
 10
19.32
 20
13.415999999999999
 30
0.0
 40
0.21600000000000003
  1
PREPARED BY: Sirketim -- Architecture department (schematic, AI-assisted)
 11
19.32
 21
13.415999999999999
 31
0.0
100
AcDbText
  0
LINE
  5
6B3
330
68C
100
AcDbEntity
 67
1
  8
A-ANNO-TTLB
100
AcDbLine
 10
19.2
 20
13.2
 30
0.0
 11
28.2
 21
13.2
 31
0.0
  0
MTEXT
  5
6B4
330
68C
100
AcDbEntity
 67
1
  8
A-ANNO-TTLB
100
AcDbMText
 10
19.32
 20
13.1
 30
0.0
 40
0.162
 41
8.76
 71
1
  3
SCHEMATIC DRAWING -- NOT FOR PERMIT OR CONSTRUCTION. Requires review, revision and stamp by a licensed architect before permitting or construction. Not a substitute for a structural/MEP engineer's calculations. No governmental review or approval impl
  1
ied or granted by this drawing.
  0
ENDBLK
  5
68E
330
68C
100
AcDbEntity
  8
0
100
AcDbBlockEnd
  0
BLOCK
  5
6B6
330
6B5
100
AcDbEntity
  8
0
100
AcDbBlockBegin
  2
*Paper_Space17
 70
0
 10
0.0
 20
0.0
 30
0.0
  3
*Paper_Space17
  1

  0
LINE
  5
6B9
330
6B5
100
AcDbEntity
 67
1
  8
C-TOPO
100
AcDbLine
 10
4.0
 20
0.0
 30
0.0
 11
17.7
 21
0.0
 31
0.0
  0
TEXT
  5
6BA
330
6B5
100
AcDbEntity
 67
1
  8
C-TOPO
100
AcDbText
 10
4.0
 20
-0.3
 30
0.0
 40
0.14
  1
Kirmizi kot (red grade) datum, 0.00 m absolute -- PLACEHOLDER, see rationale.md
 11
4.0
 21
-0.3
 31
0.0
100
AcDbText
  0
LWPOLYLINE
  5
6BB
330
6B5
100
AcDbEntity
 67
1
  8
A-SECT-SLAB
100
AcDbPolyline
 90
4
 70
1
 10
5.0
 20
-4.85
 10
16.7
 20
-4.85
 10
16.7
 20
-4.6499999999999995
 10
5.0
 20
-4.6499999999999995
  0
LINE
  5
6BC
330
6B5
100
AcDbEntity
 67
1
  8
A-SECT-WALL
100
AcDbLine
 10
5.0
 20
0.15000000000000036
 30
0.0
 11
16.7
 21
0.15000000000000036
 31
0.0
  0
LINE
  5
6BD
330
6B5
100
AcDbEntity
 67
1
  8
A-SECT-WALL
100
AcDbLine
 10
5.0
 20
-4.6499999999999995
 30
0.0
 11
5.0
 21
0.15000000000000036
 31
0.0
  0
LINE
  5
6BE
330
6B5
100
AcDbEntity
 67
1
  8
A-SECT-WALL
100
AcDbLine
 10
16.7
 20
-4.6499999999999995
 30
0.0
 11
16.7
 21
0.15000000000000036
 31
0.0
  0
LINE
  5
6BF
330
6B5
100
AcDbEntity
 67
1
  8
A-SECT-WALL
100
AcDbLine
 10
5.0
 20
-4.6499999999999995
 30
0.0
 11
5.0
 21
0.15000000000000036
 31
0.0
  0
LINE
  5
6C0
330
6B5
100
AcDbEntity
 67
1
  8
A-SECT-WALL
100
AcDbLine
 10
7.725
 20
-4.6499999999999995
 30
0.0
 11
7.725
 21
0.15000000000000036
 31
0.0
  0
LINE
  5
6C1
330
6B5
100
AcDbEntity
 67
1
  8
A-SECT-WALL
100
AcDbLine
 10
16.7
 20
-4.6499999999999995
 30
0.0
 11
16.7
 21
0.15000000000000036
 31
0.0
  0
LWPOLYLINE
  5
6C2
330
6B5
100
AcDbEntity
 67
1
  8
A-SECT-CORE
100
AcDbPolyline
 90
4
 70
1
 10
5.125
 20
-4.6499999999999995
 10
7.675
 20
-4.6499999999999995
 10
7.675
 20
0.15000000000000036
 10
5.125
 20
0.15000000000000036
  0
TEXT
  5
6C3
330
6B5
100
AcDbEntity
 67
1
  8
A-ANNO-NOTE
100
AcDbText
 10
17.0
 20
-4.55
 30
0.0
 40
0.16
  1
Bodrum Kat -- FFE -4.65 m
 11
17.0
 21
-4.55
 31
0.0
100
AcDbText
  0
LWPOLYLINE
  5
6C4
330
6B5
100
AcDbEntity
 67
1
  8
A-SECT-SLAB
100
AcDbPolyline
 90
4
 70
1
 10
5.0
 20
-0.05000000000000002
 10
16.7
 20
-0.05000000000000002
 10
16.7
 20
0.15
 10
5.0
 20
0.15
  0
LINE
  5
6C5
330
6B5
100
AcDbEntity
 67
1
  8
A-SECT-WALL
100
AcDbLine
 10
5.0
 20
4.15
 30
0.0
 11
16.7
 21
4.15
 31
0.0
  0
LINE
  5
6C6
330
6B5
100
AcDbEntity
 67
1
  8
A-SECT-WALL
100
AcDbLine
 10
5.0
 20
0.15
 30
0.0
 11
5.0
 21
4.15
 31
0.0
  0
LINE
  5
6C7
330
6B5
100
AcDbEntity
 67
1
  8
A-SECT-WALL
100
AcDbLine
 10
16.7
 20
0.15
 30
0.0
 11
16.7
 21
4.15
 31
0.0
  0
LINE
  5
6C8
330
6B5
100
AcDbEntity
 67
1
  8
A-SECT-WALL
100
AcDbLine
 10
5.0
 20
0.15
 30
0.0
 11
5.0
 21
4.15
 31
0.0
  0
LINE
  5
6C9
330
6B5
100
AcDbEntity
 67
1
  8
A-SECT-WALL
100
AcDbLine
 10
7.725
 20
0.15
 30
0.0
 11
7.725
 21
4.15
 31
0.0
  0
LINE
  5
6CA
330
6B5
100
AcDbEntity
 67
1
  8
A-SECT-WALL
100
AcDbLine
 10
10.93
 20
0.15
 30
0.0
 11
10.93
 21
4.15
 31
0.0
  0
LWPOLYLINE
  5
6CB
330
6B5
100
AcDbEntity
 67
1
  8
A-SECT-CORE
100
AcDbPolyline
 90
4
 70
1
 10
5.125
 20
0.15
 10
7.675
 20
0.15
 10
7.675
 20
4.15
 10
5.125
 20
4.15
  0
TEXT
  5
6CC
330
6B5
100
AcDbEntity
 67
1
  8
A-ANNO-NOTE
100
AcDbText
 10
17.0
 20
0.25
 30
0.0
 40
0.16
  1
Zemin Kat -- FFE +0.15 m
 11
17.0
 21
0.25
 31
0.0
100
AcDbText
  0
LWPOLYLINE
  5
6CD
330
6B5
100
AcDbEntity
 67
1
  8
A-SECT-SLAB
100
AcDbPolyline
 90
4
 70
1
 10
5.0
 20
3.95
 10
16.7
 20
3.95
 10
16.7
 20
4.15
 10
5.0
 20
4.15
  0
LINE
  5
6CE
330
6B5
100
AcDbEntity
 67
1
  8
A-SECT-WALL
100
AcDbLine
 10
5.0
 20
7.65
 30
0.0
 11
16.7
 21
7.65
 31
0.0
  0
LINE
  5
6CF
330
6B5
100
AcDbEntity
 67
1
  8
A-SECT-WALL
100
AcDbLine
 10
5.0
 20
4.15
 30
0.0
 11
5.0
 21
7.65
 31
0.0
  0
LINE
  5
6D0
330
6B5
100
AcDbEntity
 67
1
  8
A-SECT-WALL
100
AcDbLine
 10
16.7
 20
4.15
 30
0.0
 11
16.7
 21
7.65
 31
0.0
  0
LINE
  5
6D1
330
6B5
100
AcDbEntity
 67
1
  8
A-SECT-WALL
100
AcDbLine
 10
5.0
 20
4.15
 30
0.0
 11
5.0
 21
7.65
 31
0.0
  0
LINE
  5
6D2
330
6B5
100
AcDbEntity
 67
1
  8
A-SECT-WALL
100
AcDbLine
 10
7.725
 20
4.15
 30
0.0
 11
7.725
 21
7.65
 31
0.0
  0
LINE
  5
6D3
330
6B5
100
AcDbEntity
 67
1
  8
A-SECT-WALL
100
AcDbLine
 10
10.93
 20
4.15
 30
0.0
 11
10.93
 21
7.65
 31
0.0
  0
LWPOLYLINE
  5
6D4
330
6B5
100
AcDbEntity
 67
1
  8
A-SECT-CORE
100
AcDbPolyline
 90
4
 70
1
 10
5.125
 20
4.15
 10
7.675
 20
4.15
 10
7.675
 20
7.65
 10
5.125
 20
7.65
  0
TEXT
  5
6D5
330
6B5
100
AcDbEntity
 67
1
  8
A-ANNO-NOTE
100
AcDbText
 10
17.0
 20
4.25
 30
0.0
 40
0.16
  1
1. Normal Kat -- FFE +4.15 m
 11
17.0
 21
4.25
 31
0.0
100
AcDbText
  0
LWPOLYLINE
  5
6D6
330
6B5
100
AcDbEntity
 67
1
  8
A-SECT-SLAB
100
AcDbPolyline
 90
4
 70
1
 10
5.0
 20
7.45
 10
16.7
 20
7.45
 10
16.7
 20
7.65
 10
5.0
 20
7.65
  0
LINE
  5
6D7
330
6B5
100
AcDbEntity
 67
1
  8
A-SECT-WALL
100
AcDbLine
 10
5.0
 20
11.15
 30
0.0
 11
16.7
 21
11.15
 31
0.0
  0
LINE
  5
6D8
330
6B5
100
AcDbEntity
 67
1
  8
A-SECT-WALL
100
AcDbLine
 10
5.0
 20
7.65
 30
0.0
 11
5.0
 21
11.15
 31
0.0
  0
LINE
  5
6D9
330
6B5
100
AcDbEntity
 67
1
  8
A-SECT-WALL
100
AcDbLine
 10
16.7
 20
7.65
 30
0.0
 11
16.7
 21
11.15
 31
0.0
  0
LINE
  5
6DA
330
6B5
100
AcDbEntity
 67
1
  8
A-SECT-WALL
100
AcDbLine
 10
5.0
 20
7.65
 30
0.0
 11
5.0
 21
11.15
 31
0.0
  0
LINE
  5
6DB
330
6B5
100
AcDbEntity
 67
1
  8
A-SECT-WALL
100
AcDbLine
 10
7.725
 20
7.65
 30
0.0
 11
7.725
 21
11.15
 31
0.0
  0
LINE
  5
6DC
330
6B5
100
AcDbEntity
 67
1
  8
A-SECT-WALL
100
AcDbLine
 10
10.93
 20
7.65
 30
0.0
 11
10.93
 21
11.15
 31
0.0
  0
LWPOLYLINE
  5
6DD
330
6B5
100
AcDbEntity
 67
1
  8
A-SECT-CORE
100
AcDbPolyline
 90
4
 70
1
 10
5.125
 20
7.65
 10
7.675
 20
7.65
 10
7.675
 20
11.15
 10
5.125
 20
11.15
  0
TEXT
  5
6DE
330
6B5
100
AcDbEntity
 67
1
  8
A-ANNO-NOTE
100
AcDbText
 10
17.0
 20
7.75
 30
0.0
 40
0.16
  1
2. Normal Kat -- FFE +7.65 m
 11
17.0
 21
7.75
 31
0.0
100
AcDbText
  0
LWPOLYLINE
  5
6DF
330
6B5
100
AcDbEntity
 67
1
  8
A-SECT-SLAB
100
AcDbPolyline
 90
4
 70
1
 10
5.0
 20
10.950000000000001
 10
16.7
 20
10.950000000000001
 10
16.7
 20
11.15
 10
5.0
 20
11.15
  0
LINE
  5
6E0
330
6B5
100
AcDbEntity
 67
1
  8
A-SECT-WALL
100
AcDbLine
 10
5.0
 20
14.65
 30
0.0
 11
16.7
 21
14.65
 31
0.0
  0
LINE
  5
6E1
330
6B5
100
AcDbEntity
 67
1
  8
A-SECT-WALL
100
AcDbLine
 10
5.0
 20
11.15
 30
0.0
 11
5.0
 21
14.65
 31
0.0
  0
LINE
  5
6E2
330
6B5
100
AcDbEntity
 67
1
  8
A-SECT-WALL
100
AcDbLine
 10
16.7
 20
11.15
 30
0.0
 11
16.7
 21
14.65
 31
0.0
  0
LINE
  5
6E3
330
6B5
100
AcDbEntity
 67
1
  8
A-SECT-WALL
100
AcDbLine
 10
5.0
 20
11.15
 30
0.0
 11
5.0
 21
14.65
 31
0.0
  0
LINE
  5
6E4
330
6B5
100
AcDbEntity
 67
1
  8
A-SECT-WALL
100
AcDbLine
 10
7.725
 20
11.15
 30
0.0
 11
7.725
 21
14.65
 31
0.0
  0
LINE
  5
6E5
330
6B5
100
AcDbEntity
 67
1
  8
A-SECT-WALL
100
AcDbLine
 10
10.93
 20
11.15
 30
0.0
 11
10.93
 21
14.65
 31
0.0
  0
LWPOLYLINE
  5
6E6
330
6B5
100
AcDbEntity
 67
1
  8
A-SECT-CORE
100
AcDbPolyline
 90
4
 70
1
 10
5.125
 20
11.15
 10
7.675
 20
11.15
 10
7.675
 20
14.65
 10
5.125
 20
14.65
  0
TEXT
  5
6E7
330
6B5
100
AcDbEntity
 67
1
  8
A-ANNO-NOTE
100
AcDbText
 10
17.0
 20
11.25
 30
0.0
 40
0.16
  1
3. Normal Kat -- FFE +11.15 m
 11
17.0
 21
11.25
 31
0.0
100
AcDbText
  0
LWPOLYLINE
  5
6E8
330
6B5
100
AcDbEntity
 67
1
  8
A-SECT-SLAB
100
AcDbPolyline
 90
4
 70
1
 10
5.0
 20
14.450000000000001
 10
16.7
 20
14.450000000000001
 10
16.7
 20
14.65
 10
5.0
 20
14.65
  0
LINE
  5
6E9
330
6B5
100
AcDbEntity
 67
1
  8
A-SECT-WALL
100
AcDbLine
 10
5.0
 20
17.25
 30
0.0
 11
16.7
 21
17.25
 31
0.0
  0
LINE
  5
6EA
330
6B5
100
AcDbEntity
 67
1
  8
A-SECT-WALL
100
AcDbLine
 10
5.0
 20
14.65
 30
0.0
 11
5.0
 21
17.25
 31
0.0
  0
LINE
  5
6EB
330
6B5
100
AcDbEntity
 67
1
  8
A-SECT-WALL
100
AcDbLine
 10
16.7
 20
14.65
 30
0.0
 11
16.7
 21
17.25
 31
0.0
  0
LINE
  5
6EC
330
6B5
100
AcDbEntity
 67
1
  8
A-SECT-WALL
100
AcDbLine
 10
5.0
 20
14.65
 30
0.0
 11
5.0
 21
17.25
 31
0.0
  0
LINE
  5
6ED
330
6B5
100
AcDbEntity
 67
1
  8
A-SECT-WALL
100
AcDbLine
 10
7.725
 20
14.65
 30
0.0
 11
7.725
 21
17.25
 31
0.0
  0
LINE
  5
6EE
330
6B5
100
AcDbEntity
 67
1
  8
A-SECT-WALL
100
AcDbLine
 10
10.0
 20
14.65
 30
0.0
 11
10.0
 21
17.25
 31
0.0
  0
LWPOLYLINE
  5
6EF
330
6B5
100
AcDbEntity
 67
1
  8
A-SECT-CORE
100
AcDbPolyline
 90
4
 70
1
 10
5.125
 20
14.65
 10
7.675
 20
14.65
 10
7.675
 20
17.25
 10
5.125
 20
17.25
  0
TEXT
  5
6F0
330
6B5
100
AcDbEntity
 67
1
  8
A-ANNO-NOTE
100
AcDbText
 10
17.0
 20
14.75
 30
0.0
 40
0.16
  1
Cati Piyesi -- FFE +14.65 m
 11
17.0
 21
14.75
 31
0.0
100
AcDbText
  0
TEXT
  5
6F1
330
6B5
100
AcDbEntity
 67
1
  8
A-SECT-CORE
100
AcDbText
 10
5.0
 20
17.75
 30
0.0
 40
0.14
  1
Merdiven + Asansor cekirdegi -- her katta ayni x/y konumunda (dusey surekli bosluk)
 11
5.0
 21
17.75
 31
0.0
100
AcDbText
  0
DIMENSION
  5
6F2
330
6B5
100
AcDbEntity
 67
1
  8
A-ANNO-DIMS
100
AcDbDimension
280
0
  3
Standard
 10
3.0
 20
-4.6499999999999995
 30
0.0
 11
3.0
 21
6.3
 31
0.0
 70
32
 71
5
  1
<>
100
AcDbAlignedDimension
 13
3.5
 23
-4.6499999999999995
 33
0.0
 14
3.5
 24
17.25
 34
0.0
 50
90.0
100
AcDbRotatedDimension
  0
POINT
  5
6F3
330
6B5
100
AcDbEntity
 67
1
  8
Z-DATA-NOPLOT
100
AcDbPoint
 10
0.0
 20
0.0
 30
0.0
  0
MTEXT
  5
6F4
330
6B5
100
AcDbEntity
 67
1
  8
A-ANNO-NOTE
100
AcDbMText
 10
5.0
 20
18.25
 30
0.0
 40
0.16
 71
1
  3
Parcel 377-1 -- Maximized Footprint, Reverse + Roof Duplex (schematic) -- LONGITUDINAL SECTION at X=4.62 m (through the vertical core, schematic)\POverall height above red grade: 21.90 m (placeholder red-grade datum, see rationale.md)\PNo pitched-roo
  1
f profile drawn -- top level capped flat at its own top elevation, see module docstring.
  0
LWPOLYLINE
  5
6F5
330
6B5
100
AcDbEntity
 67
1
  8
A-ANNO-TTLB
100
AcDbPolyline
 90
4
 70
1
 10
19.2
 20
11.85
 10
28.2
 20
11.85
 10
28.2
 20
17.25
 10
19.2
 20
17.25
  0
TEXT
  5
6F6
330
6B5
100
AcDbEntity
 67
1
  8
A-ANNO-TTLB
100
AcDbText
 10
19.32
 20
16.791
 30
0.0
 40
0.21600000000000003
  1
PROJECT: Parcel 377/1 -- Ereğli Mah., Karamursel, Kocaeli (maximized footprint, reverse + roof duplex)
 11
19.32
 21
16.791
 31
0.0
100
AcDbText
  0
LINE
  5
6F7
330
6B5
100
AcDbEntity
 67
1
  8
A-ANNO-TTLB
100
AcDbLine
 10
19.2
 20
16.575
 30
0.0
 11
28.2
 21
16.575
 31
0.0
  0
TEXT
  5
6F8
330
6B5
100
AcDbEntity
 67
1
  8
A-ANNO-TTLB
100
AcDbText
 10
19.32
 20
16.116
 30
0.0
 40
0.21600000000000003
  1
PARCEL: Ada 377 / Parsel 1, Tapu Kutugu Eregli, Pafta G23D04D3D
 11
19.32
 21
16.116
 31
0.0
100
AcDbText
  0
LINE
  5
6F9
330
6B5
100
AcDbEntity
 67
1
  8
A-ANNO-TTLB
100
AcDbLine
 10
19.2
 20
15.9
 30
0.0
 11
28.2
 21
15.9
 31
0.0
  0
TEXT
  5
6FA
330
6B5
100
AcDbEntity
 67
1
  8
A-ANNO-TTLB
100
AcDbText
 10
19.32
 20
15.440999999999999
 30
0.0
 40
0.21600000000000003
  1
DATE: 2026-08-21
 11
19.32
 21
15.440999999999999
 31
0.0
100
AcDbText
  0
LINE
  5
6FB
330
6B5
100
AcDbEntity
 67
1
  8
A-ANNO-TTLB
100
AcDbLine
 10
19.2
 20
15.225
 30
0.0
 11
28.2
 21
15.225
 31
0.0
  0
TEXT
  5
6FC
330
6B5
100
AcDbEntity
 67
1
  8
A-ANNO-TTLB
100
AcDbText
 10
19.32
 20
14.765999999999998
 30
0.0
 40
0.21600000000000003
  1
SCALE: 1:100 (schematic)
 11
19.32
 21
14.765999999999998
 31
0.0
100
AcDbText
  0
LINE
  5
6FD
330
6B5
100
AcDbEntity
 67
1
  8
A-ANNO-TTLB
100
AcDbLine
 10
19.2
 20
14.55
 30
0.0
 11
28.2
 21
14.55
 31
0.0
  0
TEXT
  5
6FE
330
6B5
100
AcDbEntity
 67
1
  8
A-ANNO-TTLB
100
AcDbText
 10
19.32
 20
14.091
 30
0.0
 40
0.21600000000000003
  1
SHEET: A-401 -- Boyuna Kesit (Cekirdek Ekseninden)
 11
19.32
 21
14.091
 31
0.0
100
AcDbText
  0
LINE
  5
6FF
330
6B5
100
AcDbEntity
 67
1
  8
A-ANNO-TTLB
100
AcDbLine
 10
19.2
 20
13.875
 30
0.0
 11
28.2
 21
13.875
 31
0.0
  0
TEXT
  5
700
330
6B5
100
AcDbEntity
 67
1
  8
A-ANNO-TTLB
100
AcDbText
 10
19.32
 20
13.415999999999999
 30
0.0
 40
0.21600000000000003
  1
PREPARED BY: Sirketim -- Architecture department (schematic, AI-assisted)
 11
19.32
 21
13.415999999999999
 31
0.0
100
AcDbText
  0
LINE
  5
701
330
6B5
100
AcDbEntity
 67
1
  8
A-ANNO-TTLB
100
AcDbLine
 10
19.2
 20
13.2
 30
0.0
 11
28.2
 21
13.2
 31
0.0
  0
MTEXT
  5
702
330
6B5
100
AcDbEntity
 67
1
  8
A-ANNO-TTLB
100
AcDbMText
 10
19.32
 20
13.1
 30
0.0
 40
0.162
 41
8.76
 71
1
  3
SCHEMATIC DRAWING -- NOT FOR PERMIT OR CONSTRUCTION. Requires review, revision and stamp by a licensed architect before permitting or construction. Not a substitute for a structural/MEP engineer's calculations. No governmental review or approval impl
  1
ied or granted by this drawing.
  0
ENDBLK
  5
6B7
330
6B5
100
AcDbEntity
  8
0
100
AcDbBlockEnd
  0
BLOCK
  5
707
330
706
100
AcDbEntity
  8
0
100
AcDbBlockBegin
  2
*Paper_Space18
 70
0
 10
0.0
 20
0.0
 30
0.0
  3
*Paper_Space18
  1

  0
LWPOLYLINE
  5
70A
330
706
100
AcDbEntity
 67
1
  8
A-ANNO-CALC
100
AcDbPolyline
 90
4
 70
1
 10
0.0
 20
0.0
 10
19.0
 20
0.0
 10
19.0
 20
-14.4
 10
0.0
 20
-14.4
  0
LINE
  5
70B
330
706
100
AcDbEntity
 67
1
  8
A-ANNO-CALC
100
AcDbLine
 10
0.0
 20
-0.32
 30
0.0
 11
19.0
 21
-0.32
 31
0.0
  0
TEXT
  5
70C
330
706
100
AcDbEntity
 67
1
  8
A-ANNO-CALC
100
AcDbText
 10
0.1
 20
-0.224
 30
0.0
 40
0.128
  1
Parcel 377-1 -- Maximized Footprint, Reverse + Roof Duplex (schematic) -- ALAN HESABI / TAKS-KAKS TABLOSU (schematic)
 11
0.1
 21
-0.224
 31
0.0
100
AcDbText
  0
LINE
  5
70D
330
706
100
AcDbEntity
 67
1
  8
A-ANNO-CALC
100
AcDbLine
 10
0.0
 20
-0.64
 30
0.0
 11
19.0
 21
-0.64
 31
0.0
  0
TEXT
  5
70E
330
706
100
AcDbEntity
 67
1
  8
A-ANNO-CALC
100
AcDbText
 10
0.08
 20
-0.5376
 30
0.0
 40
0.08960000000000001
  1
KALEM
 11
0.08
 21
-0.5376
 31
0.0
100
AcDbText
  0
TEXT
  5
70F
330
706
100
AcDbEntity
 67
1
  8
A-ANNO-CALC
100
AcDbText
 10
9.58
 20
-0.5376
 30
0.0
 40
0.08960000000000001
  1
DEGER
 11
9.58
 21
-0.5376
 31
0.0
100
AcDbText
  0
TEXT
  5
710
330
706
100
AcDbEntity
 67
1
  8
A-ANNO-CALC
100
AcDbText
 10
12.78
 20
-0.5376
 30
0.0
 40
0.08960000000000001
  1
SINIR / KOSUL
 11
12.78
 21
-0.5376
 31
0.0
100
AcDbText
  0
TEXT
  5
711
330
706
100
AcDbEntity
 67
1
  8
A-ANNO-CALC
100
AcDbText
 10
17.279999999999998
 20
-0.5376
 30
0.0
 40
0.08960000000000001
  1
SONUC
 11
17.279999999999998
 21
-0.5376
 31
0.0
100
AcDbText
  0
TEXT
  5
712
330
706
100
AcDbEntity
 67
1
  8
A-ANNO-CALC
100
AcDbText
 10
0.08
 20
-0.8575999999999999
 30
0.0
 40
0.08320000000000001
  1
Parsel alani (lot area)
 11
0.08
 21
-0.8575999999999999
 31
0.0
100
AcDbText
  0
TEXT
  5
713
330
706
100
AcDbEntity
 67
1
  8
A-ANNO-CALC
100
AcDbText
 10
9.58
 20
-0.8575999999999999
 30
0.0
 40
0.08320000000000001
  1
713.20 m2
 11
9.58
 21
-0.8575999999999999
 31
0.0
100
AcDbText
  0
TEXT
  5
714
330
706
100
AcDbEntity
 67
1
  8
A-ANNO-CALC
100
AcDbText
 10
12.78
 20
-0.8575999999999999
 30
0.0
 40
0.08320000000000001
  1
Visual-proportion estimate off imardurum
 11
12.78
 21
-0.8575999999999999
 31
0.0
100
AcDbText
  0
TEXT
  5
715
330
706
100
AcDbEntity
 67
1
  8
A-ANNO-CALC
100
AcDbText
 10
17.279999999999998
 20
-0.8575999999999999
 30
0.0
 40
0.08320000000000001
  1
--
 11
17.279999999999998
 21
-0.8575999999999999
 31
0.0
100
AcDbText
  0
LINE
  5
716
330
706
100
AcDbEntity
 67
1
  8
A-ANNO-CALC
100
AcDbLine
 10
0.0
 20
-0.96
 30
0.0
 11
19.0
 21
-0.96
 31
0.0
  0
TEXT
  5
717
330
706
100
AcDbEntity
 67
1
  8
A-ANNO-CALC
100
AcDbText
 10
0.08
 20
-1.1776
 30
0.0
 40
0.08320000000000001
  1
L-1 Bodrum Kat -- footprint alani
 11
0.08
 21
-1.1776
 31
0.0
100
AcDbText
  0
TEXT
  5
718
330
706
100
AcDbEntity
 67
1
  8
A-ANNO-CALC
100
AcDbText
 10
9.58
 20
-1.1776
 30
0.0
 40
0.08320000000000001
  1
351.23 m2
 11
9.58
 21
-1.1776
 31
0.0
100
AcDbText
  0
TEXT
  5
719
330
706
100
AcDbEntity
 67
1
  8
A-ANNO-CALC
100
AcDbText
 10
12.78
 20
-1.1776
 30
0.0
 40
0.08320000000000001
  1
--
 11
12.78
 21
-1.1776
 31
0.0
100
AcDbText
  0
TEXT
  5
71A
330
706
100
AcDbEntity
 67
1
  8
A-ANNO-CALC
100
AcDbText
 10
17.279999999999998
 20
-1.1776
 30
0.0
 40
0.08320000000000001
  1
--
 11
17.279999999999998
 21
-1.1776
 31
0.0
100
AcDbText
  0
LINE
  5
71B
330
706
100
AcDbEntity
 67
1
  8
A-ANNO-CALC
100
AcDbLine
 10
0.0
 20
-1.28
 30
0.0
 11
19.0
 21
-1.28
 31
0.0
  0
TEXT
  5
71C
330
706
100
AcDbEntity
 67
1
  8
A-ANNO-CALC
100
AcDbText
 10
0.08
 20
-1.4976
 30
0.0
 40
0.08320000000000001
  1
L0 Zemin Kat -- footprint alani
 11
0.08
 21
-1.4976
 31
0.0
100
AcDbText
  0
TEXT
  5
71D
330
706
100
AcDbEntity
 67
1
  8
A-ANNO-CALC
100
AcDbText
 10
9.58
 20
-1.4976
 30
0.0
 40
0.08320000000000001
  1
178.02 m2
 11
9.58
 21
-1.4976
 31
0.0
100
AcDbText
  0
TEXT
  5
71E
330
706
100
AcDbEntity
 67
1
  8
A-ANNO-CALC
100
AcDbText
 10
12.78
 20
-1.4976
 30
0.0
 40
0.08320000000000001
  1
--
 11
12.78
 21
-1.4976
 31
0.0
100
AcDbText
  0
TEXT
  5
71F
330
706
100
AcDbEntity
 67
1
  8
A-ANNO-CALC
100
AcDbText
 10
17.279999999999998
 20
-1.4976
 30
0.0
 40
0.08320000000000001
  1
--
 11
17.279999999999998
 21
-1.4976
 31
0.0
100
AcDbText
  0
LINE
  5
720
330
706
100
AcDbEntity
 67
1
  8
A-ANNO-CALC
100
AcDbLine
 10
0.0
 20
-1.6
 30
0.0
 11
19.0
 21
-1.6
 31
0.0
  0
TEXT
  5
721
330
706
100
AcDbEntity
 67
1
  8
A-ANNO-CALC
100
AcDbText
 10
0.08
 20
-1.8176
 30
0.0
 40
0.08320000000000001
  1
L1 1. Normal Kat -- footprint alani
 11
0.08
 21
-1.8176
 31
0.0
100
AcDbText
  0
TEXT
  5
722
330
706
100
AcDbEntity
 67
1
  8
A-ANNO-CALC
100
AcDbText
 10
9.58
 20
-1.8176
 30
0.0
 40
0.08320000000000001
  1
178.02 m2
 11
9.58
 21
-1.8176
 31
0.0
100
AcDbText
  0
TEXT
  5
723
330
706
100
AcDbEntity
 67
1
  8
A-ANNO-CALC
100
AcDbText
 10
12.78
 20
-1.8176
 30
0.0
 40
0.08320000000000001
  1
--
 11
12.78
 21
-1.8176
 31
0.0
100
AcDbText
  0
TEXT
  5
724
330
706
100
AcDbEntity
 67
1
  8
A-ANNO-CALC
100
AcDbText
 10
17.279999999999998
 20
-1.8176
 30
0.0
 40
0.08320000000000001
  1
--
 11
17.279999999999998
 21
-1.8176
 31
0.0
100
AcDbText
  0
LINE
  5
725
330
706
100
AcDbEntity
 67
1
  8
A-ANNO-CALC
100
AcDbLine
 10
0.0
 20
-1.92
 30
0.0
 11
19.0
 21
-1.92
 31
0.0
  0
TEXT
  5
726
330
706
100
AcDbEntity
 67
1
  8
A-ANNO-CALC
100
AcDbText
 10
0.08
 20
-2.1376
 30
0.0
 40
0.08320000000000001
  1
L2 2. Normal Kat -- footprint alani
 11
0.08
 21
-2.1376
 31
0.0
100
AcDbText
  0
TEXT
  5
727
330
706
100
AcDbEntity
 67
1
  8
A-ANNO-CALC
100
AcDbText
 10
9.58
 20
-2.1376
 30
0.0
 40
0.08320000000000001
  1
178.02 m2
 11
9.58
 21
-2.1376
 31
0.0
100
AcDbText
  0
TEXT
  5
728
330
706
100
AcDbEntity
 67
1
  8
A-ANNO-CALC
100
AcDbText
 10
12.78
 20
-2.1376
 30
0.0
 40
0.08320000000000001
  1
--
 11
12.78
 21
-2.1376
 31
0.0
100
AcDbText
  0
TEXT
  5
729
330
706
100
AcDbEntity
 67
1
  8
A-ANNO-CALC
100
AcDbText
 10
17.279999999999998
 20
-2.1376
 30
0.0
 40
0.08320000000000001
  1
--
 11
17.279999999999998
 21
-2.1376
 31
0.0
100
AcDbText
  0
LINE
  5
72A
330
706
100
AcDbEntity
 67
1
  8
A-ANNO-CALC
100
AcDbLine
 10
0.0
 20
-2.24
 30
0.0
 11
19.0
 21
-2.24
 31
0.0
  0
TEXT
  5
72B
330
706
100
AcDbEntity
 67
1
  8
A-ANNO-CALC
100
AcDbText
 10
0.08
 20
-2.4576000000000002
 30
0.0
 40
0.08320000000000001
  1
L3 3. Normal Kat -- footprint alani
 11
0.08
 21
-2.4576000000000002
 31
0.0
100
AcDbText
  0
TEXT
  5
72C
330
706
100
AcDbEntity
 67
1
  8
A-ANNO-CALC
100
AcDbText
 10
9.58
 20
-2.4576000000000002
 30
0.0
 40
0.08320000000000001
  1
160.11 m2
 11
9.58
 21
-2.4576000000000002
 31
0.0
100
AcDbText
  0
TEXT
  5
72D
330
706
100
AcDbEntity
 67
1
  8
A-ANNO-CALC
100
AcDbText
 10
12.78
 20
-2.4576000000000002
 30
0.0
 40
0.08320000000000001
  1
--
 11
12.78
 21
-2.4576000000000002
 31
0.0
100
AcDbText
  0
TEXT
  5
72E
330
706
100
AcDbEntity
 67
1
  8
A-ANNO-CALC
100
AcDbText
 10
17.279999999999998
 20
-2.4576000000000002
 30
0.0
 40
0.08320000000000001
  1
--
 11
17.279999999999998
 21
-2.4576000000000002
 31
0.0
100
AcDbText
  0
LINE
  5
72F
330
706
100
AcDbEntity
 67
1
  8
A-ANNO-CALC
100
AcDbLine
 10
0.0
 20
-2.56
 30
0.0
 11
19.0
 21
-2.56
 31
0.0
  0
TEXT
  5
730
330
706
100
AcDbEntity
 67
1
  8
A-ANNO-CALC
100
AcDbText
 10
0.08
 20
-2.7776
 30
0.0
 40
0.08320000000000001
  1
L4 Cati Piyesi -- footprint alani
 11
0.08
 21
-2.7776
 31
0.0
100
AcDbText
  0
TEXT
  5
731
330
706
100
AcDbEntity
 67
1
  8
A-ANNO-CALC
100
AcDbText
 10
9.58
 20
-2.7776
 30
0.0
 40
0.08320000000000001
  1
135.00 m2
 11
9.58
 21
-2.7776
 31
0.0
100
AcDbText
  0
TEXT
  5
732
330
706
100
AcDbEntity
 67
1
  8
A-ANNO-CALC
100
AcDbText
 10
12.78
 20
-2.7776
 30
0.0
 40
0.08320000000000001
  1
--
 11
12.78
 21
-2.7776
 31
0.0
100
AcDbText
  0
TEXT
  5
733
330
706
100
AcDbEntity
 67
1
  8
A-ANNO-CALC
100
AcDbText
 10
17.279999999999998
 20
-2.7776
 30
0.0
 40
0.08320000000000001
  1
--
 11
17.279999999999998
 21
-2.7776
 31
0.0
100
AcDbText
  0
LINE
  5
734
330
706
100
AcDbEntity
 67
1
  8
A-ANNO-CALC
100
AcDbLine
 10
0.0
 20
-2.8800000000000003
 30
0.0
 11
19.0
 21
-2.8800000000000003
 31
0.0
  0
TEXT
  5
735
330
706
100
AcDbEntity
 67
1
  8
A-ANNO-CALC
100
AcDbText
 10
0.08
 20
-3.0976000000000004
 30
0.0
 40
0.08320000000000001
  1
Toplam insaat alani (tum kayitli footprintler)
 11
0.08
 21
-3.0976000000000004
 31
0.0
100
AcDbText
  0
TEXT
  5
736
330
706
100
AcDbEntity
 67
1
  8
A-ANNO-CALC
100
AcDbText
 10
9.58
 20
-3.0976000000000004
 30
0.0
 40
0.08320000000000001
  1
1180.40 m2
 11
9.58
 21
-3.0976000000000004
 31
0.0
100
AcDbText
  0
TEXT
  5
737
330
706
100
AcDbEntity
 67
1
  8
A-ANNO-CALC
100
AcDbText
 10
12.78
 20
-3.0976000000000004
 30
0.0
 40
0.08320000000000001
  1
--
 11
12.78
 21
-3.0976000000000004
 31
0.0
100
AcDbText
  0
TEXT
  5
738
330
706
100
AcDbEntity
 67
1
  8
A-ANNO-CALC
100
AcDbText
 10
17.279999999999998
 20
-3.0976000000000004
 30
0.0
 40
0.08320000000000001
  1
--
 11
17.279999999999998
 21
-3.0976000000000004
 31
0.0
100
AcDbText
  0
LINE
  5
739
330
706
100
AcDbEntity
 67
1
  8
A-ANNO-CALC
100
AcDbLine
 10
0.0
 20
-3.2
 30
0.0
 11
19.0
 21
-3.2
 31
0.0
  0
TEXT
  5
73A
330
706
100
AcDbEntity
 67
1
  8
A-ANNO-CALC
100
AcDbText
 10
0.08
 20
-3.4176
 30
0.0
 40
0.08320000000000001
  1
[bonus] L-1: drawn lot boundary matches intake lot geometry
 11
0.08
 21
-3.4176
 31
0.0
100
AcDbText
  0
TEXT
  5
73B
330
706
100
AcDbEntity
 67
1
  8
A-ANNO-CALC
100
AcDbText
 10
9.58
 20
-3.4176
 30
0.0
 40
0.08320000000000001
  1
713.1960
 11
9.58
 21
-3.4176
 31
0.0
100
AcDbText
  0
TEXT
  5
73C
330
706
100
AcDbEntity
 67
1
  8
A-ANNO-CALC
100
AcDbText
 10
12.78
 20
-3.4176
 30
0.0
 40
0.08320000000000001
  1
== 713.1960
 11
12.78
 21
-3.4176
 31
0.0
100
AcDbText
  0
TEXT
  5
73D
330
706
100
AcDbEntity
 67
1
  8
A-ANNO-CALC
100
AcDbText
 10
17.279999999999998
 20
-3.4176
 30
0.0
 40
0.08320000000000001
  1
PASS
 11
17.279999999999998
 21
-3.4176
 31
0.0
100
AcDbText
  0
LINE
  5
73E
330
706
100
AcDbEntity
 67
1
  8
A-ANNO-CALC
100
AcDbLine
 10
0.0
 20
-3.52
 30
0.0
 11
19.0
 21
-3.52
 31
0.0
  0
TEXT
  5
73F
330
706
100
AcDbEntity
 67
1
  8
A-ANNO-CALC
100
AcDbText
 10
0.08
 20
-3.7376
 30
0.0
 40
0.08320000000000001
  1
L-1: Front setback
 11
0.08
 21
-3.7376
 31
0.0
100
AcDbText
  0
TEXT
  5
740
330
706
100
AcDbEntity
 67
1
  8
A-ANNO-CALC
100
AcDbText
 10
9.58
 20
-3.7376
 30
0.0
 40
0.08320000000000001
  1
5.0000
 11
9.58
 21
-3.7376
 31
0.0
100
AcDbText
  0
TEXT
  5
741
330
706
100
AcDbEntity
 67
1
  8
A-ANNO-CALC
100
AcDbText
 10
12.78
 20
-3.7376
 30
0.0
 40
0.08320000000000001
  1
>= 5.0000
 11
12.78
 21
-3.7376
 31
0.0
100
AcDbText
  0
TEXT
  5
742
330
706
100
AcDbEntity
 67
1
  8
A-ANNO-CALC
100
AcDbText
 10
17.279999999999998
 20
-3.7376
 30
0.0
 40
0.08320000000000001
  1
PASS
 11
17.279999999999998
 21
-3.7376
 31
0.0
100
AcDbText
  0
LINE
  5
743
330
706
100
AcDbEntity
 67
1
  8
A-ANNO-CALC
100
AcDbLine
 10
0.0
 20
-3.8400000000000003
 30
0.0
 11
19.0
 21
-3.8400000000000003
 31
0.0
  0
TEXT
  5
744
330
706
100
AcDbEntity
 67
1
  8
A-ANNO-CALC
100
AcDbText
 10
0.08
 20
-4.0576
 30
0.0
 40
0.08320000000000001
  1
L-1: Rear setback
 11
0.08
 21
-4.0576
 31
0.0
100
AcDbText
  0
TEXT
  5
745
330
706
100
AcDbEntity
 67
1
  8
A-ANNO-CALC
100
AcDbText
 10
9.58
 20
-4.0576
 30
0.0
 40
0.08320000000000001
  1
3.1000
 11
9.58
 21
-4.0576
 31
0.0
100
AcDbText
  0
TEXT
  5
746
330
706
100
AcDbEntity
 67
1
  8
A-ANNO-CALC
100
AcDbText
 10
12.78
 20
-4.0576
 30
0.0
 40
0.08320000000000001
  1
>= 3.0000
 11
12.78
 21
-4.0576
 31
0.0
100
AcDbText
  0
TEXT
  5
747
330
706
100
AcDbEntity
 67
1
  8
A-ANNO-CALC
100
AcDbText
 10
17.279999999999998
 20
-4.0576
 30
0.0
 40
0.08320000000000001
  1
PASS
 11
17.279999999999998
 21
-4.0576
 31
0.0
100
AcDbText
  0
LINE
  5
748
330
706
100
AcDbEntity
 67
1
  8
A-ANNO-CALC
100
AcDbLine
 10
0.0
 20
-4.16
 30
0.0
 11
19.0
 21
-4.16
 31
0.0
  0
TEXT
  5
749
330
706
100
AcDbEntity
 67
1
  8
A-ANNO-CALC
100
AcDbText
 10
0.08
 20
-4.3776
 30
0.0
 40
0.08320000000000001
  1
L-1: Side setback (left)
 11
0.08
 21
-4.3776
 31
0.0
100
AcDbText
  0
TEXT
  5
74A
330
706
100
AcDbEntity
 67
1
  8
A-ANNO-CALC
100
AcDbText
 10
9.58
 20
-4.3776
 30
0.0
 40
0.08320000000000001
  1
3.0000
 11
9.58
 21
-4.3776
 31
0.0
100
AcDbText
  0
TEXT
  5
74B
330
706
100
AcDbEntity
 67
1
  8
A-ANNO-CALC
100
AcDbText
 10
12.78
 20
-4.3776
 30
0.0
 40
0.08320000000000001
  1
>= 3.0000
 11
12.78
 21
-4.3776
 31
0.0
100
AcDbText
  0
TEXT
  5
74C
330
706
100
AcDbEntity
 67
1
  8
A-ANNO-CALC
100
AcDbText
 10
17.279999999999998
 20
-4.3776
 30
0.0
 40
0.08320000000000001
  1
PASS
 11
17.279999999999998
 21
-4.3776
 31
0.0
100
AcDbText
  0
LINE
  5
74D
330
706
100
AcDbEntity
 67
1
  8
A-ANNO-CALC
100
AcDbLine
 10
0.0
 20
-4.4799999999999995
 30
0.0
 11
19.0
 21
-4.4799999999999995
 31
0.0
  0
TEXT
  5
74E
330
706
100
AcDbEntity
 67
1
  8
A-ANNO-CALC
100
AcDbText
 10
0.08
 20
-4.6975999999999996
 30
0.0
 40
0.08320000000000001
  1
L-1: Side setback (right)
 11
0.08
 21
-4.6975999999999996
 31
0.0
100
AcDbText
  0
TEXT
  5
74F
330
706
100
AcDbEntity
 67
1
  8
A-ANNO-CALC
100
AcDbText
 10
9.58
 20
-4.6975999999999996
 30
0.0
 40
0.08320000000000001
  1
3.0000
 11
9.58
 21
-4.6975999999999996
 31
0.0
100
AcDbText
  0
TEXT
  5
750
330
706
100
AcDbEntity
 67
1
  8
A-ANNO-CALC
100
AcDbText
 10
12.78
 20
-4.6975999999999996
 30
0.0
 40
0.08320000000000001
  1
>= 3.0000
 11
12.78
 21
-4.6975999999999996
 31
0.0
100
AcDbText
  0
TEXT
  5
751
330
706
100
AcDbEntity
 67
1
  8
A-ANNO-CALC
100
AcDbText
 10
17.279999999999998
 20
-4.6975999999999996
 30
0.0
 40
0.08320000000000001
  1
PASS
 11
17.279999999999998
 21
-4.6975999999999996
 31
0.0
100
AcDbText
  0
LINE
  5
752
330
706
100
AcDbEntity
 67
1
  8
A-ANNO-CALC
100
AcDbLine
 10
0.0
 20
-4.8
 30
0.0
 11
19.0
 21
-4.8
 31
0.0
  0
TEXT
  5
753
330
706
100
AcDbEntity
 67
1
  8
A-ANNO-CALC
100
AcDbText
 10
0.08
 20
-5.0176
 30
0.0
 40
0.08320000000000001
  1
[bonus] L0: drawn lot boundary matches intake lot geometry
 11
0.08
 21
-5.0176
 31
0.0
100
AcDbText
  0
TEXT
  5
754
330
706
100
AcDbEntity
 67
1
  8
A-ANNO-CALC
100
AcDbText
 10
9.58
 20
-5.0176
 30
0.0
 40
0.08320000000000001
  1
713.1960
 11
9.58
 21
-5.0176
 31
0.0
100
AcDbText
  0
TEXT
  5
755
330
706
100
AcDbEntity
 67
1
  8
A-ANNO-CALC
100
AcDbText
 10
12.78
 20
-5.0176
 30
0.0
 40
0.08320000000000001
  1
== 713.1960
 11
12.78
 21
-5.0176
 31
0.0
100
AcDbText
  0
TEXT
  5
756
330
706
100
AcDbEntity
 67
1
  8
A-ANNO-CALC
100
AcDbText
 10
17.279999999999998
 20
-5.0176
 30
0.0
 40
0.08320000000000001
  1
PASS
 11
17.279999999999998
 21
-5.0176
 31
0.0
100
AcDbText
  0
LINE
  5
757
330
706
100
AcDbEntity
 67
1
  8
A-ANNO-CALC
100
AcDbLine
 10
0.0
 20
-5.12
 30
0.0
 11
19.0
 21
-5.12
 31
0.0
  0
TEXT
  5
758
330
706
100
AcDbEntity
 67
1
  8
A-ANNO-CALC
100
AcDbText
 10
0.08
 20
-5.3376
 30
0.0
 40
0.08320000000000001
  1
L0: Front setback
 11
0.08
 21
-5.3376
 31
0.0
100
AcDbText
  0
TEXT
  5
759
330
706
100
AcDbEntity
 67
1
  8
A-ANNO-CALC
100
AcDbText
 10
9.58
 20
-5.3376
 30
0.0
 40
0.08320000000000001
  1
5.0000
 11
9.58
 21
-5.3376
 31
0.0
100
AcDbText
  0
TEXT
  5
75A
330
706
100
AcDbEntity
 67
1
  8
A-ANNO-CALC
100
AcDbText
 10
12.78
 20
-5.3376
 30
0.0
 40
0.08320000000000001
  1
>= 5.0000
 11
12.78
 21
-5.3376
 31
0.0
100
AcDbText
  0
TEXT
  5
75B
330
706
100
AcDbEntity
 67
1
  8
A-ANNO-CALC
100
AcDbText
 10
17.279999999999998
 20
-5.3376
 30
0.0
 40
0.08320000000000001
  1
PASS
 11
17.279999999999998
 21
-5.3376
 31
0.0
100
AcDbText
  0
LINE
  5
75C
330
706
100
AcDbEntity
 67
1
  8
A-ANNO-CALC
100
AcDbLine
 10
0.0
 20
-5.4399999999999995
 30
0.0
 11
19.0
 21
-5.4399999999999995
 31
0.0
  0
TEXT
  5
75D
330
706
100
AcDbEntity
 67
1
  8
A-ANNO-CALC
100
AcDbText
 10
0.08
 20
-5.6575999999999995
 30
0.0
 40
0.08320000000000001
  1
L0: Rear setback
 11
0.08
 21
-5.6575999999999995
 31
0.0
100
AcDbText
  0
TEXT
  5
75E
330
706
100
AcDbEntity
 67
1
  8
A-ANNO-CALC
100
AcDbText
 10
9.58
 20
-5.6575999999999995
 30
0.0
 40
0.08320000000000001
  1
8.8700
 11
9.58
 21
-5.6575999999999995
 31
0.0
100
AcDbText
  0
TEXT
  5
75F
330
706
100
AcDbEntity
 67
1
  8
A-ANNO-CALC
100
AcDbText
 10
12.78
 20
-5.6575999999999995
 30
0.0
 40
0.08320000000000001
  1
>= 3.0000
 11
12.78
 21
-5.6575999999999995
 31
0.0
100
AcDbText
  0
TEXT
  5
760
330
706
100
AcDbEntity
 67
1
  8
A-ANNO-CALC
100
AcDbText
 10
17.279999999999998
 20
-5.6575999999999995
 30
0.0
 40
0.08320000000000001
  1
PASS
 11
17.279999999999998
 21
-5.6575999999999995
 31
0.0
100
AcDbText
  0
LINE
  5
761
330
706
100
AcDbEntity
 67
1
  8
A-ANNO-CALC
100
AcDbLine
 10
0.0
 20
-5.76
 30
0.0
 11
19.0
 21
-5.76
 31
0.0
  0
TEXT
  5
762
330
706
100
AcDbEntity
 67
1
  8
A-ANNO-CALC
100
AcDbText
 10
0.08
 20
-5.9776
 30
0.0
 40
0.08320000000000001
  1
L0: Side setback (left)
 11
0.08
 21
-5.9776
 31
0.0
100
AcDbText
  0
TEXT
  5
763
330
706
100
AcDbEntity
 67
1
  8
A-ANNO-CALC
100
AcDbText
 10
9.58
 20
-5.9776
 30
0.0
 40
0.08320000000000001
  1
3.0000
 11
9.58
 21
-5.9776
 31
0.0
100
AcDbText
  0
TEXT
  5
764
330
706
100
AcDbEntity
 67
1
  8
A-ANNO-CALC
100
AcDbText
 10
12.78
 20
-5.9776
 30
0.0
 40
0.08320000000000001
  1
>= 3.0000
 11
12.78
 21
-5.9776
 31
0.0
100
AcDbText
  0
TEXT
  5
765
330
706
100
AcDbEntity
 67
1
  8
A-ANNO-CALC
100
AcDbText
 10
17.279999999999998
 20
-5.9776
 30
0.0
 40
0.08320000000000001
  1
PASS
 11
17.279999999999998
 21
-5.9776
 31
0.0
100
AcDbText
  0
LINE
  5
766
330
706
100
AcDbEntity
 67
1
  8
A-ANNO-CALC
100
AcDbLine
 10
0.0
 20
-6.08
 30
0.0
 11
19.0
 21
-6.08
 31
0.0
  0
TEXT
  5
767
330
706
100
AcDbEntity
 67
1
  8
A-ANNO-CALC
100
AcDbText
 10
0.08
 20
-6.2976
 30
0.0
 40
0.08320000000000001
  1
L0: Side setback (right)
 11
0.08
 21
-6.2976
 31
0.0
100
AcDbText
  0
TEXT
  5
768
330
706
100
AcDbEntity
 67
1
  8
A-ANNO-CALC
100
AcDbText
 10
9.58
 20
-6.2976
 30
0.0
 40
0.08320000000000001
  1
3.0000
 11
9.58
 21
-6.2976
 31
0.0
100
AcDbText
  0
TEXT
  5
769
330
706
100
AcDbEntity
 67
1
  8
A-ANNO-CALC
100
AcDbText
 10
12.78
 20
-6.2976
 30
0.0
 40
0.08320000000000001
  1
>= 3.0000
 11
12.78
 21
-6.2976
 31
0.0
100
AcDbText
  0
TEXT
  5
76A
330
706
100
AcDbEntity
 67
1
  8
A-ANNO-CALC
100
AcDbText
 10
17.279999999999998
 20
-6.2976
 30
0.0
 40
0.08320000000000001
  1
PASS
 11
17.279999999999998
 21
-6.2976
 31
0.0
100
AcDbText
  0
LINE
  5
76B
330
706
100
AcDbEntity
 67
1
  8
A-ANNO-CALC
100
AcDbLine
 10
0.0
 20
-6.3999999999999995
 30
0.0
 11
19.0
 21
-6.3999999999999995
 31
0.0
  0
TEXT
  5
76C
330
706
100
AcDbEntity
 67
1
  8
A-ANNO-CALC
100
AcDbText
 10
0.08
 20
-6.6175999999999995
 30
0.0
 40
0.08320000000000001
  1
[bonus] L1: drawn lot boundary matches intake lot geometry
 11
0.08
 21
-6.6175999999999995
 31
0.0
100
AcDbText
  0
TEXT
  5
76D
330
706
100
AcDbEntity
 67
1
  8
A-ANNO-CALC
100
AcDbText
 10
9.58
 20
-6.6175999999999995
 30
0.0
 40
0.08320000000000001
  1
713.1960
 11
9.58
 21
-6.6175999999999995
 31
0.0
100
AcDbText
  0
TEXT
  5
76E
330
706
100
AcDbEntity
 67
1
  8
A-ANNO-CALC
100
AcDbText
 10
12.78
 20
-6.6175999999999995
 30
0.0
 40
0.08320000000000001
  1
== 713.1960
 11
12.78
 21
-6.6175999999999995
 31
0.0
100
AcDbText
  0
TEXT
  5
76F
330
706
100
AcDbEntity
 67
1
  8
A-ANNO-CALC
100
AcDbText
 10
17.279999999999998
 20
-6.6175999999999995
 30
0.0
 40
0.08320000000000001
  1
PASS
 11
17.279999999999998
 21
-6.6175999999999995
 31
0.0
100
AcDbText
  0
LINE
  5
770
330
706
100
AcDbEntity
 67
1
  8
A-ANNO-CALC
100
AcDbLine
 10
0.0
 20
-6.72
 30
0.0
 11
19.0
 21
-6.72
 31
0.0
  0
TEXT
  5
771
330
706
100
AcDbEntity
 67
1
  8
A-ANNO-CALC
100
AcDbText
 10
0.08
 20
-6.9376
 30
0.0
 40
0.08320000000000001
  1
L1: Front setback
 11
0.08
 21
-6.9376
 31
0.0
100
AcDbText
  0
TEXT
  5
772
330
706
100
AcDbEntity
 67
1
  8
A-ANNO-CALC
100
AcDbText
 10
9.58
 20
-6.9376
 30
0.0
 40
0.08320000000000001
  1
5.0000
 11
9.58
 21
-6.9376
 31
0.0
100
AcDbText
  0
TEXT
  5
773
330
706
100
AcDbEntity
 67
1
  8
A-ANNO-CALC
100
AcDbText
 10
12.78
 20
-6.9376
 30
0.0
 40
0.08320000000000001
  1
>= 5.0000
 11
12.78
 21
-6.9376
 31
0.0
100
AcDbText
  0
TEXT
  5
774
330
706
100
AcDbEntity
 67
1
  8
A-ANNO-CALC
100
AcDbText
 10
17.279999999999998
 20
-6.9376
 30
0.0
 40
0.08320000000000001
  1
PASS
 11
17.279999999999998
 21
-6.9376
 31
0.0
100
AcDbText
  0
LINE
  5
775
330
706
100
AcDbEntity
 67
1
  8
A-ANNO-CALC
100
AcDbLine
 10
0.0
 20
-7.04
 30
0.0
 11
19.0
 21
-7.04
 31
0.0
  0
TEXT
  5
776
330
706
100
AcDbEntity
 67
1
  8
A-ANNO-CALC
100
AcDbText
 10
0.08
 20
-7.2576
 30
0.0
 40
0.08320000000000001
  1
L1: Rear setback
 11
0.08
 21
-7.2576
 31
0.0
100
AcDbText
  0
TEXT
  5
777
330
706
100
AcDbEntity
 67
1
  8
A-ANNO-CALC
100
AcDbText
 10
9.58
 20
-7.2576
 30
0.0
 40
0.08320000000000001
  1
8.8700
 11
9.58
 21
-7.2576
 31
0.0
100
AcDbText
  0
TEXT
  5
778
330
706
100
AcDbEntity
 67
1
  8
A-ANNO-CALC
100
AcDbText
 10
12.78
 20
-7.2576
 30
0.0
 40
0.08320000000000001
  1
>= 3.0000
 11
12.78
 21
-7.2576
 31
0.0
100
AcDbText
  0
TEXT
  5
779
330
706
100
AcDbEntity
 67
1
  8
A-ANNO-CALC
100
AcDbText
 10
17.279999999999998
 20
-7.2576
 30
0.0
 40
0.08320000000000001
  1
PASS
 11
17.279999999999998
 21
-7.2576
 31
0.0
100
AcDbText
  0
LINE
  5
77A
330
706
100
AcDbEntity
 67
1
  8
A-ANNO-CALC
100
AcDbLine
 10
0.0
 20
-7.359999999999999
 30
0.0
 11
19.0
 21
-7.359999999999999
 31
0.0
  0
TEXT
  5
77B
330
706
100
AcDbEntity
 67
1
  8
A-ANNO-CALC
100
AcDbText
 10
0.08
 20
-7.5775999999999994
 30
0.0
 40
0.08320000000000001
  1
L1: Side setback (left)
 11
0.08
 21
-7.5775999999999994
 31
0.0
100
AcDbText
  0
TEXT
  5
77C
330
706
100
AcDbEntity
 67
1
  8
A-ANNO-CALC
100
AcDbText
 10
9.58
 20
-7.5775999999999994
 30
0.0
 40
0.08320000000000001
  1
3.0000
 11
9.58
 21
-7.5775999999999994
 31
0.0
100
AcDbText
  0
TEXT
  5
77D
330
706
100
AcDbEntity
 67
1
  8
A-ANNO-CALC
100
AcDbText
 10
12.78
 20
-7.5775999999999994
 30
0.0
 40
0.08320000000000001
  1
>= 3.0000
 11
12.78
 21
-7.5775999999999994
 31
0.0
100
AcDbText
  0
TEXT
  5
77E
330
706
100
AcDbEntity
 67
1
  8
A-ANNO-CALC
100
AcDbText
 10
17.279999999999998
 20
-7.5775999999999994
 30
0.0
 40
0.08320000000000001
  1
PASS
 11
17.279999999999998
 21
-7.5775999999999994
 31
0.0
100
AcDbText
  0
LINE
  5
77F
330
706
100
AcDbEntity
 67
1
  8
A-ANNO-CALC
100
AcDbLine
 10
0.0
 20
-7.68
 30
0.0
 11
19.0
 21
-7.68
 31
0.0
  0
TEXT
  5
780
330
706
100
AcDbEntity
 67
1
  8
A-ANNO-CALC
100
AcDbText
 10
0.08
 20
-7.8976
 30
0.0
 40
0.08320000000000001
  1
L1: Side setback (right)
 11
0.08
 21
-7.8976
 31
0.0
100
AcDbText
  0
TEXT
  5
781
330
706
100
AcDbEntity
 67
1
  8
A-ANNO-CALC
100
AcDbText
 10
9.58
 20
-7.8976
 30
0.0
 40
0.08320000000000001
  1
3.0000
 11
9.58
 21
-7.8976
 31
0.0
100
AcDbText
  0
TEXT
  5
782
330
706
100
AcDbEntity
 67
1
  8
A-ANNO-CALC
100
AcDbText
 10
12.78
 20
-7.8976
 30
0.0
 40
0.08320000000000001
  1
>= 3.0000
 11
12.78
 21
-7.8976
 31
0.0
100
AcDbText
  0
TEXT
  5
783
330
706
100
AcDbEntity
 67
1
  8
A-ANNO-CALC
100
AcDbText
 10
17.279999999999998
 20
-7.8976
 30
0.0
 40
0.08320000000000001
  1
PASS
 11
17.279999999999998
 21
-7.8976
 31
0.0
100
AcDbText
  0
LINE
  5
784
330
706
100
AcDbEntity
 67
1
  8
A-ANNO-CALC
100
AcDbLine
 10
0.0
 20
-8.0
 30
0.0
 11
19.0
 21
-8.0
 31
0.0
  0
TEXT
  5
785
330
706
100
AcDbEntity
 67
1
  8
A-ANNO-CALC
100
AcDbText
 10
0.08
 20
-8.217600000000001
 30
0.0
 40
0.08320000000000001
  1
[bonus] L2: drawn lot boundary matches intake lot geometry
 11
0.08
 21
-8.217600000000001
 31
0.0
100
AcDbText
  0
TEXT
  5
786
330
706
100
AcDbEntity
 67
1
  8
A-ANNO-CALC
100
AcDbText
 10
9.58
 20
-8.217600000000001
 30
0.0
 40
0.08320000000000001
  1
713.1960
 11
9.58
 21
-8.217600000000001
 31
0.0
100
AcDbText
  0
TEXT
  5
787
330
706
100
AcDbEntity
 67
1
  8
A-ANNO-CALC
100
AcDbText
 10
12.78
 20
-8.217600000000001
 30
0.0
 40
0.08320000000000001
  1
== 713.1960
 11
12.78
 21
-8.217600000000001
 31
0.0
100
AcDbText
  0
TEXT
  5
788
330
706
100
AcDbEntity
 67
1
  8
A-ANNO-CALC
100
AcDbText
 10
17.279999999999998
 20
-8.217600000000001
 30
0.0
 40
0.08320000000000001
  1
PASS
 11
17.279999999999998
 21
-8.217600000000001
 31
0.0
100
AcDbText
  0
LINE
  5
789
330
706
100
AcDbEntity
 67
1
  8
A-ANNO-CALC
100
AcDbLine
 10
0.0
 20
-8.32
 30
0.0
 11
19.0
 21
-8.32
 31
0.0
  0
TEXT
  5
78A
330
706
100
AcDbEntity
 67
1
  8
A-ANNO-CALC
100
AcDbText
 10
0.08
 20
-8.537600000000001
 30
0.0
 40
0.08320000000000001
  1
L2: Front setback
 11
0.08
 21
-8.537600000000001
 31
0.0
100
AcDbText
  0
TEXT
  5
78B
330
706
100
AcDbEntity
 67
1
  8
A-ANNO-CALC
100
AcDbText
 10
9.58
 20
-8.537600000000001
 30
0.0
 40
0.08320000000000001
  1
5.0000
 11
9.58
 21
-8.537600000000001
 31
0.0
100
AcDbText
  0
TEXT
  5
78C
330
706
100
AcDbEntity
 67
1
  8
A-ANNO-CALC
100
AcDbText
 10
12.78
 20
-8.537600000000001
 30
0.0
 40
0.08320000000000001
  1
>= 5.0000
 11
12.78
 21
-8.537600000000001
 31
0.0
100
AcDbText
  0
TEXT
  5
78D
330
706
100
AcDbEntity
 67
1
  8
A-ANNO-CALC
100
AcDbText
 10
17.279999999999998
 20
-8.537600000000001
 30
0.0
 40
0.08320000000000001
  1
PASS
 11
17.279999999999998
 21
-8.537600000000001
 31
0.0
100
AcDbText
  0
LINE
  5
78E
330
706
100
AcDbEntity
 67
1
  8
A-ANNO-CALC
100
AcDbLine
 10
0.0
 20
-8.64
 30
0.0
 11
19.0
 21
-8.64
 31
0.0
  0
TEXT
  5
78F
330
706
100
AcDbEntity
 67
1
  8
A-ANNO-CALC
100
AcDbText
 10
0.08
 20
-8.857600000000001
 30
0.0
 40
0.08320000000000001
  1
L2: Rear setback
 11
0.08
 21
-8.857600000000001
 31
0.0
100
AcDbText
  0
TEXT
  5
790
330
706
100
AcDbEntity
 67
1
  8
A-ANNO-CALC
100
AcDbText
 10
9.58
 20
-8.857600000000001
 30
0.0
 40
0.08320000000000001
  1
8.8700
 11
9.58
 21
-8.857600000000001
 31
0.0
100
AcDbText
  0
TEXT
  5
791
330
706
100
AcDbEntity
 67
1
  8
A-ANNO-CALC
100
AcDbText
 10
12.78
 20
-8.857600000000001
 30
0.0
 40
0.08320000000000001
  1
>= 3.0000
 11
12.78
 21
-8.857600000000001
 31
0.0
100
AcDbText
  0
TEXT
  5
792
330
706
100
AcDbEntity
 67
1
  8
A-ANNO-CALC
100
AcDbText
 10
17.279999999999998
 20
-8.857600000000001
 30
0.0
 40
0.08320000000000001
  1
PASS
 11
17.279999999999998
 21
-8.857600000000001
 31
0.0
100
AcDbText
  0
LINE
  5
793
330
706
100
AcDbEntity
 67
1
  8
A-ANNO-CALC
100
AcDbLine
 10
0.0
 20
-8.96
 30
0.0
 11
19.0
 21
-8.96
 31
0.0
  0
TEXT
  5
794
330
706
100
AcDbEntity
 67
1
  8
A-ANNO-CALC
100
AcDbText
 10
0.08
 20
-9.177600000000002
 30
0.0
 40
0.08320000000000001
  1
L2: Side setback (left)
 11
0.08
 21
-9.177600000000002
 31
0.0
100
AcDbText
  0
TEXT
  5
795
330
706
100
AcDbEntity
 67
1
  8
A-ANNO-CALC
100
AcDbText
 10
9.58
 20
-9.177600000000002
 30
0.0
 40
0.08320000000000001
  1
3.0000
 11
9.58
 21
-9.177600000000002
 31
0.0
100
AcDbText
  0
TEXT
  5
796
330
706
100
AcDbEntity
 67
1
  8
A-ANNO-CALC
100
AcDbText
 10
12.78
 20
-9.177600000000002
 30
0.0
 40
0.08320000000000001
  1
>= 3.0000
 11
12.78
 21
-9.177600000000002
 31
0.0
100
AcDbText
  0
TEXT
  5
797
330
706
100
AcDbEntity
 67
1
  8
A-ANNO-CALC
100
AcDbText
 10
17.279999999999998
 20
-9.177600000000002
 30
0.0
 40
0.08320000000000001
  1
PASS
 11
17.279999999999998
 21
-9.177600000000002
 31
0.0
100
AcDbText
  0
LINE
  5
798
330
706
100
AcDbEntity
 67
1
  8
A-ANNO-CALC
100
AcDbLine
 10
0.0
 20
-9.280000000000001
 30
0.0
 11
19.0
 21
-9.280000000000001
 31
0.0
  0
TEXT
  5
799
330
706
100
AcDbEntity
 67
1
  8
A-ANNO-CALC
100
AcDbText
 10
0.08
 20
-9.497600000000002
 30
0.0
 40
0.08320000000000001
  1
L2: Side setback (right)
 11
0.08
 21
-9.497600000000002
 31
0.0
100
AcDbText
  0
TEXT
  5
79A
330
706
100
AcDbEntity
 67
1
  8
A-ANNO-CALC
100
AcDbText
 10
9.58
 20
-9.497600000000002
 30
0.0
 40
0.08320000000000001
  1
3.0000
 11
9.58
 21
-9.497600000000002
 31
0.0
100
AcDbText
  0
TEXT
  5
79B
330
706
100
AcDbEntity
 67
1
  8
A-ANNO-CALC
100
AcDbText
 10
12.78
 20
-9.497600000000002
 30
0.0
 40
0.08320000000000001
  1
>= 3.0000
 11
12.78
 21
-9.497600000000002
 31
0.0
100
AcDbText
  0
TEXT
  5
79C
330
706
100
AcDbEntity
 67
1
  8
A-ANNO-CALC
100
AcDbText
 10
17.279999999999998
 20
-9.497600000000002
 30
0.0
 40
0.08320000000000001
  1
PASS
 11
17.279999999999998
 21
-9.497600000000002
 31
0.0
100
AcDbText
  0
LINE
  5
79D
330
706
100
AcDbEntity
 67
1
  8
A-ANNO-CALC
100
AcDbLine
 10
0.0
 20
-9.600000000000001
 30
0.0
 11
19.0
 21
-9.600000000000001
 31
0.0
  0
TEXT
  5
79E
330
706
100
AcDbEntity
 67
1
  8
A-ANNO-CALC
100
AcDbText
 10
0.08
 20
-9.817600000000002
 30
0.0
 40
0.08320000000000001
  1
[bonus] L3: drawn lot boundary matches intake lot geometry
 11
0.08
 21
-9.817600000000002
 31
0.0
100
AcDbText
  0
TEXT
  5
79F
330
706
100
AcDbEntity
 67
1
  8
A-ANNO-CALC
100
AcDbText
 10
9.58
 20
-9.817600000000002
 30
0.0
 40
0.08320000000000001
  1
713.1960
 11
9.58
 21
-9.817600000000002
 31
0.0
100
AcDbText
  0
TEXT
  5
7A0
330
706
100
AcDbEntity
 67
1
  8
A-ANNO-CALC
100
AcDbText
 10
12.78
 20
-9.817600000000002
 30
0.0
 40
0.08320000000000001
  1
== 713.1960
 11
12.78
 21
-9.817600000000002
 31
0.0
100
AcDbText
  0
TEXT
  5
7A1
330
706
100
AcDbEntity
 67
1
  8
A-ANNO-CALC
100
AcDbText
 10
17.279999999999998
 20
-9.817600000000002
 30
0.0
 40
0.08320000000000001
  1
PASS
 11
17.279999999999998
 21
-9.817600000000002
 31
0.0
100
AcDbText
  0
LINE
  5
7A2
330
706
100
AcDbEntity
 67
1
  8
A-ANNO-CALC
100
AcDbLine
 10
0.0
 20
-9.92
 30
0.0
 11
19.0
 21
-9.92
 31
0.0
  0
TEXT
  5
7A3
330
706
100
AcDbEntity
 67
1
  8
A-ANNO-CALC
100
AcDbText
 10
0.08
 20
-10.1376
 30
0.0
 40
0.08320000000000001
  1
L3: Front setback
 11
0.08
 21
-10.1376
 31
0.0
100
AcDbText
  0
TEXT
  5
7A4
330
706
100
AcDbEntity
 67
1
  8
A-ANNO-CALC
100
AcDbText
 10
9.58
 20
-10.1376
 30
0.0
 40
0.08320000000000001
  1
5.0000
 11
9.58
 21
-10.1376
 31
0.0
100
AcDbText
  0
TEXT
  5
7A5
330
706
100
AcDbEntity
 67
1
  8
A-ANNO-CALC
100
AcDbText
 10
12.78
 20
-10.1376
 30
0.0
 40
0.08320000000000001
  1
>= 5.0000
 11
12.78
 21
-10.1376
 31
0.0
100
AcDbText
  0
TEXT
  5
7A6
330
706
100
AcDbEntity
 67
1
  8
A-ANNO-CALC
100
AcDbText
 10
17.279999999999998
 20
-10.1376
 30
0.0
 40
0.08320000000000001
  1
PASS
 11
17.279999999999998
 21
-10.1376
 31
0.0
100
AcDbText
  0
LINE
  5
7A7
330
706
100
AcDbEntity
 67
1
  8
A-ANNO-CALC
100
AcDbLine
 10
0.0
 20
-10.24
 30
0.0
 11
19.0
 21
-10.24
 31
0.0
  0
TEXT
  5
7A8
330
706
100
AcDbEntity
 67
1
  8
A-ANNO-CALC
100
AcDbText
 10
0.08
 20
-10.457600000000001
 30
0.0
 40
0.08320000000000001
  1
L3: Rear setback
 11
0.08
 21
-10.457600000000001
 31
0.0
100
AcDbText
  0
TEXT
  5
7A9
330
706
100
AcDbEntity
 67
1
  8
A-ANNO-CALC
100
AcDbText
 10
9.58
 20
-10.457600000000001
 30
0.0
 40
0.08320000000000001
  1
8.8700
 11
9.58
 21
-10.457600000000001
 31
0.0
100
AcDbText
  0
TEXT
  5
7AA
330
706
100
AcDbEntity
 67
1
  8
A-ANNO-CALC
100
AcDbText
 10
12.78
 20
-10.457600000000001
 30
0.0
 40
0.08320000000000001
  1
>= 3.0000
 11
12.78
 21
-10.457600000000001
 31
0.0
100
AcDbText
  0
TEXT
  5
7AB
330
706
100
AcDbEntity
 67
1
  8
A-ANNO-CALC
100
AcDbText
 10
17.279999999999998
 20
-10.457600000000001
 30
0.0
 40
0.08320000000000001
  1
PASS
 11
17.279999999999998
 21
-10.457600000000001
 31
0.0
100
AcDbText
  0
LINE
  5
7AC
330
706
100
AcDbEntity
 67
1
  8
A-ANNO-CALC
100
AcDbLine
 10
0.0
 20
-10.56
 30
0.0
 11
19.0
 21
-10.56
 31
0.0
  0
TEXT
  5
7AD
330
706
100
AcDbEntity
 67
1
  8
A-ANNO-CALC
100
AcDbText
 10
0.08
 20
-10.777600000000001
 30
0.0
 40
0.08320000000000001
  1
L3: Side setback (left)
 11
0.08
 21
-10.777600000000001
 31
0.0
100
AcDbText
  0
TEXT
  5
7AE
330
706
100
AcDbEntity
 67
1
  8
A-ANNO-CALC
100
AcDbText
 10
9.58
 20
-10.777600000000001
 30
0.0
 40
0.08320000000000001
  1
3.0000
 11
9.58
 21
-10.777600000000001
 31
0.0
100
AcDbText
  0
TEXT
  5
7AF
330
706
100
AcDbEntity
 67
1
  8
A-ANNO-CALC
100
AcDbText
 10
12.78
 20
-10.777600000000001
 30
0.0
 40
0.08320000000000001
  1
>= 3.0000
 11
12.78
 21
-10.777600000000001
 31
0.0
100
AcDbText
  0
TEXT
  5
7B0
330
706
100
AcDbEntity
 67
1
  8
A-ANNO-CALC
100
AcDbText
 10
17.279999999999998
 20
-10.777600000000001
 30
0.0
 40
0.08320000000000001
  1
PASS
 11
17.279999999999998
 21
-10.777600000000001
 31
0.0
100
AcDbText
  0
LINE
  5
7B1
330
706
100
AcDbEntity
 67
1
  8
A-ANNO-CALC
100
AcDbLine
 10
0.0
 20
-10.88
 30
0.0
 11
19.0
 21
-10.88
 31
0.0
  0
TEXT
  5
7B2
330
706
100
AcDbEntity
 67
1
  8
A-ANNO-CALC
100
AcDbText
 10
0.08
 20
-11.097600000000002
 30
0.0
 40
0.08320000000000001
  1
L3: Side setback (right)
 11
0.08
 21
-11.097600000000002
 31
0.0
100
AcDbText
  0
TEXT
  5
7B3
330
706
100
AcDbEntity
 67
1
  8
A-ANNO-CALC
100
AcDbText
 10
9.58
 20
-11.097600000000002
 30
0.0
 40
0.08320000000000001
  1
6.0200
 11
9.58
 21
-11.097600000000002
 31
0.0
100
AcDbText
  0
TEXT
  5
7B4
330
706
100
AcDbEntity
 67
1
  8
A-ANNO-CALC
100
AcDbText
 10
12.78
 20
-11.097600000000002
 30
0.0
 40
0.08320000000000001
  1
>= 3.0000
 11
12.78
 21
-11.097600000000002
 31
0.0
100
AcDbText
  0
TEXT
  5
7B5
330
706
100
AcDbEntity
 67
1
  8
A-ANNO-CALC
100
AcDbText
 10
17.279999999999998
 20
-11.097600000000002
 30
0.0
 40
0.08320000000000001
  1
PASS
 11
17.279999999999998
 21
-11.097600000000002
 31
0.0
100
AcDbText
  0
LINE
  5
7B6
330
706
100
AcDbEntity
 67
1
  8
A-ANNO-CALC
100
AcDbLine
 10
0.0
 20
-11.200000000000001
 30
0.0
 11
19.0
 21
-11.200000000000001
 31
0.0
  0
TEXT
  5
7B7
330
706
100
AcDbEntity
 67
1
  8
A-ANNO-CALC
100
AcDbText
 10
0.08
 20
-11.417600000000002
 30
0.0
 40
0.08320000000000001
  1
[bonus] L4: drawn lot boundary matches intake lot geometry
 11
0.08
 21
-11.417600000000002
 31
0.0
100
AcDbText
  0
TEXT
  5
7B8
330
706
100
AcDbEntity
 67
1
  8
A-ANNO-CALC
100
AcDbText
 10
9.58
 20
-11.417600000000002
 30
0.0
 40
0.08320000000000001
  1
713.1960
 11
9.58
 21
-11.417600000000002
 31
0.0
100
AcDbText
  0
TEXT
  5
7B9
330
706
100
AcDbEntity
 67
1
  8
A-ANNO-CALC
100
AcDbText
 10
12.78
 20
-11.417600000000002
 30
0.0
 40
0.08320000000000001
  1
== 713.1960
 11
12.78
 21
-11.417600000000002
 31
0.0
100
AcDbText
  0
TEXT
  5
7BA
330
706
100
AcDbEntity
 67
1
  8
A-ANNO-CALC
100
AcDbText
 10
17.279999999999998
 20
-11.417600000000002
 30
0.0
 40
0.08320000000000001
  1
PASS
 11
17.279999999999998
 21
-11.417600000000002
 31
0.0
100
AcDbText
  0
LINE
  5
7BB
330
706
100
AcDbEntity
 67
1
  8
A-ANNO-CALC
100
AcDbLine
 10
0.0
 20
-11.520000000000001
 30
0.0
 11
19.0
 21
-11.520000000000001
 31
0.0
  0
TEXT
  5
7BC
330
706
100
AcDbEntity
 67
1
  8
A-ANNO-CALC
100
AcDbText
 10
0.08
 20
-11.737600000000002
 30
0.0
 40
0.08320000000000001
  1
L4: Front setback
 11
0.08
 21
-11.737600000000002
 31
0.0
100
AcDbText
  0
TEXT
  5
7BD
330
706
100
AcDbEntity
 67
1
  8
A-ANNO-CALC
100
AcDbText
 10
9.58
 20
-11.737600000000002
 30
0.0
 40
0.08320000000000001
  1
5.0000
 11
9.58
 21
-11.737600000000002
 31
0.0
100
AcDbText
  0
TEXT
  5
7BE
330
706
100
AcDbEntity
 67
1
  8
A-ANNO-CALC
100
AcDbText
 10
12.78
 20
-11.737600000000002
 30
0.0
 40
0.08320000000000001
  1
>= 5.0000
 11
12.78
 21
-11.737600000000002
 31
0.0
100
AcDbText
  0
TEXT
  5
7BF
330
706
100
AcDbEntity
 67
1
  8
A-ANNO-CALC
100
AcDbText
 10
17.279999999999998
 20
-11.737600000000002
 30
0.0
 40
0.08320000000000001
  1
PASS
 11
17.279999999999998
 21
-11.737600000000002
 31
0.0
100
AcDbText
  0
LINE
  5
7C0
330
706
100
AcDbEntity
 67
1
  8
A-ANNO-CALC
100
AcDbLine
 10
0.0
 20
-11.840000000000002
 30
0.0
 11
19.0
 21
-11.840000000000002
 31
0.0
  0
TEXT
  5
7C1
330
706
100
AcDbEntity
 67
1
  8
A-ANNO-CALC
100
AcDbText
 10
0.08
 20
-12.057600000000003
 30
0.0
 40
0.08320000000000001
  1
L4: Rear setback
 11
0.08
 21
-12.057600000000003
 31
0.0
100
AcDbText
  0
TEXT
  5
7C2
330
706
100
AcDbEntity
 67
1
  8
A-ANNO-CALC
100
AcDbText
 10
9.58
 20
-12.057600000000003
 30
0.0
 40
0.08320000000000001
  1
9.8000
 11
9.58
 21
-12.057600000000003
 31
0.0
100
AcDbText
  0
TEXT
  5
7C3
330
706
100
AcDbEntity
 67
1
  8
A-ANNO-CALC
100
AcDbText
 10
12.78
 20
-12.057600000000003
 30
0.0
 40
0.08320000000000001
  1
>= 3.0000
 11
12.78
 21
-12.057600000000003
 31
0.0
100
AcDbText
  0
TEXT
  5
7C4
330
706
100
AcDbEntity
 67
1
  8
A-ANNO-CALC
100
AcDbText
 10
17.279999999999998
 20
-12.057600000000003
 30
0.0
 40
0.08320000000000001
  1
PASS
 11
17.279999999999998
 21
-12.057600000000003
 31
0.0
100
AcDbText
  0
LINE
  5
7C5
330
706
100
AcDbEntity
 67
1
  8
A-ANNO-CALC
100
AcDbLine
 10
0.0
 20
-12.16
 30
0.0
 11
19.0
 21
-12.16
 31
0.0
  0
TEXT
  5
7C6
330
706
100
AcDbEntity
 67
1
  8
A-ANNO-CALC
100
AcDbText
 10
0.08
 20
-12.377600000000001
 30
0.0
 40
0.08320000000000001
  1
L4: Side setback (left)
 11
0.08
 21
-12.377600000000001
 31
0.0
100
AcDbText
  0
TEXT
  5
7C7
330
706
100
AcDbEntity
 67
1
  8
A-ANNO-CALC
100
AcDbText
 10
9.58
 20
-12.377600000000001
 30
0.0
 40
0.08320000000000001
  1
3.0000
 11
9.58
 21
-12.377600000000001
 31
0.0
100
AcDbText
  0
TEXT
  5
7C8
330
706
100
AcDbEntity
 67
1
  8
A-ANNO-CALC
100
AcDbText
 10
12.78
 20
-12.377600000000001
 30
0.0
 40
0.08320000000000001
  1
>= 3.0000
 11
12.78
 21
-12.377600000000001
 31
0.0
100
AcDbText
  0
TEXT
  5
7C9
330
706
100
AcDbEntity
 67
1
  8
A-ANNO-CALC
100
AcDbText
 10
17.279999999999998
 20
-12.377600000000001
 30
0.0
 40
0.08320000000000001
  1
PASS
 11
17.279999999999998
 21
-12.377600000000001
 31
0.0
100
AcDbText
  0
LINE
  5
7CA
330
706
100
AcDbEntity
 67
1
  8
A-ANNO-CALC
100
AcDbLine
 10
0.0
 20
-12.48
 30
0.0
 11
19.0
 21
-12.48
 31
0.0
  0
TEXT
  5
7CB
330
706
100
AcDbEntity
 67
1
  8
A-ANNO-CALC
100
AcDbText
 10
0.08
 20
-12.697600000000001
 30
0.0
 40
0.08320000000000001
  1
L4: Side setback (right)
 11
0.08
 21
-12.697600000000001
 31
0.0
100
AcDbText
  0
TEXT
  5
7CC
330
706
100
AcDbEntity
 67
1
  8
A-ANNO-CALC
100
AcDbText
 10
9.58
 20
-12.697600000000001
 30
0.0
 40
0.08320000000000001
  1
6.0200
 11
9.58
 21
-12.697600000000001
 31
0.0
100
AcDbText
  0
TEXT
  5
7CD
330
706
100
AcDbEntity
 67
1
  8
A-ANNO-CALC
100
AcDbText
 10
12.78
 20
-12.697600000000001
 30
0.0
 40
0.08320000000000001
  1
>= 3.0000
 11
12.78
 21
-12.697600000000001
 31
0.0
100
AcDbText
  0
TEXT
  5
7CE
330
706
100
AcDbEntity
 67
1
  8
A-ANNO-CALC
100
AcDbText
 10
17.279999999999998
 20
-12.697600000000001
 30
0.0
 40
0.08320000000000001
  1
PASS
 11
17.279999999999998
 21
-12.697600000000001
 31
0.0
100
AcDbText
  0
LINE
  5
7CF
330
706
100
AcDbEntity
 67
1
  8
A-ANNO-CALC
100
AcDbLine
 10
0.0
 20
-12.8
 30
0.0
 11
19.0
 21
-12.8
 31
0.0
  0
TEXT
  5
7D0
330
706
100
AcDbEntity
 67
1
  8
A-ANNO-CALC
100
AcDbText
 10
0.08
 20
-13.017600000000002
 30
0.0
 40
0.08320000000000001
  1
TAKS (lot coverage, L0)
 11
0.08
 21
-13.017600000000002
 31
0.0
100
AcDbText
  0
TEXT
  5
7D1
330
706
100
AcDbEntity
 67
1
  8
A-ANNO-CALC
100
AcDbText
 10
9.58
 20
-13.017600000000002
 30
0.0
 40
0.08320000000000001
  1
0.2496
 11
9.58
 21
-13.017600000000002
 31
0.0
100
AcDbText
  0
TEXT
  5
7D2
330
706
100
AcDbEntity
 67
1
  8
A-ANNO-CALC
100
AcDbText
 10
12.78
 20
-13.017600000000002
 30
0.0
 40
0.08320000000000001
  1
<= 0.2500
 11
12.78
 21
-13.017600000000002
 31
0.0
100
AcDbText
  0
TEXT
  5
7D3
330
706
100
AcDbEntity
 67
1
  8
A-ANNO-CALC
100
AcDbText
 10
17.279999999999998
 20
-13.017600000000002
 30
0.0
 40
0.08320000000000001
  1
PASS
 11
17.279999999999998
 21
-13.017600000000002
 31
0.0
100
AcDbText
  0
LINE
  5
7D4
330
706
100
AcDbEntity
 67
1
  8
A-ANNO-CALC
100
AcDbLine
 10
0.0
 20
-13.120000000000001
 30
0.0
 11
19.0
 21
-13.120000000000001
 31
0.0
  0
TEXT
  5
7D5
330
706
100
AcDbEntity
 67
1
  8
A-ANNO-CALC
100
AcDbText
 10
0.08
 20
-13.337600000000002
 30
0.0
 40
0.08320000000000001
  1
KAKS / Emsal (floor area ratio, levels [0, 1, 2, 3])
 11
0.08
 21
-13.337600000000002
 31
0.0
100
AcDbText
  0
TEXT
  5
7D6
330
706
100
AcDbEntity
 67
1
  8
A-ANNO-CALC
100
AcDbText
 10
9.58
 20
-13.337600000000002
 30
0.0
 40
0.08320000000000001
  1
0.9733
 11
9.58
 21
-13.337600000000002
 31
0.0
100
AcDbText
  0
TEXT
  5
7D7
330
706
100
AcDbEntity
 67
1
  8
A-ANNO-CALC
100
AcDbText
 10
12.78
 20
-13.337600000000002
 30
0.0
 40
0.08320000000000001
  1
<= 1.0000
 11
12.78
 21
-13.337600000000002
 31
0.0
100
AcDbText
  0
TEXT
  5
7D8
330
706
100
AcDbEntity
 67
1
  8
A-ANNO-CALC
100
AcDbText
 10
17.279999999999998
 20
-13.337600000000002
 30
0.0
 40
0.08320000000000001
  1
PASS
 11
17.279999999999998
 21
-13.337600000000002
 31
0.0
100
AcDbText
  0
LINE
  5
7D9
330
706
100
AcDbEntity
 67
1
  8
A-ANNO-CALC
100
AcDbLine
 10
0.0
 20
-13.440000000000001
 30
0.0
 11
19.0
 21
-13.440000000000001
 31
0.0
  0
TEXT
  5
7DA
330
706
100
AcDbEntity
 67
1
  8
A-ANNO-CALC
100
AcDbText
 10
0.08
 20
-13.657600000000002
 30
0.0
 40
0.08320000000000001
  1
Height / gabari (eave, levels [0, 1, 2, 3])
 11
0.08
 21
-13.657600000000002
 31
0.0
100
AcDbText
  0
TEXT
  5
7DB
330
706
100
AcDbEntity
 67
1
  8
A-ANNO-CALC
100
AcDbText
 10
9.58
 20
-13.657600000000002
 30
0.0
 40
0.08320000000000001
  1
14.6500
 11
9.58
 21
-13.657600000000002
 31
0.0
100
AcDbText
  0
TEXT
  5
7DC
330
706
100
AcDbEntity
 67
1
  8
A-ANNO-CALC
100
AcDbText
 10
12.78
 20
-13.657600000000002
 30
0.0
 40
0.08320000000000001
  1
<= 14.6500
 11
12.78
 21
-13.657600000000002
 31
0.0
100
AcDbText
  0
TEXT
  5
7DD
330
706
100
AcDbEntity
 67
1
  8
A-ANNO-CALC
100
AcDbText
 10
17.279999999999998
 20
-13.657600000000002
 30
0.0
 40
0.08320000000000001
  1
PASS
 11
17.279999999999998
 21
-13.657600000000002
 31
0.0
100
AcDbText
  0
LINE
  5
7DE
330
706
100
AcDbEntity
 67
1
  8
A-ANNO-CALC
100
AcDbLine
 10
0.0
 20
-13.760000000000002
 30
0.0
 11
19.0
 21
-13.760000000000002
 31
0.0
  0
TEXT
  5
7DF
330
706
100
AcDbEntity
 67
1
  8
A-ANNO-CALC
100
AcDbText
 10
0.08
 20
-13.977600000000002
 30
0.0
 40
0.08320000000000001
  1
Roof ridge vs top-slab allowance (L4 above L3)
 11
0.08
 21
-13.977600000000002
 31
0.0
100
AcDbText
  0
TEXT
  5
7E0
330
706
100
AcDbEntity
 67
1
  8
A-ANNO-CALC
100
AcDbText
 10
9.58
 20
-13.977600000000002
 30
0.0
 40
0.08320000000000001
  1
2.6000
 11
9.58
 21
-13.977600000000002
 31
0.0
100
AcDbText
  0
TEXT
  5
7E1
330
706
100
AcDbEntity
 67
1
  8
A-ANNO-CALC
100
AcDbText
 10
12.78
 20
-13.977600000000002
 30
0.0
 40
0.08320000000000001
  1
<= 5.5000
 11
12.78
 21
-13.977600000000002
 31
0.0
100
AcDbText
  0
TEXT
  5
7E2
330
706
100
AcDbEntity
 67
1
  8
A-ANNO-CALC
100
AcDbText
 10
17.279999999999998
 20
-13.977600000000002
 30
0.0
 40
0.08320000000000001
  1
PASS
 11
17.279999999999998
 21
-13.977600000000002
 31
0.0
100
AcDbText
  0
LINE
  5
7E3
330
706
100
AcDbEntity
 67
1
  8
A-ANNO-CALC
100
AcDbLine
 10
0.0
 20
-14.08
 30
0.0
 11
19.0
 21
-14.08
 31
0.0
  0
TEXT
  5
7E4
330
706
100
AcDbEntity
 67
1
  8
A-ANNO-CALC
100
AcDbText
 10
0.08
 20
-14.297600000000001
 30
0.0
 40
0.08320000000000001
  1
Ground floor (L0) level vs red grade (kirmizi kot) datum
 11
0.08
 21
-14.297600000000001
 31
0.0
100
AcDbText
  0
TEXT
  5
7E5
330
706
100
AcDbEntity
 67
1
  8
A-ANNO-CALC
100
AcDbText
 10
9.58
 20
-14.297600000000001
 30
0.0
 40
0.08320000000000001
  1
0.1500
 11
9.58
 21
-14.297600000000001
 31
0.0
100
AcDbText
  0
TEXT
  5
7E6
330
706
100
AcDbEntity
 67
1
  8
A-ANNO-CALC
100
AcDbText
 10
12.78
 20
-14.297600000000001
 30
0.0
 40
0.08320000000000001
  1
in [0.000, 1.000] 0.0000
 11
12.78
 21
-14.297600000000001
 31
0.0
100
AcDbText
  0
TEXT
  5
7E7
330
706
100
AcDbEntity
 67
1
  8
A-ANNO-CALC
100
AcDbText
 10
17.279999999999998
 20
-14.297600000000001
 30
0.0
 40
0.08320000000000001
  1
PASS
 11
17.279999999999998
 21
-14.297600000000001
 31
0.0
100
AcDbText
  0
LINE
  5
7E8
330
706
100
AcDbEntity
 67
1
  8
A-ANNO-CALC
100
AcDbLine
 10
9.5
 20
-0.64
 30
0.0
 11
9.5
 21
-14.4
 31
0.0
  0
LINE
  5
7E9
330
706
100
AcDbEntity
 67
1
  8
A-ANNO-CALC
100
AcDbLine
 10
12.7
 20
-0.64
 30
0.0
 11
12.7
 21
-14.4
 31
0.0
  0
LINE
  5
7EA
330
706
100
AcDbEntity
 67
1
  8
A-ANNO-CALC
100
AcDbLine
 10
17.2
 20
-0.64
 30
0.0
 11
17.2
 21
-14.4
 31
0.0
  0
MTEXT
  5
7EB
330
706
100
AcDbEntity
 67
1
  8
A-ANNO-NOTE
100
AcDbMText
 10
0.0
 20
-14.9
 30
0.0
 40
0.14
 41
19.0
 71
1
  3
SCHEMATIC DRAWING -- NOT FOR PERMIT OR CONSTRUCTION. Requires review, revision and stamp by a licensed architect before permitting or construction. Not a substitute for a structural/MEP engineer's calculations. No governmental review or approval impl
  1
ied or granted by this drawing.
  0
LWPOLYLINE
  5
7EC
330
706
100
AcDbEntity
 67
1
  8
A-ANNO-TTLB
100
AcDbPolyline
 90
4
 70
1
 10
0.0
 20
-20.8
 10
9.0
 20
-20.8
 10
9.0
 20
-15.4
 10
0.0
 20
-15.4
  0
TEXT
  5
7ED
330
706
100
AcDbEntity
 67
1
  8
A-ANNO-TTLB
100
AcDbText
 10
0.12
 20
-15.859
 30
0.0
 40
0.21600000000000003
  1
PROJECT: Parcel 377/1 -- Ereğli Mah., Karamursel, Kocaeli (maximized footprint, reverse + roof duplex)
 11
0.12
 21
-15.859
 31
0.0
100
AcDbText
  0
LINE
  5
7EE
330
706
100
AcDbEntity
 67
1
  8
A-ANNO-TTLB
100
AcDbLine
 10
0.0
 20
-16.075
 30
0.0
 11
9.0
 21
-16.075
 31
0.0
  0
TEXT
  5
7EF
330
706
100
AcDbEntity
 67
1
  8
A-ANNO-TTLB
100
AcDbText
 10
0.12
 20
-16.534
 30
0.0
 40
0.21600000000000003
  1
PARCEL: Ada 377 / Parsel 1, Tapu Kutugu Eregli, Pafta G23D04D3D
 11
0.12
 21
-16.534
 31
0.0
100
AcDbText
  0
LINE
  5
7F0
330
706
100
AcDbEntity
 67
1
  8
A-ANNO-TTLB
100
AcDbLine
 10
0.0
 20
-16.75
 30
0.0
 11
9.0
 21
-16.75
 31
0.0
  0
TEXT
  5
7F1
330
706
100
AcDbEntity
 67
1
  8
A-ANNO-TTLB
100
AcDbText
 10
0.12
 20
-17.209
 30
0.0
 40
0.21600000000000003
  1
DATE: 2026-08-21
 11
0.12
 21
-17.209
 31
0.0
100
AcDbText
  0
LINE
  5
7F2
330
706
100
AcDbEntity
 67
1
  8
A-ANNO-TTLB
100
AcDbLine
 10
0.0
 20
-17.425
 30
0.0
 11
9.0
 21
-17.425
 31
0.0
  0
TEXT
  5
7F3
330
706
100
AcDbEntity
 67
1
  8
A-ANNO-TTLB
100
AcDbText
 10
0.12
 20
-17.884
 30
0.0
 40
0.21600000000000003
  1
SCALE: N/A (calc table)
 11
0.12
 21
-17.884
 31
0.0
100
AcDbText
  0
LINE
  5
7F4
330
706
100
AcDbEntity
 67
1
  8
A-ANNO-TTLB
100
AcDbLine
 10
0.0
 20
-18.1
 30
0.0
 11
9.0
 21
-18.1
 31
0.0
  0
TEXT
  5
7F5
330
706
100
AcDbEntity
 67
1
  8
A-ANNO-TTLB
100
AcDbText
 10
0.12
 20
-18.559
 30
0.0
 40
0.21600000000000003
  1
SHEET: A-501 -- Alan Hesabi / TAKS-KAKS Tablosu
 11
0.12
 21
-18.559
 31
0.0
100
AcDbText
  0
LINE
  5
7F6
330
706
100
AcDbEntity
 67
1
  8
A-ANNO-TTLB
100
AcDbLine
 10
0.0
 20
-18.775
 30
0.0
 11
9.0
 21
-18.775
 31
0.0
  0
TEXT
  5
7F7
330
706
100
AcDbEntity
 67
1
  8
A-ANNO-TTLB
100
AcDbText
 10
0.12
 20
-19.233999999999998
 30
0.0
 40
0.21600000000000003
  1
PREPARED BY: Sirketim -- Architecture department (schematic, AI-assisted)
 11
0.12
 21
-19.233999999999998
 31
0.0
100
AcDbText
  0
LINE
  5
7F8
330
706
100
AcDbEntity
 67
1
  8
A-ANNO-TTLB
100
AcDbLine
 10
0.0
 20
-19.450000000000003
 30
0.0
 11
9.0
 21
-19.450000000000003
 31
0.0
  0
MTEXT
  5
7F9
330
706
100
AcDbEntity
 67
1
  8
A-ANNO-TTLB
100
AcDbMText
 10
0.12
 20
-19.550000000000004
 30
0.0
 40
0.162
 41
8.76
 71
1
  3
SCHEMATIC DRAWING -- NOT FOR PERMIT OR CONSTRUCTION. Requires review, revision and stamp by a licensed architect before permitting or construction. Not a substitute for a structural/MEP engineer's calculations. No governmental review or approval impl
  1
ied or granted by this drawing.
  0
ENDBLK
  5
708
330
706
100
AcDbEntity
  8
0
100
AcDbBlockEnd
  0
BLOCK
  5
31
330
30
100
AcDbEntity
  8
0
100
AcDbBlockBegin
  2
*Paper_Space
 70
0
 10
0.0
 20
0.0
 30
0.0
  3
*Paper_Space
  1

  0
ENDBLK
  5
32
330
30
100
AcDbEntity
  8
0
100
AcDbBlockEnd
  0
ENDSEC
  0
SECTION
  2
ENTITIES
  0
LWPOLYLINE
  5
34
330
30
100
AcDbEntity
 67
1
  8
C-PROP
100
AcDbPolyline
 90
4
 70
1
 10
0.0
 20
0.0
 10
36.02
 20
0.0
 10
36.02
 20
19.8
 10
0.0
 20
19.8
  0
LWPOLYLINE
  5
35
330
30
100
AcDbEntity
 67
1
  8
A-ANNO-NPLT
100
AcDbPolyline
 90
4
 70
1
 10
3.0
 20
5.0
 10
33.02
 20
5.0
 10
33.02
 20
16.8
 10
3.0
 20
16.8
  0
LWPOLYLINE
  5
36
330
30
100
AcDbEntity
 67
1
  8
A-AREA-PLAN
100
AcDbPolyline
 90
4
 70
1
 10
3.0
 20
5.0
 10
33.02
 20
5.0
 10
33.02
 20
16.7
 10
3.0
 20
16.7
  0
LWPOLYLINE
  5
37
330
30
100
AcDbEntity
 67
1
  8
A-WALL
100
AcDbPolyline
 90
4
 70
1
 10
3.0
 20
5.125
 10
33.02
 20
5.125
 10
33.02
 20
4.875
 10
3.0
 20
4.875
  0
LWPOLYLINE
  5
38
330
30
100
AcDbEntity
 67
1
  8
A-WALL
100
AcDbPolyline
 90
4
 70
1
 10
32.895
 20
5.0
 10
32.895
 20
16.7
 10
33.145
 20
16.7
 10
33.145
 20
5.0
  0
LWPOLYLINE
  5
39
330
30
100
AcDbEntity
 67
1
  8
A-WALL
100
AcDbPolyline
 90
4
 70
1
 10
33.02
 20
16.575
 10
3.0
 20
16.575
 10
3.0
 20
16.825
 10
33.02
 20
16.825
  0
LWPOLYLINE
  5
3A
330
30
100
AcDbEntity
 67
1
  8
A-WALL
100
AcDbPolyline
 90
4
 70
1
 10
3.125
 20
16.7
 10
3.125
 20
5.0
 10
2.875
 20
5.0
 10
2.875
 20
16.7
  0
LWPOLYLINE
  5
3B
330
30
100
AcDbEntity
 67
1
  8
A-WALL-INTR
100
AcDbPolyline
 90
4
 70
1
 10
6.075
 20
5.125
 10
6.075
 20
16.575
 10
6.175
 20
16.575
 10
6.175
 20
5.125
  0
LWPOLYLINE
  5
3C
330
30
100
AcDbEntity
 67
1
  8
A-WALL-INTR
100
AcDbPolyline
 90
4
 70
1
 10
3.125
 20
7.7749999999999995
 10
6.125
 20
7.7749999999999995
 10
6.125
 20
7.675
 10
3.125
 20
7.675
  0
LWPOLYLINE
  5
3D
330
30
100
AcDbEntity
 67
1
  8
A-WALL-INTR
100
AcDbPolyline
 90
4
 70
1
 10
6.325
 20
5.125
 10
6.325
 20
6.625
 10
6.425
 20
6.625
 10
6.425
 20
5.125
  0
LWPOLYLINE
  5
3E
330
30
100
AcDbEntity
 67
1
  8
A-WALL-INTR
100
AcDbPolyline
 90
4
 70
1
 10
7.325
 20
5.125
 10
7.325
 20
6.625
 10
7.425
 20
6.625
 10
7.425
 20
5.125
  0
LWPOLYLINE
  5
3F
330
30
100
AcDbEntity
 67
1
  8
A-WALL-INTR
100
AcDbPolyline
 90
4
 70
1
 10
6.375
 20
6.675
 10
7.375
 20
6.675
 10
7.375
 20
6.575
 10
6.375
 20
6.575
  0
LWPOLYLINE
  5
40
330
30
100
AcDbEntity
 67
1
  8
A-WALL-INTR
100
AcDbPolyline
 90
4
 70
1
 10
10.25
 20
6.675
 10
10.25
 20
16.575
 10
10.350000000000001
 20
16.575
 10
10.350000000000001
 20
6.675
  0
LWPOLYLINE
  5
41
330
30
100
AcDbEntity
 67
1
  8
A-WALL-INTR
100
AcDbPolyline
 90
4
 70
1
 10
12.125
 20
6.675
 10
12.125
 20
16.575
 10
12.225000000000001
 20
16.575
 10
12.225000000000001
 20
6.675
  0
LWPOLYLINE
  5
42
330
30
100
AcDbEntity
 67
1
  8
A-WALL-INTR
100
AcDbPolyline
 90
4
 70
1
 10
15.125
 20
5.125
 10
15.125
 20
16.575
 10
15.225000000000001
 20
16.575
 10
15.225000000000001
 20
5.125
  0
LWPOLYLINE
  5
43
330
30
100
AcDbEntity
 67
1
  8
A-WALL-INTR
100
AcDbPolyline
 90
4
 70
1
 10
32.675000000000004
 20
5.125
 10
32.675000000000004
 20
16.575
 10
32.775
 20
16.575
 10
32.775
 20
5.125
  0
LWPOLYLINE
  5
44
330
30
100
AcDbEntity
 67
1
  8
A-GLAZ
100
AcDbPolyline
 90
4
 70
1
 10
8.837499999999999
 20
16.575
 10
7.637499999999999
 20
16.575
 10
7.637499999999999
 20
16.825
 10
8.837499999999999
 20
16.825
  0
TEXT
  5
45
330
30
100
AcDbEntity
 67
1
  8
A-GLAZ
100
AcDbText
 10
8.237499999999999
 20
16.425
 30
0.0
 40
0.15
  1
W1
 11
8.237499999999999
 21
16.425
 31
0.0
100
AcDbText
  0
LINE
  5
46
330
30
100
AcDbEntity
 67
1
  8
A-GLAZ
100
AcDbLine
 10
8.237499999999999
 20
16.575
 30
0.0
 11
8.237499999999999
 21
16.825
 31
0.0
  0
LWPOLYLINE
  5
47
330
30
100
AcDbEntity
 67
1
  8
A-GLAZ
100
AcDbPolyline
 90
4
 70
1
 10
11.837499999999999
 20
16.575
 10
10.6375
 20
16.575
 10
10.6375
 20
16.825
 10
11.837499999999999
 20
16.825
  0
TEXT
  5
48
330
30
100
AcDbEntity
 67
1
  8
A-GLAZ
100
AcDbText
 10
11.237499999999999
 20
16.425
 30
0.0
 40
0.15
  1
W2
 11
11.237499999999999
 21
16.425
 31
0.0
100
AcDbText
  0
LINE
  5
49
330
30
100
AcDbEntity
 67
1
  8
A-GLAZ
100
AcDbLine
 10
11.237499999999999
 20
16.575
 30
0.0
 11
11.237499999999999
 21
16.825
 31
0.0
  0
LWPOLYLINE
  5
4A
330
30
100
AcDbEntity
 67
1
  8
A-GLAZ
100
AcDbPolyline
 90
4
 70
1
 10
14.274999999999999
 20
16.575
 10
13.075
 20
16.575
 10
13.075
 20
16.825
 10
14.274999999999999
 20
16.825
  0
TEXT
  5
4B
330
30
100
AcDbEntity
 67
1
  8
A-GLAZ
100
AcDbText
 10
13.674999999999999
 20
16.425
 30
0.0
 40
0.15
  1
W3
 11
13.674999999999999
 21
16.425
 31
0.0
100
AcDbText
  0
LINE
  5
4C
330
30
100
AcDbEntity
 67
1
  8
A-GLAZ
100
AcDbLine
 10
13.674999999999999
 20
16.575
 30
0.0
 11
13.674999999999999
 21
16.825
 31
0.0
  0
LWPOLYLINE
  5
4D
330
30
100
AcDbEntity
 67
1
  8
A-GLAZ
100
AcDbPolyline
 90
4
 70
1
 10
24.550000000000004
 20
16.575
 10
23.350000000000005
 20
16.575
 10
23.350000000000005
 20
16.825
 10
24.550000000000004
 20
16.825
  0
TEXT
  5
4E
330
30
100
AcDbEntity
 67
1
  8
A-GLAZ
100
AcDbText
 10
23.950000000000003
 20
16.425
 30
0.0
 40
0.15
  1
W1
 11
23.950000000000003
 21
16.425
 31
0.0
100
AcDbText
  0
LINE
  5
4F
330
30
100
AcDbEntity
 67
1
  8
A-GLAZ
100
AcDbLine
 10
23.950000000000003
 20
16.575
 30
0.0
 11
23.950000000000003
 21
16.825
 31
0.0
  0
LWPOLYLINE
  5
50
330
30
100
AcDbEntity
 67
1
  8
A-DOOR
100
AcDbPolyline
 90
4
 70
1
 10
6.425
 20
6.675
 10
7.325
 20
6.675
 10
7.325
 20
6.575
 10
6.425
 20
6.575
  0
TEXT
  5
51
330
30
100
AcDbEntity
 67
1
  8
A-DOOR
100
AcDbText
 10
6.875
 20
6.825
 30
0.0
 40
0.15
  1
D1S
 11
6.875
 21
6.825
 31
0.0
100
AcDbText
  0
ARC
  5
52
330
30
100
AcDbEntity
 67
1
  8
A-DOOR
100
AcDbCircle
 10
6.425
 20
6.625
 30
0.0
 40
0.9
100
AcDbArc
 50
0.0
 51
90.0
  0
LINE
  5
53
330
30
100
AcDbEntity
 67
1
  8
A-DOOR
100
AcDbLine
 10
6.425
 20
6.625
 30
0.0
 11
6.425
 21
7.525
 31
0.0
  0
LWPOLYLINE
  5
54
330
30
100
AcDbEntity
 67
1
  8
A-AREA-IDEN
100
AcDbPolyline
 90
4
 70
1
 10
3.125
 20
7.7749999999999995
 10
6.075
 20
7.7749999999999995
 10
6.075
 20
16.575
 10
3.125
 20
16.575
  0
MTEXT
  5
55
330
30
100
AcDbEntity
 67
1
  8
A-AREA-IDEN
100
AcDbMText
 10
4.6
 20
12.174999999999999
 30
0.0
 40
0.24
 71
1
  1
Ortak Sahanlik\P26.0 m2
  0
LWPOLYLINE
  5
56
330
30
100
AcDbEntity
 67
1
  8
A-AREA-IDEN
100
AcDbPolyline
 90
4
 70
1
 10
3.125
 20
5.125
 10
6.075
 20
5.125
 10
6.075
 20
7.675
 10
3.125
 20
7.675
  0
MTEXT
  5
57
330
30
100
AcDbEntity
 67
1
  8
A-AREA-IDEN
100
AcDbMText
 10
4.6
 20
6.4
 30
0.0
 40
0.24
 71
1
  1
Merdiven + Asansor Cekirdegi\P7.5 m2
  0
LWPOLYLINE
  5
58
330
30
100
AcDbEntity
 67
1
  8
A-AREA-IDEN
100
AcDbPolyline
 90
4
 70
1
 10
6.375
 20
5.125
 10
7.375
 20
5.125
 10
7.375
 20
6.625
 10
6.375
 20
6.625
  0
MTEXT
  5
59
330
30
100
AcDbEntity
 67
1
  8
A-AREA-IDEN
100
AcDbMText
 10
6.875
 20
5.875
 30
0.0
 40
0.24
 71
1
  1
Ters Dubleks 1 Ic Merdiveni\P1.5 m2
  0
LWPOLYLINE
  5
5A
330
30
100
AcDbEntity
 67
1
  8
A-AREA-IDEN
100
AcDbPolyline
 90
4
 70
1
 10
6.175
 20
6.675
 10
10.25
 20
6.675
 10
10.25
 20
16.575
 10
6.175
 20
16.575
  0
MTEXT
  5
5B
330
30
100
AcDbEntity
 67
1
  8
A-AREA-IDEN
100
AcDbMText
 10
8.2125
 20
11.625
 30
0.0
 40
0.24
 71
1
  1
Yatak Odasi 2\P40.3 m2
  0
LWPOLYLINE
  5
5C
330
30
100
AcDbEntity
 67
1
  8
A-AREA-IDEN
100
AcDbPolyline
 90
4
 70
1
 10
10.350000000000001
 20
6.675
 10
12.125
 20
6.675
 10
12.125
 20
16.575
 10
10.350000000000001
 20
16.575
  0
MTEXT
  5
5D
330
30
100
AcDbEntity
 67
1
  8
A-AREA-IDEN
100
AcDbMText
 10
11.2375
 20
11.625
 30
0.0
 40
0.24
 71
1
  1
Banyo WC\P17.6 m2
  0
LWPOLYLINE
  5
5E
330
30
100
AcDbEntity
 67
1
  8
A-AREA-IDEN
100
AcDbPolyline
 90
4
 70
1
 10
12.225000000000001
 20
6.675
 10
15.175
 20
6.675
 10
15.175
 20
16.575
 10
12.225000000000001
 20
16.575
  0
MTEXT
  5
5F
330
30
100
AcDbEntity
 67
1
  8
A-AREA-IDEN
100
AcDbMText
 10
13.700000000000001
 20
11.625
 30
0.0
 40
0.24
 71
1
  1
Calisma Odasi\P29.2 m2
  0
LWPOLYLINE
  5
60
330
30
100
AcDbEntity
 67
1
  8
A-AREA-IDEN
100
AcDbPolyline
 90
4
 70
1
 10
15.225000000000001
 20
5.125
 10
32.675000000000004
 20
5.125
 10
32.675000000000004
 20
16.575
 10
15.225000000000001
 20
16.575
  0
MTEXT
  5
61
330
30
100
AcDbEntity
 67
1
  8
A-AREA-IDEN
100
AcDbMText
 10
23.950000000000003
 20
10.85
 30
0.0
 40
0.24
 71
1
  1
Kapali Otopark\P199.8 m2
  0
DIMENSION
  5
62
330
30
100
AcDbEntity
 67
1
  8
A-ANNO-DIMS
100
AcDbDimension
280
0
  3
Standard
 10
0.0
 20
-1.0
 30
0.0
 11
18.01
 21
-1.0
 31
0.0
 70
32
 71
5
  1
<>
100
AcDbAlignedDimension
 13
0.0
 23
0.0
 33
0.0
 14
36.02
 24
0.0
 34
0.0
 50
0.0
100
AcDbRotatedDimension
  0
DIMENSION
  5
67
330
30
100
AcDbEntity
 67
1
  8
A-ANNO-DIMS
100
AcDbDimension
280
0
  3
Standard
 10
-1.0
 20
0.0
 30
0.0
 11
-1.0
 21
9.9
 31
0.0
 70
32
 71
5
  1
<>
100
AcDbAlignedDimension
 13
0.0
 23
0.0
 33
0.0
 14
0.0
 24
19.8
 34
0.0
 50
90.0
100
AcDbRotatedDimension
  0
DIMENSION
  5
68
330
30
100
AcDbEntity
 67
1
  8
A-ANNO-DIMS
100
AcDbDimension
280
0
  3
Standard
 10
3.0
 20
17.3
 30
0.0
 11
18.01
 21
17.3
 31
0.0
 70
32
 71
5
  1
<>
100
AcDbAlignedDimension
 13
3.0
 23
16.7
 33
0.0
 14
33.02
 24
16.7
 34
0.0
 50
0.0
100
AcDbRotatedDimension
  0
DIMENSION
  5
69
330
30
100
AcDbEntity
 67
1
  8
A-ANNO-DIMS
100
AcDbDimension
280
0
  3
Standard
 10
33.620000000000005
 20
5.0
 30
0.0
 11
33.620000000000005
 21
10.85
 31
0.0
 70
32
 71
5
  1
<>
100
AcDbAlignedDimension
 13
33.02
 23
5.0
 33
0.0
 14
33.02
 24
16.7
 34
0.0
 50
90.0
100
AcDbRotatedDimension
  0
DIMENSION
  5
6A
330
30
100
AcDbEntity
 67
1
  8
A-ANNO-DIMS
100
AcDbDimension
280
0
  3
Standard
 10
37.220000000000006
 20
0.0
 30
0.0
 11
37.220000000000006
 21
2.5
 31
0.0
 70
32
 71
5
  1
<>
100
AcDbAlignedDimension
 13
3.0
 23
0.0
 33
0.0
 14
3.0
 24
5.0
 34
0.0
 50
90.0
100
AcDbRotatedDimension
  0
DIMENSION
  5
6B
330
30
100
AcDbEntity
 67
1
  8
A-ANNO-DIMS
100
AcDbDimension
280
0
  3
Standard
 10
37.220000000000006
 20
16.7
 30
0.0
 11
36.095000000000006
 21
18.25
 31
0.0
 70
32
 71
5
  1
<>
100
AcDbAlignedDimension
 13
3.0
 23
16.7
 33
0.0
 14
3.0
 24
19.8
 34
0.0
 50
90.0
100
AcDbRotatedDimension
  0
DIMENSION
  5
6C
330
30
100
AcDbEntity
 67
1
  8
A-ANNO-DIMS
100
AcDbDimension
280
0
  3
Standard
 10
0.0
 20
21.0
 30
0.0
 11
1.5
 21
21.0
 31
0.0
 70
32
 71
5
  1
<>
100
AcDbAlignedDimension
 13
0.0
 23
5.0
 33
0.0
 14
3.0
 24
5.0
 34
0.0
 50
0.0
100
AcDbRotatedDimension
  0
DIMENSION
  5
6D
330
30
100
AcDbEntity
 67
1
  8
A-ANNO-DIMS
100
AcDbDimension
280
0
  3
Standard
 10
33.02
 20
21.0
 30
0.0
 11
34.52
 21
21.0
 31
0.0
 70
32
 71
5
  1
<>
100
AcDbAlignedDimension
 13
33.02
 23
5.0
 33
0.0
 14
36.02
 24
5.0
 34
0.0
 50
0.0
100
AcDbRotatedDimension
  0
POINT
  5
6E
330
30
100
AcDbEntity
 67
1
  8
Z-DATA-NOPLOT
100
AcDbPoint
 10
0.0
 20
0.0
 30
0.0
  0
MTEXT
  5
6F
330
30
100
AcDbEntity
 67
1
  8
A-ANNO-NOTE
100
AcDbMText
 10
0.0
 20
-2.0
 30
0.0
 40
0.16
 71
1
  3
Kirmizi kot (red grade line) datum: 0.00 m (absolute)\PFinished ground floor: red grade -4.65 m\PThis level (Bodrum Kat): FFE -4.65 m, top +0.15 m above red grade\POverall building height above red grade, ALL levels through roof piyes if any: 17.25 m
  3
 -- NOT directly comparable to a gabari/eave limit on its own (a roof piyes is typically governed by a separate ridge-above-top-slab allowance, not the eave gabari) -- see the compliance report for the applicable per-check comparison, not this raw fi
  3
gure.\PLot source: Visual-proportion estimate off imardurumu.pdf/minuspalityimardurumu.pdf's plotted schema, anchored to the confirmed 713.26 m2 area -- not a surveyed dimension (see rationale.md).\PZoning source: imardurumu.pdf / minuspalityimarduru
  1
mu.pdf (TAKS/KAKS/setbacks/Kat Adedi); rear setback via Planli Alanlar Imar Yonetmeligi Madde 23(1)(c); max_height re-derived from plan notes item 4.2.4 + ground_floor_elevation, see rationale.md.
  0
LWPOLYLINE
  5
70
330
30
100
AcDbEntity
 67
1
  8
A-ANNO-TTLB
100
AcDbPolyline
 90
4
 70
1
 10
38.52
 20
14.4
 10
47.52
 20
14.4
 10
47.52
 20
19.8
 10
38.52
 20
19.8
  0
TEXT
  5
71
330
30
100
AcDbEntity
 67
1
  8
A-ANNO-TTLB
100
AcDbText
 10
38.64
 20
19.341
 30
0.0
 40
0.21600000000000003
  1
PROJECT: Parcel 377/1 -- Ereğli Mah., Karamursel, Kocaeli (maximized footprint, reverse + roof duplex)
 11
38.64
 21
19.341
 31
0.0
100
AcDbText
  0
LINE
  5
72
330
30
100
AcDbEntity
 67
1
  8
A-ANNO-TTLB
100
AcDbLine
 10
38.52
 20
19.125
 30
0.0
 11
47.52
 21
19.125
 31
0.0
  0
TEXT
  5
73
330
30
100
AcDbEntity
 67
1
  8
A-ANNO-TTLB
100
AcDbText
 10
38.64
 20
18.666
 30
0.0
 40
0.21600000000000003
  1
PARCEL: Ada 377 / Parsel 1, Tapu Kutugu Eregli, Pafta G23D04D3D
 11
38.64
 21
18.666
 31
0.0
100
AcDbText
  0
LINE
  5
74
330
30
100
AcDbEntity
 67
1
  8
A-ANNO-TTLB
100
AcDbLine
 10
38.52
 20
18.45
 30
0.0
 11
47.52
 21
18.45
 31
0.0
  0
TEXT
  5
75
330
30
100
AcDbEntity
 67
1
  8
A-ANNO-TTLB
100
AcDbText
 10
38.64
 20
17.991
 30
0.0
 40
0.21600000000000003
  1
DATE: 2026-08-21
 11
38.64
 21
17.991
 31
0.0
100
AcDbText
  0
LINE
  5
76
330
30
100
AcDbEntity
 67
1
  8
A-ANNO-TTLB
100
AcDbLine
 10
38.52
 20
17.775
 30
0.0
 11
47.52
 21
17.775
 31
0.0
  0
TEXT
  5
77
330
30
100
AcDbEntity
 67
1
  8
A-ANNO-TTLB
100
AcDbText
 10
38.64
 20
17.316
 30
0.0
 40
0.21600000000000003
  1
SCALE: 1:100 (schematic)
 11
38.64
 21
17.316
 31
0.0
100
AcDbText
  0
LINE
  5
78
330
30
100
AcDbEntity
 67
1
  8
A-ANNO-TTLB
100
AcDbLine
 10
38.52
 20
17.1
 30
0.0
 11
47.52
 21
17.1
 31
0.0
  0
TEXT
  5
79
330
30
100
AcDbEntity
 67
1
  8
A-ANNO-TTLB
100
AcDbText
 10
38.64
 20
16.641000000000002
 30
0.0
 40
0.21600000000000003
  1
SHEET: A-101 -- Bodrum Kat Plani (Ters Dubleks Alt Kat)
 11
38.64
 21
16.641000000000002
 31
0.0
100
AcDbText
  0
LINE
  5
7A
330
30
100
AcDbEntity
 67
1
  8
A-ANNO-TTLB
100
AcDbLine
 10
38.52
 20
16.425
 30
0.0
 11
47.52
 21
16.425
 31
0.0
  0
TEXT
  5
7B
330
30
100
AcDbEntity
 67
1
  8
A-ANNO-TTLB
100
AcDbText
 10
38.64
 20
15.966
 30
0.0
 40
0.21600000000000003
  1
PREPARED BY: Sirketim -- Architecture department (schematic, AI-assisted)
 11
38.64
 21
15.966
 31
0.0
100
AcDbText
  0
LINE
  5
7C
330
30
100
AcDbEntity
 67
1
  8
A-ANNO-TTLB
100
AcDbLine
 10
38.52
 20
15.75
 30
0.0
 11
47.52
 21
15.75
 31
0.0
  0
MTEXT
  5
7D
330
30
100
AcDbEntity
 67
1
  8
A-ANNO-TTLB
100
AcDbMText
 10
38.64
 20
15.65
 30
0.0
 40
0.162
 41
8.76
 71
1
  3
SCHEMATIC DRAWING -- NOT FOR PERMIT OR CONSTRUCTION. Requires review, revision and stamp by a licensed architect before permitting or construction. Not a substitute for a structural/MEP engineer's calculations. No governmental review or approval impl
  1
ied or granted by this drawing.
  0
ENDSEC
  0
SECTION
  2
OBJECTS
  0
DICTIONARY
  5
A
330
0
100
AcDbDictionary
281
1
  3
ACAD_COLOR
350
B
  3
ACAD_GROUP
350
C
  3
ACAD_LAYOUT
350
D
  3
ACAD_MATERIAL
350
E
  3
ACAD_MLEADERSTYLE
350
F
  3
ACAD_MLINESTYLE
350
10
  3
ACAD_PLOTSETTINGS
350
11
  3
ACAD_PLOTSTYLENAME
350
12
  3
ACAD_SCALELIST
350
14
  3
ACAD_TABLESTYLE
350
15
  3
ACAD_VISUALSTYLE
350
16
  3
EZDXF_META
350
2D
  0
DICTIONARY
  5
B
330
A
100
AcDbDictionary
281
1
  0
DICTIONARY
  5
C
330
A
100
AcDbDictionary
281
1
  0
DICTIONARY
  5
D
330
A
100
AcDbDictionary
281
1
  3
Model
350
1A
  3
A-101
350
33
  3
A-102
350
8D
  3
A-103
350
E4
  3
A-104
350
153
  3
A-105
350
1C2
  3
A-106
350
23D
  3
A-107
350
28A
  3
A-201
350
2CE
  3
A-202
350
32D
  3
A-203
350
39B
  3
A-204
350
431
  3
A-205
350
4C7
  3
A-206
350
55D
  3
A-301
350
5BB
  3
A-302
350
5E9
  3
A-303
350
666
  3
A-304
350
68F
  3
A-401
350
6B8
  3
A-501
350
709
  0
DICTIONARY
  5
E
330
A
100
AcDbDictionary
281
1
  3
ByBlock
350
1F
  3
ByLayer
350
20
  3
Global
350
21
  0
DICTIONARY
  5
F
330
A
100
AcDbDictionary
281
1
  3
Standard
350
2C
  0
DICTIONARY
  5
10
330
A
100
AcDbDictionary
281
1
  3
Standard
350
22
  0
DICTIONARY
  5
11
330
A
100
AcDbDictionary
281
1
  0
ACDBDICTIONARYWDFLT
  5
12
330
A
100
AcDbDictionary
281
1
  3
Normal
350
13
100
AcDbDictionaryWithDefault
340
13
  0
ACDBPLACEHOLDER
  5
13
330
12
  0
DICTIONARY
  5
14
330
A
100
AcDbDictionary
281
1
  0
DICTIONARY
  5
15
330
A
100
AcDbDictionary
281
1
  0
DICTIONARY
  5
16
330
A
100
AcDbDictionary
281
1
  0
LAYOUT
  5
1A
330
D
100
AcDbPlotSettings
  1

  4
A3
  6

 40
7.5
 41
20.0
 42
7.5
 43
20.0
 44
420.0
 45
297.0
 46
0.0
 47
0.0
 48
0.0
 49
0.0
140
0.0
141
0.0
142
1.0
143
1.0
 70
1024
 72
1
 73
0
 74
5
  7

 75
16
 76
0
 77
2
 78
300
147
1.0
148
0.0
149
0.0
100
AcDbLayout
  1
Model
 70
1
 71
0
 10
0.0
 20
0.0
 11
420.0
 21
297.0
 12
0.0
 22
0.0
 32
0.0
 14
1e+20
 24
1e+20
 34
1e+20
 15
-1e+20
 25
-1e+20
 35
-1e+20
146
0.0
 13
0.0
 23
0.0
 33
0.0
 16
1.0
 26
0.0
 36
0.0
 17
0.0
 27
1.0
 37
0.0
 76
1
330
17
  0
MATERIAL
  5
1F
102
{ACAD_REACTORS
330
E
102
}
330
E
100
AcDbMaterial
  1
ByBlock
  2

 70
0
 40
1.0
 71
1
 41
1.0
 91
-1023410177
 42
1.0
 72
1
  3

 73
1
 74
1
 75
1
 44
0.5
 73
0
 45
1.0
 46
1.0
 77
1
  4

 78
1
 79
1
170
1
 48
1.0
171
1
  6

172
1
173
1
174
1
140
1.0
141
1.0
175
1
  7

176
1
177
1
178
1
143
1.0
179
1
  8

270
1
271
1
272
1
145
1.0
146
1.0
273
1
  9

274
1
275
1
276
1
 42
1.0
 72
1
  3

 73
1
 74
1
 75
1
 94
63
  0
MATERIAL
  5
20
102
{ACAD_REACTORS
330
E
102
}
330
E
100
AcDbMaterial
  1
ByLayer
  2

 70
0
 40
1.0
 71
1
 41
1.0
 91
-1023410177
 42
1.0
 72
1
  3

 73
1
 74
1
 75
1
 44
0.5
 73
0
 45
1.0
 46
1.0
 77
1
  4

 78
1
 79
1
170
1
 48
1.0
171
1
  6

172
1
173
1
174
1
140
1.0
141
1.0
175
1
  7

176
1
177
1
178
1
143
1.0
179
1
  8

270
1
271
1
272
1
145
1.0
146
1.0
273
1
  9

274
1
275
1
276
1
 42
1.0
 72
1
  3

 73
1
 74
1
 75
1
 94
63
  0
MATERIAL
  5
21
102
{ACAD_REACTORS
330
E
102
}
330
E
100
AcDbMaterial
  1
Global
  2

 70
0
 40
1.0
 71
1
 41
1.0
 91
-1023410177
 42
1.0
 72
1
  3

 73
1
 74
1
 75
1
 44
0.5
 73
0
 45
1.0
 46
1.0
 77
1
  4

 78
1
 79
1
170
1
 48
1.0
171
1
  6

172
1
173
1
174
1
140
1.0
141
1.0
175
1
  7

176
1
177
1
178
1
143
1.0
179
1
  8

270
1
271
1
272
1
145
1.0
146
1.0
273
1
  9

274
1
275
1
276
1
 42
1.0
 72
1
  3

 73
1
 74
1
 75
1
 94
63
  0
MLINESTYLE
  5
22
102
{ACAD_REACTORS
330
10
102
}
330
10
100
AcDbMlineStyle
  2
Standard
 70
0
  3

 62
256
 51
90.0
 52
90.0
 71
2
 49
0.5
 62
256
  6
BYLAYER
 49
-0.5
 62
256
  6
BYLAYER
  0
MLEADERSTYLE
  5
2C
102
{ACAD_REACTORS
330
F
102
}
330
F
100
AcDbMLeaderStyle
179
2
170
2
171
1
172
0
 90
2
 40
0.0
 41
0.0
173
1
 91
-1056964608
 92
-2
290
1
 42
2.0
291
1
 43
8.0
  3
Standard
 44
4.0
300

342
29
174
1
175
1
176
0
178
1
 93
-1056964608
 45
4.0
292
0
297
0
 46
4.0
 94
-1056964608
 47
1.0
 49
1.0
140
1.0
294
1
141
0.0
177
0
142
1.0
295
0
296
0
143
3.75
271
0
272
9
273
9
  0
DICTIONARY
  5
2D
330
A
100
AcDbDictionary
280
1
281
1
  3
CREATED_BY_EZDXF
350
2E
  3
WRITTEN_BY_EZDXF
350
7FD
  0
DICTIONARYVAR
  5
2E
330
2D
100
DictionaryVariables
280
0
  1
1.4.4 @ 2026-08-21T04:19:32.889084+00:00
  0
LAYOUT
  5
33
330
D
100
AcDbPlotSettings
  1

  4
A3
  6

 40
7.5
 41
20.0
 42
7.5
 43
20.0
 44
420.0
 45
297.0
 46
0.0
 47
0.0
 48
0.0
 49
0.0
140
0.0
141
0.0
142
1.0
143
1.0
 70
0
 72
1
 73
0
 74
5
  7

 75
16
 76
0
 77
2
 78
300
147
1.0
148
0.0
149
0.0
100
AcDbLayout
  1
A-101
 70
1
 71
3
 10
0.0
 20
0.0
 11
420.0
 21
297.0
 12
0.0
 22
0.0
 32
0.0
 14
1e+20
 24
1e+20
 34
1e+20
 15
-1e+20
 25
-1e+20
 35
-1e+20
146
0.0
 13
0.0
 23
0.0
 33
0.0
 16
1.0
 26
0.0
 36
0.0
 17
0.0
 27
1.0
 37
0.0
 76
1
330
30
  0
LAYOUT
  5
8D
330
D
100
AcDbPlotSettings
  1

  4
A3
  6

 40
7.5
 41
20.0
 42
7.5
 43
20.0
 44
420.0
 45
297.0
 46
0.0
 47
0.0
 48
0.0
 49
0.0
140
0.0
141
0.0
142
1.0
143
1.0
 70
0
 72
1
 73
0
 74
5
  7

 75
16
 76
0
 77
2
 78
300
147
1.0
148
0.0
149
0.0
100
AcDbLayout
  1
A-102
 70
1
 71
4
 10
0.0
 20
0.0
 11
420.0
 21
297.0
 12
0.0
 22
0.0
 32
0.0
 14
1e+20
 24
1e+20
 34
1e+20
 15
-1e+20
 25
-1e+20
 35
-1e+20
146
0.0
 13
0.0
 23
0.0
 33
0.0
 16
1.0
 26
0.0
 36
0.0
 17
0.0
 27
1.0
 37
0.0
 76
1
330
8A
  0
LAYOUT
  5
E4
330
D
100
AcDbPlotSettings
  1

  4
A3
  6

 40
7.5
 41
20.0
 42
7.5
 43
20.0
 44
420.0
 45
297.0
 46
0.0
 47
0.0
 48
0.0
 49
0.0
140
0.0
141
0.0
142
1.0
143
1.0
 70
0
 72
1
 73
0
 74
5
  7

 75
16
 76
0
 77
2
 78
300
147
1.0
148
0.0
149
0.0
100
AcDbLayout
  1
A-103
 70
1
 71
5
 10
0.0
 20
0.0
 11
420.0
 21
297.0
 12
0.0
 22
0.0
 32
0.0
 14
1e+20
 24
1e+20
 34
1e+20
 15
-1e+20
 25
-1e+20
 35
-1e+20
146
0.0
 13
0.0
 23
0.0
 33
0.0
 16
1.0
 26
0.0
 36
0.0
 17
0.0
 27
1.0
 37
0.0
 76
1
330
E1
  0
LAYOUT
  5
153
330
D
100
AcDbPlotSettings
  1

  4
A3
  6

 40
7.5
 41
20.0
 42
7.5
 43
20.0
 44
420.0
 45
297.0
 46
0.0
 47
0.0
 48
0.0
 49
0.0
140
0.0
141
0.0
142
1.0
143
1.0
 70
0
 72
1
 73
0
 74
5
  7

 75
16
 76
0
 77
2
 78
300
147
1.0
148
0.0
149
0.0
100
AcDbLayout
  1
A-104
 70
1
 71
6
 10
0.0
 20
0.0
 11
420.0
 21
297.0
 12
0.0
 22
0.0
 32
0.0
 14
1e+20
 24
1e+20
 34
1e+20
 15
-1e+20
 25
-1e+20
 35
-1e+20
146
0.0
 13
0.0
 23
0.0
 33
0.0
 16
1.0
 26
0.0
 36
0.0
 17
0.0
 27
1.0
 37
0.0
 76
1
330
150
  0
LAYOUT
  5
1C2
330
D
100
AcDbPlotSettings
  1

  4
A3
  6

 40
7.5
 41
20.0
 42
7.5
 43
20.0
 44
420.0
 45
297.0
 46
0.0
 47
0.0
 48
0.0
 49
0.0
140
0.0
141
0.0
142
1.0
143
1.0
 70
0
 72
1
 73
0
 74
5
  7

 75
16
 76
0
 77
2
 78
300
147
1.0
148
0.0
149
0.0
100
AcDbLayout
  1
A-105
 70
1
 71
7
 10
0.0
 20
0.0
 11
420.0
 21
297.0
 12
0.0
 22
0.0
 32
0.0
 14
1e+20
 24
1e+20
 34
1e+20
 15
-1e+20
 25
-1e+20
 35
-1e+20
146
0.0
 13
0.0
 23
0.0
 33
0.0
 16
1.0
 26
0.0
 36
0.0
 17
0.0
 27
1.0
 37
0.0
 76
1
330
1BF
  0
LAYOUT
  5
23D
330
D
100
AcDbPlotSettings
  1

  4
A3
  6

 40
7.5
 41
20.0
 42
7.5
 43
20.0
 44
420.0
 45
297.0
 46
0.0
 47
0.0
 48
0.0
 49
0.0
140
0.0
141
0.0
142
1.0
143
1.0
 70
0
 72
1
 73
0
 74
5
  7

 75
16
 76
0
 77
2
 78
300
147
1.0
148
0.0
149
0.0
100
AcDbLayout
  1
A-106
 70
1
 71
8
 10
0.0
 20
0.0
 11
420.0
 21
297.0
 12
0.0
 22
0.0
 32
0.0
 14
1e+20
 24
1e+20
 34
1e+20
 15
-1e+20
 25
-1e+20
 35
-1e+20
146
0.0
 13
0.0
 23
0.0
 33
0.0
 16
1.0
 26
0.0
 36
0.0
 17
0.0
 27
1.0
 37
0.0
 76
1
330
23A
  0
LAYOUT
  5
28A
330
D
100
AcDbPlotSettings
  1

  4
A3
  6

 40
7.5
 41
20.0
 42
7.5
 43
20.0
 44
420.0
 45
297.0
 46
0.0
 47
0.0
 48
0.0
 49
0.0
140
0.0
141
0.0
142
1.0
143
1.0
 70
0
 72
1
 73
0
 74
5
  7

 75
16
 76
0
 77
2
 78
300
147
1.0
148
0.0
149
0.0
100
AcDbLayout
  1
A-107
 70
1
 71
9
 10
0.0
 20
0.0
 11
420.0
 21
297.0
 12
0.0
 22
0.0
 32
0.0
 14
1e+20
 24
1e+20
 34
1e+20
 15
-1e+20
 25
-1e+20
 35
-1e+20
146
0.0
 13
0.0
 23
0.0
 33
0.0
 16
1.0
 26
0.0
 36
0.0
 17
0.0
 27
1.0
 37
0.0
 76
1
330
287
  0
LAYOUT
  5
2CE
330
D
100
AcDbPlotSettings
  1

  4
A3
  6

 40
7.5
 41
20.0
 42
7.5
 43
20.0
 44
420.0
 45
297.0
 46
0.0
 47
0.0
 48
0.0
 49
0.0
140
0.0
141
0.0
142
1.0
143
1.0
 70
0
 72
1
 73
0
 74
5
  7

 75
16
 76
0
 77
2
 78
300
147
1.0
148
0.0
149
0.0
100
AcDbLayout
  1
A-201
 70
1
 71
10
 10
0.0
 20
0.0
 11
420.0
 21
297.0
 12
0.0
 22
0.0
 32
0.0
 14
1e+20
 24
1e+20
 34
1e+20
 15
-1e+20
 25
-1e+20
 35
-1e+20
146
0.0
 13
0.0
 23
0.0
 33
0.0
 16
1.0
 26
0.0
 36
0.0
 17
0.0
 27
1.0
 37
0.0
 76
1
330
2CB
  0
LAYOUT
  5
32D
330
D
100
AcDbPlotSettings
  1

  4
A3
  6

 40
7.5
 41
20.0
 42
7.5
 43
20.0
 44
420.0
 45
297.0
 46
0.0
 47
0.0
 48
0.0
 49
0.0
140
0.0
141
0.0
142
1.0
143
1.0
 70
0
 72
1
 73
0
 74
5
  7

 75
16
 76
0
 77
2
 78
300
147
1.0
148
0.0
149
0.0
100
AcDbLayout
  1
A-202
 70
1
 71
11
 10
0.0
 20
0.0
 11
420.0
 21
297.0
 12
0.0
 22
0.0
 32
0.0
 14
1e+20
 24
1e+20
 34
1e+20
 15
-1e+20
 25
-1e+20
 35
-1e+20
146
0.0
 13
0.0
 23
0.0
 33
0.0
 16
1.0
 26
0.0
 36
0.0
 17
0.0
 27
1.0
 37
0.0
 76
1
330
32A
  0
LAYOUT
  5
39B
330
D
100
AcDbPlotSettings
  1

  4
A3
  6

 40
7.5
 41
20.0
 42
7.5
 43
20.0
 44
420.0
 45
297.0
 46
0.0
 47
0.0
 48
0.0
 49
0.0
140
0.0
141
0.0
142
1.0
143
1.0
 70
0
 72
1
 73
0
 74
5
  7

 75
16
 76
0
 77
2
 78
300
147
1.0
148
0.0
149
0.0
100
AcDbLayout
  1
A-203
 70
1
 71
12
 10
0.0
 20
0.0
 11
420.0
 21
297.0
 12
0.0
 22
0.0
 32
0.0
 14
1e+20
 24
1e+20
 34
1e+20
 15
-1e+20
 25
-1e+20
 35
-1e+20
146
0.0
 13
0.0
 23
0.0
 33
0.0
 16
1.0
 26
0.0
 36
0.0
 17
0.0
 27
1.0
 37
0.0
 76
1
330
398
  0
LAYOUT
  5
431
330
D
100
AcDbPlotSettings
  1

  4
A3
  6

 40
7.5
 41
20.0
 42
7.5
 43
20.0
 44
420.0
 45
297.0
 46
0.0
 47
0.0
 48
0.0
 49
0.0
140
0.0
141
0.0
142
1.0
143
1.0
 70
0
 72
1
 73
0
 74
5
  7

 75
16
 76
0
 77
2
 78
300
147
1.0
148
0.0
149
0.0
100
AcDbLayout
  1
A-204
 70
1
 71
13
 10
0.0
 20
0.0
 11
420.0
 21
297.0
 12
0.0
 22
0.0
 32
0.0
 14
1e+20
 24
1e+20
 34
1e+20
 15
-1e+20
 25
-1e+20
 35
-1e+20
146
0.0
 13
0.0
 23
0.0
 33
0.0
 16
1.0
 26
0.0
 36
0.0
 17
0.0
 27
1.0
 37
0.0
 76
1
330
42E
  0
LAYOUT
  5
4C7
330
D
100
AcDbPlotSettings
  1

  4
A3
  6

 40
7.5
 41
20.0
 42
7.5
 43
20.0
 44
420.0
 45
297.0
 46
0.0
 47
0.0
 48
0.0
 49
0.0
140
0.0
141
0.0
142
1.0
143
1.0
 70
0
 72
1
 73
0
 74
5
  7

 75
16
 76
0
 77
2
 78
300
147
1.0
148
0.0
149
0.0
100
AcDbLayout
  1
A-205
 70
1
 71
14
 10
0.0
 20
0.0
 11
420.0
 21
297.0
 12
0.0
 22
0.0
 32
0.0
 14
1e+20
 24
1e+20
 34
1e+20
 15
-1e+20
 25
-1e+20
 35
-1e+20
146
0.0
 13
0.0
 23
0.0
 33
0.0
 16
1.0
 26
0.0
 36
0.0
 17
0.0
 27
1.0
 37
0.0
 76
1
330
4C4
  0
LAYOUT
  5
55D
330
D
100
AcDbPlotSettings
  1

  4
A3
  6

 40
7.5
 41
20.0
 42
7.5
 43
20.0
 44
420.0
 45
297.0
 46
0.0
 47
0.0
 48
0.0
 49
0.0
140
0.0
141
0.0
142
1.0
143
1.0
 70
0
 72
1
 73
0
 74
5
  7

 75
16
 76
0
 77
2
 78
300
147
1.0
148
0.0
149
0.0
100
AcDbLayout
  1
A-206
 70
1
 71
15
 10
0.0
 20
0.0
 11
420.0
 21
297.0
 12
0.0
 22
0.0
 32
0.0
 14
1e+20
 24
1e+20
 34
1e+20
 15
-1e+20
 25
-1e+20
 35
-1e+20
146
0.0
 13
0.0
 23
0.0
 33
0.0
 16
1.0
 26
0.0
 36
0.0
 17
0.0
 27
1.0
 37
0.0
 76
1
330
55A
  0
LAYOUT
  5
5BB
330
D
100
AcDbPlotSettings
  1

  4
A3
  6

 40
7.5
 41
20.0
 42
7.5
 43
20.0
 44
420.0
 45
297.0
 46
0.0
 47
0.0
 48
0.0
 49
0.0
140
0.0
141
0.0
142
1.0
143
1.0
 70
0
 72
1
 73
0
 74
5
  7

 75
16
 76
0
 77
2
 78
300
147
1.0
148
0.0
149
0.0
100
AcDbLayout
  1
A-301
 70
1
 71
16
 10
0.0
 20
0.0
 11
420.0
 21
297.0
 12
0.0
 22
0.0
 32
0.0
 14
1e+20
 24
1e+20
 34
1e+20
 15
-1e+20
 25
-1e+20
 35
-1e+20
146
0.0
 13
0.0
 23
0.0
 33
0.0
 16
1.0
 26
0.0
 36
0.0
 17
0.0
 27
1.0
 37
0.0
 76
1
330
5B8
  0
LAYOUT
  5
5E9
330
D
100
AcDbPlotSettings
  1

  4
A3
  6

 40
7.5
 41
20.0
 42
7.5
 43
20.0
 44
420.0
 45
297.0
 46
0.0
 47
0.0
 48
0.0
 49
0.0
140
0.0
141
0.0
142
1.0
143
1.0
 70
0
 72
1
 73
0
 74
5
  7

 75
16
 76
0
 77
2
 78
300
147
1.0
148
0.0
149
0.0
100
AcDbLayout
  1
A-302
 70
1
 71
17
 10
0.0
 20
0.0
 11
420.0
 21
297.0
 12
0.0
 22
0.0
 32
0.0
 14
1e+20
 24
1e+20
 34
1e+20
 15
-1e+20
 25
-1e+20
 35
-1e+20
146
0.0
 13
0.0
 23
0.0
 33
0.0
 16
1.0
 26
0.0
 36
0.0
 17
0.0
 27
1.0
 37
0.0
 76
1
330
5E6
  0
LAYOUT
  5
666
330
D
100
AcDbPlotSettings
  1

  4
A3
  6

 40
7.5
 41
20.0
 42
7.5
 43
20.0
 44
420.0
 45
297.0
 46
0.0
 47
0.0
 48
0.0
 49
0.0
140
0.0
141
0.0
142
1.0
143
1.0
 70
0
 72
1
 73
0
 74
5
  7

 75
16
 76
0
 77
2
 78
300
147
1.0
148
0.0
149
0.0
100
AcDbLayout
  1
A-303
 70
1
 71
18
 10
0.0
 20
0.0
 11
420.0
 21
297.0
 12
0.0
 22
0.0
 32
0.0
 14
1e+20
 24
1e+20
 34
1e+20
 15
-1e+20
 25
-1e+20
 35
-1e+20
146
0.0
 13
0.0
 23
0.0
 33
0.0
 16
1.0
 26
0.0
 36
0.0
 17
0.0
 27
1.0
 37
0.0
 76
1
330
663
  0
LAYOUT
  5
68F
330
D
100
AcDbPlotSettings
  1

  4
A3
  6

 40
7.5
 41
20.0
 42
7.5
 43
20.0
 44
420.0
 45
297.0
 46
0.0
 47
0.0
 48
0.0
 49
0.0
140
0.0
141
0.0
142
1.0
143
1.0
 70
0
 72
1
 73
0
 74
5
  7

 75
16
 76
0
 77
2
 78
300
147
1.0
148
0.0
149
0.0
100
AcDbLayout
  1
A-304
 70
1
 71
19
 10
0.0
 20
0.0
 11
420.0
 21
297.0
 12
0.0
 22
0.0
 32
0.0
 14
1e+20
 24
1e+20
 34
1e+20
 15
-1e+20
 25
-1e+20
 35
-1e+20
146
0.0
 13
0.0
 23
0.0
 33
0.0
 16
1.0
 26
0.0
 36
0.0
 17
0.0
 27
1.0
 37
0.0
 76
1
330
68C
  0
LAYOUT
  5
6B8
330
D
100
AcDbPlotSettings
  1

  4
A3
  6

 40
7.5
 41
20.0
 42
7.5
 43
20.0
 44
420.0
 45
297.0
 46
0.0
 47
0.0
 48
0.0
 49
0.0
140
0.0
141
0.0
142
1.0
143
1.0
 70
0
 72
1
 73
0
 74
5
  7

 75
16
 76
0
 77
2
 78
300
147
1.0
148
0.0
149
0.0
100
AcDbLayout
  1
A-401
 70
1
 71
20
 10
0.0
 20
0.0
 11
420.0
 21
297.0
 12
0.0
 22
0.0
 32
0.0
 14
1e+20
 24
1e+20
 34
1e+20
 15
-1e+20
 25
-1e+20
 35
-1e+20
146
0.0
 13
0.0
 23
0.0
 33
0.0
 16
1.0
 26
0.0
 36
0.0
 17
0.0
 27
1.0
 37
0.0
 76
1
330
6B5
  0
LAYOUT
  5
709
330
D
100
AcDbPlotSettings
  1

  4
A3
  6

 40
7.5
 41
20.0
 42
7.5
 43
20.0
 44
420.0
 45
297.0
 46
0.0
 47
0.0
 48
0.0
 49
0.0
140
0.0
141
0.0
142
1.0
143
1.0
 70
0
 72
1
 73
0
 74
5
  7

 75
16
 76
0
 77
2
 78
300
147
1.0
148
0.0
149
0.0
100
AcDbLayout
  1
A-501
 70
1
 71
21
 10
0.0
 20
0.0
 11
420.0
 21
297.0
 12
0.0
 22
0.0
 32
0.0
 14
1e+20
 24
1e+20
 34
1e+20
 15
-1e+20
 25
-1e+20
 35
-1e+20
146
0.0
 13
0.0
 23
0.0
 33
0.0
 16
1.0
 26
0.0
 36
0.0
 17
0.0
 27
1.0
 37
0.0
 76
1
330
706
  0
DICTIONARYVAR
  5
7FD
330
2D
100
DictionaryVariables
280
0
  1
1.4.4 @ 2026-08-21T04:19:33.292395+00:00
  0
ENDSEC
  0
EOF
